{
"type": "FeatureCollection",
"name": "SELECT",
"crs": { "type": "name", "properties": { "name": "urn:ogc:def:crs:OGC:1.3:CRS84" } },
"features": [
{ "type": "Feature", "properties": { }, "geometry": { "type": "Polygon", "coordinates": [ [ [ 90.973208515717758, 25.174655215487004 ], [ 90.971843951444967, 25.174390266934861 ], [ 90.969583631188328, 25.173579607486111 ], [ 90.96304817998552, 25.171235427314453 ], [ 90.952440876703932, 25.169846542250149 ], [ 90.95040055835193, 25.170045152586233 ], [ 90.949256488260559, 25.170040944395542 ], [ 90.949253515735307, 25.17003957608312 ], [ 90.949210256464482, 25.170039415105183 ], [ 90.947611878689543, 25.169304715295649 ], [ 90.944643985127996, 25.167836122747381 ], [ 90.934818825201347, 25.164883965857253 ], [ 90.929563227140008, 25.163406323514693 ], [ 90.926593257571852, 25.162457896014434 ], [ 90.924004410839373, 25.162242904559545 ], [ 90.921373239982287, 25.163271755642118 ], [ 90.919428512257994, 25.163264103887304 ], [ 90.914393987791485, 25.163452535629602 ], [ 90.914378056169937, 25.163449893172295 ], [ 90.914347782944844, 25.163451025770158 ], [ 90.909209011684524, 25.162598592889747 ], [ 90.907250813722555, 25.162565965220423 ], [ 90.893217962073052, 25.165865823277645 ], [ 90.889439103608993, 25.166579022562928 ], [ 90.886806321174276, 25.166880431029167 ], [ 90.88440236030371, 25.167182807892797 ], [ 90.884381791578647, 25.167178037793423 ], [ 90.884356159948624, 25.167181261492775 ], [ 90.882527833223946, 25.166757225996847 ], [ 90.879444798999131, 25.165599174238714 ], [ 90.875678611272164, 25.163813546797321 ], [ 90.871686406521391, 25.161506338924372 ], [ 90.867692928857849, 25.160345463875174 ], [ 90.864073960632865, 25.160330040474424 ], [ 90.864067580797709, 25.160328654978279 ], [ 90.864027805193558, 25.160328484230494 ], [ 90.859116048985342, 25.159266631765917 ], [ 90.854127639533914, 25.159141793670145 ], [ 90.845312649517282, 25.160352310859494 ], [ 90.84290365269122, 25.161590911073784 ], [ 90.840266920364243, 25.162620286394475 ], [ 90.837748499753403, 25.162921315998613 ], [ 90.832715066739937, 25.162898769639675 ], [ 90.821389677169677, 25.162847276439575 ], [ 90.812569447279955, 25.16488863197543 ], [ 90.802943937925193, 25.167654454918715 ], [ 90.796485579241761, 25.170164950185786 ], [ 90.796064283746546, 25.170328611619187 ], [ 90.793072372827567, 25.17333338481723 ], [ 90.791100983105636, 25.17790459116955 ], [ 90.789484114408893, 25.180499411625988 ], [ 90.788332136448119, 25.18184727056331 ], [ 90.787565839374764, 25.182450843699485 ], [ 90.785620867308737, 25.183323935812588 ], [ 90.783174358633019, 25.183383942318727 ], [ 90.77928416566759, 25.183365019725656 ], [ 90.779281723148344, 25.1833636678214 ], [ 90.779238020109759, 25.183363456459368 ], [ 90.776957070042599, 25.182103082538735 ], [ 90.773987832601406, 25.181151610481297 ], [ 90.771940752630272, 25.179059476632702 ], [ 90.770468269250841, 25.176553734271334 ], [ 90.768323076182682, 25.171754366820878 ], [ 90.765373493879906, 25.167575604245407 ], [ 90.76316388262272, 25.165984250120967 ], [ 90.76286793175403, 25.16568928041298 ], [ 90.76115821139291, 25.164639718427939 ], [ 90.759103440944656, 25.163900724019864 ], [ 90.757763552494396, 25.163792356789937 ], [ 90.755144986797376, 25.16398633034775 ], [ 90.754259547964551, 25.164288124107173 ], [ 90.753309551703822, 25.164809855940845 ], [ 90.751474775075366, 25.165529313755961 ], [ 90.748382798121924, 25.166034150864437 ], [ 90.745864044236129, 25.16633368173143 ], [ 90.744319681260933, 25.166325850485855 ], [ 90.744315973015446, 25.166324477253458 ], [ 90.744273520431747, 25.166324260170562 ], [ 90.74341744752553, 25.166007577247417 ], [ 90.742177118459935, 25.165176991065923 ], [ 90.742052373907995, 25.164751351760462 ], [ 90.742172562204829, 25.163815034699631 ], [ 90.742524759288372, 25.16235938598961 ], [ 90.742447181678727, 25.161689752641013 ], [ 90.74196243098848, 25.16079495485625 ], [ 90.741942615051627, 25.160365425910957 ], [ 90.741851895987722, 25.160169767572643 ], [ 90.740045455816585, 25.156308671616479 ], [ 90.737425471679742, 25.154525441860738 ], [ 90.735280347781853, 25.154411601295262 ], [ 90.733125455603599, 25.154400437914742 ], [ 90.731176965734889, 25.155014935404484 ], [ 90.726942582370015, 25.155305265254988 ], [ 90.722824543410852, 25.155283661518606 ], [ 90.722818707954772, 25.155282340201474 ], [ 90.722778405039563, 25.155282129603872 ], [ 90.719465972532262, 25.154536036856683 ], [ 90.715623332784688, 25.15441292993992 ], [ 90.71278707205667, 25.1551906261213 ], [ 90.712643802446948, 25.155229924149083 ], [ 90.712558869431817, 25.155241335454843 ], [ 90.70966702634388, 25.155630512056579 ], [ 90.707379233809206, 25.155618286045019 ], [ 90.707375515682244, 25.155616907000287 ], [ 90.70733311609915, 25.155616680954015 ], [ 90.705621311646553, 25.154982890340172 ], [ 90.703911552657885, 25.154036782247278 ], [ 90.701404347513389, 25.153399976468929 ], [ 90.700305359374568, 25.153394043866566 ], [ 90.696984015579673, 25.153376067168981 ], [ 90.691830414930635, 25.15428495472036 ], [ 90.688733681397792, 25.155517277481 ], [ 90.685975884916573, 25.157375974860557 ], [ 90.685783146880794, 25.157483780244792 ], [ 90.68428983516317, 25.159972432335181 ], [ 90.679929736167551, 25.164332278851447 ], [ 90.674548284134943, 25.166350191413422 ], [ 90.672057909825597, 25.168646058577881 ], [ 90.670100408956273, 25.170508895774216 ], [ 90.668256500054625, 25.172476460069532 ], [ 90.666643531842851, 25.174133055057354 ], [ 90.665260015812535, 25.175686765816298 ], [ 90.662826809389571, 25.180149438543445 ], [ 90.660852606144189, 25.184406440023981 ], [ 90.657834074550067, 25.190739483697822 ], [ 90.65656611959453, 25.192085653194802 ], [ 90.655072878843839, 25.192909889602301 ], [ 90.655042287615146, 25.192899753146722 ], [ 90.655026756642187, 25.192908325645604 ], [ 90.65342841300324, 25.192378678853583 ], [ 90.652406524570324, 25.191227709270834 ], [ 90.652418773099228, 25.189458049307394 ], [ 90.652549041391836, 25.187168555505068 ], [ 90.652447587460287, 25.185294142522412 ], [ 90.651551717390362, 25.18247825999957 ], [ 90.648706539984843, 25.180275780229074 ], [ 90.645399465029882, 25.178695193721293 ], [ 90.641400182452969, 25.177943335564237 ], [ 90.639001953732219, 25.177304794532773 ], [ 90.63775370152581, 25.17584010229319 ], [ 90.635365077592056, 25.173848237413203 ], [ 90.631366752619257, 25.172992016277682 ], [ 90.624430090454368, 25.17264062815261 ], [ 90.61173055338385, 25.173501444374978 ], [ 90.608638527023103, 25.173899262561132 ], [ 90.606577731574205, 25.174095052526933 ], [ 90.60268785122247, 25.17407150093571 ], [ 90.602660817322317, 25.174069998524654 ], [ 90.602641808072576, 25.174069884705656 ], [ 90.59841029662168, 25.173835970139098 ], [ 90.592359973401557, 25.173175275322397 ], [ 90.58393221386622, 25.173019720068499 ], [ 90.583914305052716, 25.173018609510518 ], [ 90.583886150055093, 25.173018088377511 ], [ 90.578282631789293, 25.172671003548928 ], [ 90.577820607577394, 25.172552851491115 ], [ 90.564792367062964, 25.171337186279075 ], [ 90.558399474902501, 25.170880946298329 ], [ 90.552486848144056, 25.170739740275053 ], [ 90.545278627963754, 25.170797536698537 ], [ 90.545256049707405, 25.170795740748808 ], [ 90.545232579423967, 25.170795929368257 ], [ 90.523747556604022, 25.169095060419583 ], [ 90.510743171750249, 25.168801142977628 ], [ 90.510739742880801, 25.168800446212536 ], [ 90.510697165431267, 25.168799482774201 ], [ 90.503272945340882, 25.167292296541792 ], [ 90.485363903664592, 25.16092471202424 ], [ 90.479107786294335, 25.156613662003583 ], [ 90.475578230982848, 25.154611410915976 ], [ 90.472180236639687, 25.15386503435143 ], [ 90.46921856121655, 25.154568576417137 ], [ 90.46635625653181, 25.154860958834231 ], [ 90.466326739688213, 25.154857626664125 ], [ 90.466310203500456, 25.154859315516575 ], [ 90.46139593560271, 25.154304443696116 ], [ 90.458320740077085, 25.152721370593177 ], [ 90.455128578511605, 25.151449705725241 ], [ 90.452290299269137, 25.148931295385847 ], [ 90.448709548071307, 25.146001021485908 ], [ 90.446719528188694, 25.144936051804507 ], [ 90.444791739995736, 25.143572562672439 ], [ 90.440942126626624, 25.143751148573301 ], [ 90.428907042829053, 25.146579303375692 ], [ 90.417428681843958, 25.151076240412053 ], [ 90.417217824788892, 25.151184628695969 ], [ 90.409844156492795, 25.15497632764659 ], [ 90.407656912387907, 25.156521589529586 ], [ 90.398360570906064, 25.15988800948476 ], [ 90.387824161768307, 25.161162491532007 ], [ 90.377737588500707, 25.163272398776531 ], [ 90.36603175162783, 25.167242986579115 ], [ 90.350037607320189, 25.177008710798173 ], [ 90.340919620948114, 25.185369337424799 ], [ 90.335798428819601, 25.189331256233373 ], [ 90.333307679014467, 25.191659332369255 ], [ 90.331813284826936, 25.192376202848976 ], [ 90.331769235937003, 25.192373629299823 ], [ 90.331767294677633, 25.192374560849835 ], [ 90.329787268552607, 25.192258791725816 ], [ 90.326627290030473, 25.191397031749201 ], [ 90.314986581015674, 25.188181418675743 ], [ 90.306676418137556, 25.187285293571865 ], [ 90.298435828879889, 25.188673811649242 ], [ 90.294074013203755, 25.189789712175354 ], [ 90.290400857702565, 25.191210703038113 ], [ 90.284069517207016, 25.195010288880276 ], [ 90.281653142517541, 25.196343695850395 ], [ 90.278667662637702, 25.197359999062719 ], [ 90.276031717234858, 25.197754535973203 ], [ 90.275993126508595, 25.197751767457309 ], [ 90.275985767509766, 25.197752868848703 ], [ 90.271068564815977, 25.197399821595585 ], [ 90.265015534073569, 25.196204388062849 ], [ 90.260542998343738, 25.195172383908641 ], [ 90.259784471697614, 25.195120997007713 ], [ 90.257961395625728, 25.19510570562484 ], [ 90.255679864348579, 25.195673997216613 ], [ 90.254877672393121, 25.19612077551448 ], [ 90.253148579862895, 25.1973553000485 ], [ 90.250788069604297, 25.199462970582029 ], [ 90.249298119382487, 25.200421028119941 ], [ 90.249083106720903, 25.200559267107135 ], [ 90.249084805435118, 25.200559535336492 ], [ 90.247682447241715, 25.201461223185895 ], [ 90.244758833437132, 25.2029575041256 ], [ 90.244755115310184, 25.202958494116281 ], [ 90.244754658966031, 25.20295872738993 ], [ 90.239942786434241, 25.204240411489852 ], [ 90.235720607580816, 25.204733501118753 ], [ 90.232667754952956, 25.20464126342134 ], [ 90.230128032591821, 25.204156551681312 ], [ 90.228464094869139, 25.203348628655924 ], [ 90.22702039171476, 25.202344167593722 ], [ 90.226010154431108, 25.201608031252963 ], [ 90.224847879082205, 25.201730011099517 ], [ 90.223534240302868, 25.202379071031888 ], [ 90.220687159367273, 25.203478731475069 ], [ 90.220685260328736, 25.203479050091396 ], [ 90.220683006455729, 25.203479920596692 ], [ 90.218060913074567, 25.203920123199296 ], [ 90.215736543836471, 25.203701587134262 ], [ 90.213992375779156, 25.203620265315852 ], [ 90.211228323430291, 25.203728541047635 ], [ 90.209558320282838, 25.203515578797191 ], [ 90.208395953305754, 25.203769100328106 ], [ 90.207736540479885, 25.20429200993194 ], [ 90.207438748064888, 25.204950733246708 ], [ 90.20742896990302, 25.205876501341763 ], [ 90.20719618946346, 25.207263247744638 ], [ 90.206460065902206, 25.208116532889484 ], [ 90.20492488101425, 25.20889668638036 ], [ 90.203462379714239, 25.209677460692166 ], [ 90.20214527253961, 25.210459495447132 ], [ 90.200467427099724, 25.210973818899948 ], [ 90.200466323968556, 25.210974042405297 ], [ 90.200463273289841, 25.210974977876745 ], [ 90.198279458054373, 25.211418280811852 ], [ 90.195579219328351, 25.212517956309807 ], [ 90.192289039887257, 25.214208333035277 ], [ 90.190459314485651, 25.215316386008503 ], [ 90.188777099640191, 25.216227326980118 ], [ 90.186806862456791, 25.216871161916469 ], [ 90.186806014447171, 25.216871300889405 ], [ 90.186802701460394, 25.216872382602862 ], [ 90.185272981024312, 25.217123284593267 ], [ 90.18440168796225, 25.217247436692183 ], [ 90.183598404553734, 25.217702347351729 ], [ 90.182719478506712, 25.218289706624645 ], [ 90.182717071021756, 25.218289684681835 ], [ 90.182715297747379, 25.218290869595254 ], [ 90.181988191474943, 25.218284397269603 ], [ 90.181119216066307, 25.217946001596403 ], [ 90.179956607442449, 25.2178694972329 ], [ 90.178066899732684, 25.217786492837249 ], [ 90.176029498210411, 25.218230381293694 ], [ 90.17419950600916, 25.219403926507209 ], [ 90.168938430021228, 25.221737395049807 ], [ 90.168935697346114, 25.221737998867173 ], [ 90.168934269923142, 25.22173863112819 ], [ 90.163467146460206, 25.222945784466816 ], [ 90.161716977656766, 25.223392844615237 ], [ 90.160043096482212, 25.223509977847264 ], [ 90.155240443360199, 25.223797002751738 ], [ 90.153058270245054, 25.223843274849923 ], [ 90.151385915308168, 25.2238279870753 ], [ 90.149275004646199, 25.224007116895091 ], [ 90.147670189543945, 25.224455368560452 ], [ 90.14351821043671, 25.225078634787913 ], [ 90.138496506725943, 25.225429254819375 ], [ 90.134206393677459, 25.225389725885062 ], [ 90.131516024741487, 25.225364827086956 ], [ 90.129631366461936, 25.224818298850085 ], [ 90.128660859866642, 25.224691441022642 ], [ 90.125938576483549, 25.223395294796401 ], [ 90.124776653274239, 25.223252237453437 ], [ 90.123395943580888, 25.223437337134328 ], [ 90.121930869505888, 25.224480981869799 ], [ 90.120834201715468, 25.224999800158152 ], [ 90.120833020430879, 25.224999558800207 ], [ 90.120830029040988, 25.225000973629093 ], [ 90.119814245558715, 25.224793152888022 ], [ 90.118872734784176, 25.224453706677608 ], [ 90.117272294477345, 25.224504840648788 ], [ 90.116105179005714, 25.224824605046663 ], [ 90.114430784893116, 25.225205090761612 ], [ 90.111948874510389, 25.226173119972028 ], [ 90.109460040811797, 25.227604602257266 ], [ 90.108065653369906, 25.22871569677039 ], [ 90.106892404201488, 25.22956434091418 ], [ 90.105428269764317, 25.230410230052421 ], [ 90.103528567398683, 25.231185859797375 ], [ 90.101623545209932, 25.232424325675748 ], [ 90.100450969778009, 25.233206791149708 ], [ 90.099566983520987, 25.234190373046889 ], [ 90.09882842103373, 25.235175326755709 ], [ 90.097943646954192, 25.236225020340491 ], [ 90.096625569599055, 25.237006072665231 ], [ 90.094505261660927, 25.237977874115021 ], [ 90.094502547850425, 25.237978404720788 ], [ 90.094501092579691, 25.237979071025137 ], [ 90.093995882758847, 25.238077745781283 ], [ 90.09174962472963, 25.237883119100559 ], [ 90.090939294936021, 25.237812842606751 ], [ 90.089626499674765, 25.238131045197509 ], [ 90.087515562961642, 25.238573010005531 ], [ 90.085027002350856, 25.240003583312756 ], [ 90.083637612236927, 25.240651572881827 ], [ 90.081517902576721, 25.24155705799863 ], [ 90.079614797392807, 25.242596855042844 ], [ 90.079610906789313, 25.242597886150239 ], [ 90.079610619328449, 25.242598042969586 ], [ 90.077203017586015, 25.243236194392161 ], [ 90.075525738983032, 25.243616782556273 ], [ 90.073413724291598, 25.244190477559496 ], [ 90.072097186648875, 25.244838938816489 ], [ 90.070049270346189, 25.245811078204095 ], [ 90.06916649052657, 25.246662216840296 ], [ 90.068135144630361, 25.247776428604887 ], [ 90.066741693233013, 25.248754860820132 ], [ 90.065423278111297, 25.249535618933283 ], [ 90.064467709600891, 25.250386020554622 ], [ 90.063577857345052, 25.251832220031584 ], [ 90.061883277189708, 25.253667358224263 ], [ 90.060707119276429, 25.254713973740902 ], [ 90.059673284148559, 25.256026483403684 ], [ 90.057688434968696, 25.257792607804792 ], [ 90.053444859143553, 25.25986724285983 ], [ 90.050886607233025, 25.260900229527135 ], [ 90.048476929483968, 25.261670115107854 ], [ 90.048476350968926, 25.261670134605648 ], [ 90.048472748724649, 25.261671284975076 ], [ 90.044033552169964, 25.2618259689478 ], [ 90.038436100227258, 25.261506206033769 ], [ 90.03401421510641, 25.261447763759843 ], [ 90.027300510303476, 25.261990739552612 ], [ 90.01987647167276, 25.263583005228313 ], [ 90.012276008411817, 25.265212614010171 ], [ 90.000382107437588, 25.268463871412159 ], [ 89.990731178455206, 25.272399141060617 ], [ 89.985467123653791, 25.275779032435253 ], [ 89.985113682403565, 25.27590964017319 ], [ 89.982206116103242, 25.276974205170852 ], [ 89.979673934200562, 25.278171056524855 ], [ 89.979679069869036, 25.27820543132032 ], [ 89.974732985440582, 25.279582813026398 ], [ 89.973783998886205, 25.279837480456532 ], [ 89.973300027035307, 25.280438708044656 ], [ 89.973044951308722, 25.280755606531741 ], [ 89.972837154813831, 25.28115881194153 ], [ 89.971740564278534, 25.285646713293371 ], [ 89.97184852830091, 25.291492724096223 ], [ 89.970779030056264, 25.293815079526919 ], [ 89.969943507010498, 25.295629220787298 ], [ 89.967034339014049, 25.298680290152678 ], [ 89.965498298929944, 25.299897413029367 ], [ 89.963454590336042, 25.301110100749863 ], [ 89.961251316693208, 25.301398534878164 ], [ 89.958712876227963, 25.301376287875769 ], [ 89.958698754711691, 25.301374813025973 ], [ 89.958667068436668, 25.301374535273414 ], [ 89.955454940915686, 25.301038748216826 ], [ 89.95310827459393, 25.30086567934946 ], [ 89.952669841938047, 25.30086181841029 ], [ 89.952663153082426, 25.300860405277302 ], [ 89.952624025163615, 25.300860060927629 ], [ 89.949905561417125, 25.300285117464167 ], [ 89.946348876984047, 25.299586433186086 ], [ 89.944912300164845, 25.298116505226883 ], [ 89.943348830023538, 25.295190435441057 ], [ 89.942057845857377, 25.293722019274277 ], [ 89.941056246773485, 25.293187751703588 ], [ 89.940509000288912, 25.293244060483243 ], [ 89.940064011728097, 25.293900637490541 ], [ 89.939967817432503, 25.294260368180186 ], [ 89.939834689802353, 25.294757889346378 ], [ 89.939993716760455, 25.299388432329415 ], [ 89.939464997130329, 25.300903747033505 ], [ 89.938946308088632, 25.301625629816687 ], [ 89.938361707857936, 25.301817889256931 ], [ 89.938342465944544, 25.30180732901314 ], [ 89.938315943185771, 25.301816048137805 ], [ 89.937087533865679, 25.301141771914935 ], [ 89.934998788235035, 25.299466460934042 ], [ 89.933698512793896, 25.298725268378117 ], [ 89.932136971335481, 25.298579520544831 ], [ 89.929928844993498, 25.299030040673351 ], [ 89.929372914495062, 25.299143481991663 ], [ 89.928594859372978, 25.299309300766996 ], [ 89.920622449566963, 25.302268428210052 ], [ 89.91280738417457, 25.304966451941741 ], [ 89.909744228768702, 25.306476755229045 ], [ 89.907369826962565, 25.306916647222533 ], [ 89.905168030150008, 25.30705036426831 ], [ 89.905146842485735, 25.307047085804705 ], [ 89.905122247511585, 25.307048579263849 ], [ 89.900907380944574, 25.306396182741899 ], [ 89.898574589102395, 25.306374885199553 ], [ 89.898571884275071, 25.306373448579706 ], [ 89.898528772327921, 25.306373053894994 ], [ 89.897350940853286, 25.305747004358409 ], [ 89.896860315181087, 25.304204375981904 ], [ 89.896714999209138, 25.302049661321412 ], [ 89.896727862185685, 25.300891636324913 ], [ 89.896500068294245, 25.299846538201891 ], [ 89.895562626887937, 25.299440929222563 ], [ 89.894441138646215, 25.299428678677145 ], [ 89.894438317936235, 25.299427359737429 ], [ 89.894395347024613, 25.299426891936154 ], [ 89.893382857664506, 25.298952987189779 ], [ 89.891309586412945, 25.296153112597509 ], [ 89.889159283727452, 25.293682998256344 ], [ 89.888146859944371, 25.293209061309451 ], [ 89.88742108138193, 25.293068880144411 ], [ 89.8862666671901, 25.292328875711878 ], [ 89.885128909560237, 25.290332657868863 ], [ 89.883843935123309, 25.288467071234031 ], [ 89.879727941628076, 25.28610754093442 ], [ 89.876951513189553, 25.284905725417143 ], [ 89.874780639084065, 25.285082620838981 ], [ 89.871389547395523, 25.285666277080704 ], [ 89.868499076035064, 25.286869719287051 ], [ 89.865280595628377, 25.287147229402503 ], [ 89.86524439172581, 25.28714453764816 ], [ 89.865234797718571, 25.287145363693476 ], [ 89.862867603095921, 25.286969319257061 ], [ 89.860173251029977, 25.286330087527642 ], [ 89.857167238357675, 25.286301806856532 ], [ 89.854958722146819, 25.28705000943572 ], [ 89.852914152966889, 25.288261076121181 ], [ 89.84271171589225, 25.292470851885835 ], [ 89.839831460173187, 25.292750975837723 ], [ 89.836774793298659, 25.293644591244338 ], [ 89.833885566104826, 25.294693545494603 ], [ 89.832690277669272, 25.295604953645022 ], [ 89.832508556572122, 25.296679848811589 ], [ 89.83418295697291, 25.298234095116644 ], [ 89.837371458801925, 25.300571759522207 ], [ 89.837681205996745, 25.301372087477528 ], [ 89.838686092914585, 25.303968173025808 ], [ 89.839844067129889, 25.306286472544208 ], [ 89.842528746136892, 25.308311603016023 ], [ 89.843350027292104, 25.31047283859796 ], [ 89.842788986278066, 25.315081731997186 ], [ 89.841367422103872, 25.320912966365899 ], [ 89.840326926866453, 25.323056368156429 ], [ 89.837739828255536, 25.327184520268354 ], [ 89.83725343544495, 25.327676129109832 ], [ 89.832655396086778, 25.334644390587414 ], [ 89.831415008630657, 25.338085537294639 ], [ 89.829064406789655, 25.343399205593986 ], [ 89.823100196970984, 25.353016470110756 ], [ 89.821333933950925, 25.354645926099391 ], [ 89.820161630708483, 25.356368296818985 ], [ 89.820402192355075, 25.359656942145296 ], [ 89.821280819263109, 25.361019457724307 ], [ 89.822452484701671, 25.36283623193847 ], [ 89.823985892721993, 25.366046731080175 ], [ 89.824403426971088, 25.367341275180504 ], [ 89.824657676247639, 25.368129608866337 ], [ 89.825277985409201, 25.369507726916545 ], [ 89.825415604615813, 25.371386852013753 ], [ 89.823967467377173, 25.372890054752869 ], [ 89.823821335734976, 25.373104730266228 ], [ 89.822785451549933, 25.375336434823993 ], [ 89.822410602548175, 25.37840900793222 ], [ 89.822379873877267, 25.381023408141075 ], [ 89.825026055582711, 25.386432314818361 ], [ 89.827827514678319, 25.393073239749601 ], [ 89.830303091938305, 25.398634264804755 ], [ 89.83044180978446, 25.401250344982508 ], [ 89.829573399416148, 25.40308764526894 ], [ 89.828708505053882, 25.404617343152104 ], [ 89.828630199808856, 25.405690922524467 ], [ 89.8281189461228, 25.408265725903803 ], [ 89.826567044485714, 25.411898722081986 ], [ 89.826808374191856, 25.415187287377783 ], [ 89.827170453641841, 25.416580935801079 ], [ 89.827222107669002, 25.417285698844985 ], [ 89.827567003245917, 25.418444456828784 ], [ 89.831067569923164, 25.423659081233961 ], [ 89.834809849887179, 25.428622958850667 ], [ 89.835054501563249, 25.429044686348465 ], [ 89.835999893059835, 25.430674231859626 ], [ 89.836157273406016, 25.432814547852924 ], [ 89.836172628309171, 25.433023149966324 ], [ 89.836845364049026, 25.435105752936238 ], [ 89.836707672977255, 25.43676570908589 ], [ 89.836845835664576, 25.438644843082162 ], [ 89.836190662886835, 25.440336127198819 ], [ 89.836328900134305, 25.44221517142439 ], [ 89.83591523043755, 25.443655942231533 ], [ 89.836036171522579, 25.445300095671236 ], [ 89.836484938397504, 25.447868197230751 ], [ 89.837382068803763, 25.449465403194012 ], [ 89.839728357833096, 25.453097982351387 ], [ 89.842333552107121, 25.456714818788935 ], [ 89.844041673467032, 25.458734540719512 ], [ 89.846008469204591, 25.460738520743909 ], [ 89.850355945972154, 25.463305515959043 ], [ 89.852999545919474, 25.46408393842189 ], [ 89.855578614490071, 25.463927114807706 ], [ 89.855581109111654, 25.463931569902414 ], [ 89.855624478875242, 25.463928931558531 ], [ 89.855802557303903, 25.464246828465821 ], [ 89.858016214573126, 25.466030638405563 ], [ 89.860629242156392, 25.467339674699009 ], [ 89.862034701334181, 25.468178500236917 ], [ 89.862731712247964, 25.469102460267475 ], [ 89.86342445616414, 25.470393264163533 ], [ 89.863507619498193, 25.471953446895519 ], [ 89.863597118649949, 25.472963356533683 ], [ 89.864661488412679, 25.474942056640074 ], [ 89.865463821403623, 25.474949627093448 ], [ 89.866997869024416, 25.47419504720839 ], [ 89.86703300752508, 25.474202140852459 ], [ 89.867043749579238, 25.474196856505344 ], [ 89.868582107316783, 25.474507452615313 ], [ 89.876001383079853, 25.482821318007723 ], [ 89.876270804901523, 25.483276984798536 ], [ 89.876223894877398, 25.484095466884909 ], [ 89.876327428408842, 25.484915441145404 ], [ 89.876470056621457, 25.485599322470541 ], [ 89.87665186216023, 25.486147023173114 ], [ 89.876870501320582, 25.486763249365655 ], [ 89.876825544233881, 25.48741120095038 ], [ 89.876595649183017, 25.487784425977779 ], [ 89.876810459723643, 25.488741984281781 ], [ 89.877208571497974, 25.490110617404422 ], [ 89.877191209758507, 25.490173389491467 ], [ 89.877281061049857, 25.490350204158243 ], [ 89.877461312503186, 25.491034346471839 ], [ 89.877380694994642, 25.491511328109063 ], [ 89.877392500654111, 25.491765256215178 ], [ 89.877348231676891, 25.49179731281853 ], [ 89.877349806423609, 25.491831174390633 ], [ 89.877365118207621, 25.492158121324891 ], [ 89.877531769167561, 25.49403660197834 ], [ 89.87760004562071, 25.494651427123291 ], [ 89.877593400782558, 25.495231462540715 ], [ 89.877399540750972, 25.495741569587594 ], [ 89.877058821441793, 25.495943124324821 ], [ 89.876714105527952, 25.496485916150174 ], [ 89.876480361196059, 25.49720029001093 ], [ 89.876587729635474, 25.497679022871278 ], [ 89.87695606135982, 25.498365009417512 ], [ 89.877513571994825, 25.498950304489664 ], [ 89.877653167495041, 25.499907160844295 ], [ 89.877569411272901, 25.500657115047755 ], [ 89.877222334586477, 25.501404613530674 ], [ 89.876955658016271, 25.501709221347312 ], [ 89.876653629146389, 25.501808769047756 ], [ 89.876352300962438, 25.501840048663368 ], [ 89.876022991155679, 25.502185893855064 ], [ 89.875974592623123, 25.502671588543254 ], [ 89.87580455681119, 25.502792620500838 ], [ 89.875730513173906, 25.50289152516039 ], [ 89.875693538516799, 25.503002496665449 ], [ 89.875693532228624, 25.503113534552387 ], [ 89.875680550674431, 25.503361581847823 ], [ 89.875655567628058, 25.503509610547685 ], [ 89.875618561529933, 25.50373252119639 ], [ 89.875569519803619, 25.503929557023842 ], [ 89.875519548321009, 25.504374537194906 ], [ 89.875495475268025, 25.504547571396348 ], [ 89.875445528938215, 25.504646538661923 ], [ 89.875358512729903, 25.50473353071153 ], [ 89.875284473584202, 25.504819536797431 ], [ 89.875126094311412, 25.504968328258883 ], [ 89.875037521322696, 25.505042569063029 ], [ 89.874938479367671, 25.505128582224529 ], [ 89.874789506354219, 25.505227511715852 ], [ 89.874666509025531, 25.505301558585639 ], [ 89.874579484732394, 25.50536347385961 ], [ 89.874328496340326, 25.505593544206477 ], [ 89.87427945012243, 25.505692530068512 ], [ 89.874267445036949, 25.505877457937395 ], [ 89.874267445935288, 25.506013480963517 ], [ 89.874267471088103, 25.506186487669819 ], [ 89.874267463003264, 25.506297525856073 ], [ 89.8742544706693, 25.506520496191168 ], [ 89.874242414379907, 25.506631457046243 ], [ 89.874205459485736, 25.506779501173998 ], [ 89.87415539637496, 25.50695252137043 ], [ 89.874106457056598, 25.507088492101072 ], [ 89.874081486586633, 25.507286492087836 ], [ 89.87401938605106, 25.507373564111521 ], [ 89.873858433104942, 25.507447521285659 ], [ 89.873512454159794, 25.5075214978724 ], [ 89.873376379157179, 25.507546465892503 ], [ 89.873203404955973, 25.507546471567785 ], [ 89.873091421870967, 25.50754651534859 ], [ 89.872794441532974, 25.507583472808449 ], [ 89.87265841324276, 25.507682495135697 ], [ 89.872646394682604, 25.507842525765312 ], [ 89.872745398908364, 25.50794151625956 ], [ 89.873017378233683, 25.508040500996941 ], [ 89.873240385002958, 25.508077463169315 ], [ 89.873462406320385, 25.508114495054901 ], [ 89.87423770541119, 25.50824768764949 ], [ 89.874555548223327, 25.508236702790768 ], [ 89.874753548590036, 25.508236707655275 ], [ 89.874778468754315, 25.508238553734248 ], [ 89.874799375245942, 25.508238551302025 ], [ 89.874934380355057, 25.508248558395504 ], [ 89.875040415694542, 25.508272469046034 ], [ 89.87516543153771, 25.508291462492053 ], [ 89.875802376600006, 25.508425559686504 ], [ 89.876527001725634, 25.508472883112475 ], [ 89.87725055965268, 25.508362729033401 ], [ 89.878423573462484, 25.508053786787212 ], [ 89.879843588042803, 25.507843817295164 ], [ 89.880671592189643, 25.507843835942502 ], [ 89.88070493046645, 25.507845686081286 ], [ 89.880717411659035, 25.507845688513534 ], [ 89.881618456923306, 25.50789572413635 ], [ 89.882677481710047, 25.507986737595736 ], [ 89.885936504882153, 25.508118747445824 ], [ 89.88611251359238, 25.508191764500769 ], [ 89.885964322113239, 25.509060776821563 ], [ 89.885685428455162, 25.510695798348923 ], [ 89.885183353754655, 25.513375661664966 ], [ 89.884948314052153, 25.514622753438264 ], [ 89.884597309032984, 25.515385609680362 ], [ 89.884361300946594, 25.515898706919224 ], [ 89.883964259065735, 25.516456725828402 ], [ 89.883862269738273, 25.516529693224303 ], [ 89.883685205507561, 25.516617660847011 ], [ 89.883495269317152, 25.516705623541117 ], [ 89.883245245715713, 25.516764706048122 ], [ 89.883162151551929, 25.516785397362852 ], [ 89.882893224701959, 25.516852646745793 ], [ 89.88249625378802, 25.516852674309305 ], [ 89.882129219230904, 25.516896635716375 ], [ 89.881968197114546, 25.516969697695753 ], [ 89.880955183138298, 25.517673614265259 ], [ 89.880544173353115, 25.51796261404197 ], [ 89.88041517168503, 25.518179597705334 ], [ 89.880415180668194, 25.51828062340763 ], [ 89.880464651789225, 25.518485262251954 ], [ 89.880640192477202, 25.518741566180754 ], [ 89.880764204003839, 25.518831613195459 ], [ 89.881382134426545, 25.519056568301153 ], [ 89.881596144568249, 25.519112632310776 ], [ 89.882485200916761, 25.51948371107504 ], [ 89.88266512987488, 25.519573684572279 ], [ 89.882822179641082, 25.519641702532809 ], [ 89.88302508930083, 25.519708621992791 ], [ 89.883171128416549, 25.519742670257269 ], [ 89.883306128135757, 25.51977567112311 ], [ 89.883452149285219, 25.519832629778961 ], [ 89.883553154059115, 25.519978651216949 ], [ 89.88355312710965, 25.520090681878763 ], [ 89.883430143255694, 25.520236715973464 ], [ 89.883205108090493, 25.520248612547977 ], [ 89.883192187621745, 25.52024507721854 ], [ 89.883159284129533, 25.520246825832519 ], [ 89.883035284280979, 25.520212823919231 ], [ 89.8828322847897, 25.520111851726281 ], [ 89.882011289298717, 25.519785834525379 ], [ 89.881044291522912, 25.519470814862824 ], [ 89.880819291392015, 25.519425778632908 ], [ 89.880616291002426, 25.519380805618745 ], [ 89.880481291283232, 25.519346802649448 ], [ 89.880201291799054, 25.519273828048686 ], [ 89.880009291280103, 25.519223761498196 ], [ 89.879863290791945, 25.519211790239879 ], [ 89.879769381810448, 25.519202646620013 ], [ 89.879695177374714, 25.519202654726765 ], [ 89.879594171702493, 25.519202577712495 ], [ 89.879459140542224, 25.519202585819272 ], [ 89.879362168305619, 25.519252565636265 ], [ 89.879289182883753, 25.519335618569382 ], [ 89.877718091435568, 25.520509560268938 ], [ 89.877542141115811, 25.520582569787685 ], [ 89.877351073946471, 25.520612500426736 ], [ 89.877190133576789, 25.520612495562727 ], [ 89.877172439460622, 25.520610697503361 ], [ 89.87714423864891, 25.520610696692714 ], [ 89.876997239234157, 25.520595725293894 ], [ 89.876835238852451, 25.520551721465669 ], [ 89.876571240160089, 25.52046371619284 ], [ 89.876263241086832, 25.520316677955503 ], [ 89.875954247578562, 25.520023671836661 ], [ 89.875896249648889, 25.519920703610975 ], [ 89.875793252411682, 25.519788701874187 ], [ 89.875661253963813, 25.519700666857599 ], [ 89.875499255378756, 25.519612663392738 ], [ 89.875294256237666, 25.519539658958731 ], [ 89.875103256441932, 25.519495654743292 ], [ 89.874941255161914, 25.519480652399736 ], [ 89.874765255434809, 25.519465680049244 ], [ 89.874633256088657, 25.51939267714717 ], [ 89.874472260023438, 25.519231611277078 ], [ 89.874119268829162, 25.518820635790572 ], [ 89.874002274043193, 25.518614665570066 ], [ 89.87392827711831, 25.518482632401639 ], [ 89.873796280467062, 25.51832163016487 ], [ 89.873649281950591, 25.518204659169577 ], [ 89.873493357773469, 25.518147484099241 ], [ 89.873416169134387, 25.518147487342009 ], [ 89.873314172620397, 25.518220446413903 ], [ 89.873299129432652, 25.518367423986231 ], [ 89.873299159975389, 25.518704505956613 ], [ 89.873343105559059, 25.518998418391178 ], [ 89.873593099516143, 25.519775427110623 ], [ 89.873960090954085, 25.520318425757779 ], [ 89.874033060206315, 25.52061241611737 ], [ 89.873984088548568, 25.520771477789626 ], [ 89.873836090207206, 25.520860502653711 ], [ 89.873689113250308, 25.520919513398265 ], [ 89.873482096493092, 25.520919512587593 ], [ 89.873475975372742, 25.520917648868984 ], [ 89.873436211446688, 25.520917648058298 ], [ 89.873288210410365, 25.520872612371317 ], [ 89.873140212967328, 25.520769642441998 ], [ 89.872387226231524, 25.520090595137024 ], [ 89.872269230722353, 25.519913593209733 ], [ 89.872151234314856, 25.519706591256703 ], [ 89.872018237838702, 25.519544588668531 ], [ 89.87190023963457, 25.519455618764887 ], [ 89.871731311445387, 25.519372098965771 ], [ 89.871562114659909, 25.519384410691714 ], [ 89.871473105090004, 25.519443394599143 ], [ 89.871369111621121, 25.519517392167838 ], [ 89.871237062867621, 25.519620466937781 ], [ 89.871177083254423, 25.519723367324527 ], [ 89.871118082804884, 25.519826468669784 ], [ 89.87094105989668, 25.520092386718783 ], [ 89.870882061243762, 25.520195398573357 ], [ 89.870779098142521, 25.520343382199112 ], [ 89.870675080419147, 25.5205793798123 ], [ 89.870690010419167, 25.521125414810168 ], [ 89.870760263165948, 25.521336086615264 ], [ 89.870851185249137, 25.521315623070507 ], [ 89.870969187944851, 25.521227594037981 ], [ 89.871235192575199, 25.521123567308024 ], [ 89.871268512885734, 25.521130322566936 ], [ 89.871281056062045, 25.521125418052804 ], [ 89.871429084946143, 25.521155371255084 ], [ 89.87153202918276, 25.521273479166069 ], [ 89.871547087641872, 25.52139142320717 ], [ 89.871547017573263, 25.521539441837866 ], [ 89.871502005689337, 25.521716356247957 ], [ 89.871532030979381, 25.521908404576507 ], [ 89.871739002820831, 25.522409383825266 ], [ 89.871813020406975, 25.522675433962103 ], [ 89.871798013151846, 25.522852448839593 ], [ 89.871738953413498, 25.522970432672025 ], [ 89.871635018335112, 25.523029457781416 ], [ 89.871532041759153, 25.523029422923454 ], [ 89.871520935887304, 25.52302760139143 ], [ 89.871486144136341, 25.52302760139143 ], [ 89.871309144584359, 25.522998597118011 ], [ 89.870600177992429, 25.522717549811986 ], [ 89.870017151610114, 25.522391070320467 ], [ 89.869625155566226, 25.522171530164929 ], [ 89.869137163754417, 25.521773521511495 ], [ 89.868965574755364, 25.521716321389576 ], [ 89.868785021468085, 25.521716363543895 ], [ 89.868666001879475, 25.521775334955954 ], [ 89.868563000150701, 25.521937297242609 ], [ 89.868501864405687, 25.522135062779338 ], [ 89.868441993488645, 25.522328345876641 ], [ 89.868116996493569, 25.523893322912137 ], [ 89.867534265656971, 25.526449954296012 ], [ 89.86746790531032, 25.526741325904457 ], [ 89.867247858489876, 25.527920320690349 ], [ 89.867277811914732, 25.528717253232411 ], [ 89.867321815888914, 25.529027312816009 ], [ 89.867366807111608, 25.529337302696582 ], [ 89.867410774254878, 25.529721326825129 ], [ 89.86743981319475, 25.529957372463535 ], [ 89.867469809738722, 25.530090338169387 ], [ 89.86777726802616, 25.530444190959855 ], [ 89.867853773047344, 25.530532329957033 ], [ 89.868680768386099, 25.531270277620425 ], [ 89.870586713144647, 25.532776351993906 ], [ 89.87127915163363, 25.533231426401006 ], [ 89.871998763261658, 25.533704397467154 ], [ 89.873404756038695, 25.534781401824066 ], [ 89.873615739756204, 25.53494547429985 ], [ 89.873767747278691, 25.535132461335223 ], [ 89.874259678203018, 25.536022427794538 ], [ 89.874447700083564, 25.53622145809544 ], [ 89.874823674674374, 25.536587495765456 ], [ 89.875394662733569, 25.536848462257129 ], [ 89.876559646503054, 25.537419498493602 ], [ 89.878199645021709, 25.538345499502572 ], [ 89.878366627459982, 25.538464518565977 ], [ 89.878580606160668, 25.5387255247424 ], [ 89.878651602712537, 25.538868475541783 ], [ 89.878675624561552, 25.539058500857521 ], [ 89.878675629951431, 25.539390531768813 ], [ 89.87855661754935, 25.540024542653832 ], [ 89.878296818480933, 25.540936527321133 ], [ 89.878057612392141, 25.54135446809428 ], [ 89.877439587646336, 25.541758551502273 ], [ 89.875989514538304, 25.542708446297237 ], [ 89.875252541170809, 25.543540419523232 ], [ 89.874895464438623, 25.54420542253936 ], [ 89.874824489446326, 25.544728425702225 ], [ 89.874824466988457, 25.545108441248054 ], [ 89.874919455744902, 25.545464418622078 ], [ 89.875062448673518, 25.54584442291938 ], [ 89.875157432938423, 25.546058424591671 ], [ 89.875727445427216, 25.546984423720666 ], [ 89.877470326198761, 25.549424498455856 ], [ 89.878730322080884, 25.550754522234325 ], [ 89.879871340595201, 25.551942548497401 ], [ 89.882813761528553, 25.554240556846221 ], [ 89.885529206935672, 25.555980656268421 ], [ 89.885933236811141, 25.55619464794648 ], [ 89.886290251559558, 25.556336647545621 ], [ 89.886607885962547, 25.556358017653825 ], [ 89.886791362367745, 25.55633481598397 ], [ 89.887314369610991, 25.556168827756544 ], [ 89.8875514062684, 25.556026864427714 ], [ 89.887765380477504, 25.555859869221205 ], [ 89.888194109531668, 25.555586097169346 ], [ 89.888502424811932, 25.555503854645849 ], [ 89.889002397454675, 25.555479865071394 ], [ 89.889012110039531, 25.555483417191706 ], [ 89.889048271721279, 25.555481680437481 ], [ 89.889705369588668, 25.55572206059928 ], [ 89.890631308966093, 25.556060700585633 ], [ 89.890869230464048, 25.556155779076512 ], [ 89.891273228898456, 25.556250778880624 ], [ 89.892295269146643, 25.556488802406015 ], [ 89.892842243441677, 25.556725746785755 ], [ 89.894458272213626, 25.557937833414506 ], [ 89.894815269894053, 25.558198790707138 ], [ 89.895053208459984, 25.558388845349949 ], [ 89.895353236781744, 25.558578775698525 ], [ 89.895658248956678, 25.558705850403335 ], [ 89.896188224431569, 25.55879485197039 ], [ 89.896630216212614, 25.559000871506541 ], [ 89.89752416927773, 25.560050846237697 ], [ 89.898273171985196, 25.560987876926937 ], [ 89.898479195205709, 25.561232905797866 ], [ 89.898735192603837, 25.5615278834 ], [ 89.898836563890356, 25.56155509387499 ], [ 89.898944296147462, 25.561555095495777 ], [ 89.899160298752477, 25.561506100914777 ], [ 89.899386303199861, 25.561359074911252 ], [ 89.899671309893407, 25.561192081464188 ], [ 89.899927316274656, 25.560986118371854 ], [ 89.900119324878432, 25.560719623232597 ], [ 89.900231329522995, 25.560564095200544 ], [ 89.900683170432814, 25.55961719939905 ], [ 89.900804363944431, 25.559363109326721 ], [ 89.900862899066652, 25.559236173898437 ], [ 89.901010373690212, 25.559078114660426 ], [ 89.901197374186268, 25.559068118290163 ], [ 89.90120498651001, 25.559071953946557 ], [ 89.901243226893328, 25.559069904427258 ], [ 89.901380216380886, 25.559139015107196 ], [ 89.901989283126682, 25.559599952394496 ], [ 89.90244122015622, 25.559894925103084 ], [ 89.902589214006028, 25.559953984713896 ], [ 89.902748450271588, 25.559971149816988 ], [ 89.903643333991326, 25.5599711692666 ], [ 89.904095367140641, 25.559981210133575 ], [ 89.904105050081085, 25.559982249067474 ], [ 89.904141261170182, 25.559983057847507 ], [ 89.90437640777219, 25.560008240240521 ], [ 89.904626273270154, 25.560035087190858 ], [ 89.904832271337852, 25.560103039252382 ], [ 89.905117263658383, 25.560231024849877 ], [ 89.905480216270817, 25.560555043877134 ], [ 89.905893204146281, 25.56101605756599 ], [ 89.906315214700442, 25.561458047987944 ], [ 89.90652120288668, 25.56165408461829 ], [ 89.906679208460318, 25.561713082582664 ], [ 89.906924232937214, 25.561772116175035 ], [ 89.907195945462888, 25.561789916362333 ], [ 89.907959342774518, 25.561770289558844 ], [ 89.908332346636655, 25.561731297697857 ], [ 89.908548349241656, 25.561652270156106 ], [ 89.908735355127632, 25.561495306512366 ], [ 89.908892361774662, 25.561279310477548 ], [ 89.908961366761531, 25.561073280272534 ], [ 89.909049374709895, 25.560818283214658 ], [ 89.909103377831542, 25.560722283762161 ], [ 89.909303756038796, 25.560643321196874 ], [ 89.90930674832704, 25.56066205674912 ], [ 89.90934962581386, 25.560645163227814 ], [ 89.909381285139403, 25.560843105616719 ], [ 89.909473250166613, 25.561155075688053 ], [ 89.90980823373269, 25.561882153138264 ], [ 89.909838621942143, 25.561934842122717 ], [ 89.909935205208228, 25.562102134377358 ], [ 89.910478252967152, 25.56270218031932 ], [ 89.910675151999328, 25.56293319987175 ], [ 89.91083618848873, 25.563152185655525 ], [ 89.911102230848329, 25.563383131406059 ], [ 89.91135616212128, 25.563533180062016 ], [ 89.911541181832121, 25.563591209511408 ], [ 89.91194518565645, 25.563694183189646 ], [ 89.912280223121442, 25.563787130819001 ], [ 89.912627207281403, 25.563833244395035 ], [ 89.914556217183176, 25.564133198576016 ], [ 89.91579221008088, 25.564214295792382 ], [ 89.917639181339339, 25.564413257402681 ], [ 89.921197244686354, 25.564910361362106 ], [ 89.9231002043432, 25.565047381462822 ], [ 89.923750325894119, 25.56509361853972 ], [ 89.924905353635282, 25.565127645003965 ], [ 89.925321356256816, 25.565138623032112 ], [ 89.925471356942964, 25.56513862627358 ], [ 89.925832359312963, 25.565116383346659 ], [ 89.925975361224715, 25.565106668677323 ], [ 89.926195363129352, 25.565072673001062 ], [ 89.926403364440148, 25.565037646528747 ], [ 89.926853369193495, 25.564956655217589 ], [ 89.927500343945965, 25.564899670183145 ], [ 89.928597380943998, 25.564899693683806 ], [ 89.929175385743861, 25.56487670598456 ], [ 89.92939438692531, 25.564876710036408 ], [ 89.929706388891475, 25.564864749818433 ], [ 89.929745909374077, 25.564866766823901 ], [ 89.929752286514272, 25.564866519661738 ], [ 89.931066856846542, 25.564933669960361 ], [ 89.932282403190115, 25.564922805364837 ], [ 89.934694416558884, 25.564955856195539 ], [ 89.935145418442232, 25.564955865919931 ], [ 89.93518863549221, 25.564957698970499 ], [ 89.935191339421252, 25.564957698970499 ], [ 89.935752314858291, 25.564981436243723 ], [ 89.935999422528312, 25.56499085270816 ], [ 89.935999947144467, 25.564990911864964 ], [ 89.936045265353897, 25.564992641188024 ], [ 89.936357279896484, 25.565027683070458 ], [ 89.936692321853059, 25.565050667499264 ], [ 89.936854298878558, 25.565073725666995 ], [ 89.937154308335707, 25.565119699364725 ], [ 89.937293309151173, 25.565165727339323 ], [ 89.937489339512481, 25.565281686573979 ], [ 89.937651342589135, 25.565419754050652 ], [ 89.937951262214725, 25.565881745760837 ], [ 89.938067256277478, 25.566077752461272 ], [ 89.938356281135299, 25.566516784232014 ], [ 89.939007236322809, 25.567527709592188 ], [ 89.939377216455696, 25.568034735471784 ], [ 89.939608251468698, 25.568196796531478 ], [ 89.93983925683726, 25.568369771897061 ], [ 89.940844210230424, 25.568946729021597 ], [ 89.942276230794519, 25.569547856505846 ], [ 89.944448221505937, 25.57043586086645 ], [ 89.946053197406584, 25.570955864779446 ], [ 89.946589862635435, 25.571098952974769 ], [ 89.946987210841797, 25.571204851953393 ], [ 89.9473332338044, 25.571296958309418 ], [ 89.94759920789204, 25.571320913113638 ], [ 89.947888174359363, 25.571343903627561 ], [ 89.948361184068844, 25.571412951313242 ], [ 89.948627184207638, 25.571435912637838 ], [ 89.948863283023897, 25.571446145400653 ], [ 89.949482332747408, 25.571446158365802 ], [ 89.949970335338989, 25.571445168961077 ], [ 89.94997968590279, 25.57144702054979 ], [ 89.950016250029805, 25.57144694437941 ], [ 89.950132225227904, 25.5714699308175 ], [ 89.950408492212091, 25.571491146695507 ], [ 89.950733338290178, 25.571491153178076 ], [ 89.950745205035076, 25.571492972353155 ], [ 89.950779231421393, 25.571492986128636 ], [ 89.95092924827722, 25.571515960403051 ], [ 89.95113722263855, 25.571549973698044 ], [ 89.951345254492054, 25.571584981248883 ], [ 89.951564252978514, 25.571608039779129 ], [ 89.951691253200138, 25.571619979065595 ], [ 89.951853244598695, 25.571643021382712 ], [ 89.952073417183243, 25.571652107522347 ], [ 89.952407344330567, 25.571629189186254 ], [ 89.952696346730505, 25.571606257880635 ], [ 89.952962350462556, 25.571548200712236 ], [ 89.953077320445871, 25.571537235426462 ], [ 89.953297351994934, 25.571537240288396 ], [ 89.953318613321073, 25.571539041635653 ], [ 89.953343250516056, 25.57153903920468 ], [ 89.953886241681104, 25.571585080918521 ], [ 89.954186276291054, 25.571712025948823 ], [ 89.954452260260169, 25.571862074703873 ], [ 89.95467930495667, 25.571975591633613 ], [ 89.9554922281865, 25.572382116990564 ], [ 89.955723225470223, 25.572508072590225 ], [ 89.955977201658939, 25.572601130064424 ], [ 89.956300216072179, 25.5727050959241 ], [ 89.956693207449419, 25.572786071460904 ], [ 89.956878234346803, 25.5728551410037 ], [ 89.957074217995697, 25.573039089375019 ], [ 89.957340234304141, 25.573282135879836 ], [ 89.95746718961, 25.573432172943509 ], [ 89.957790194141779, 25.573663144247334 ], [ 89.95796421038871, 25.573801170458765 ], [ 89.958569316462416, 25.574343264842621 ], [ 89.958848207425518, 25.574593161423994 ], [ 89.959091156794102, 25.574743084212869 ], [ 89.959241205090947, 25.57484615283078 ], [ 89.95940315516701, 25.574939184989063 ], [ 89.959668161769073, 25.575031112637483 ], [ 89.960050174835246, 25.575089211062863 ], [ 89.960424435440473, 25.575119813607056 ], [ 89.960465200988082, 25.575123187689634 ], [ 89.96071104023693, 25.575145390673843 ], [ 89.961505305458303, 25.575145408500404 ], [ 89.961840308787345, 25.575098415244586 ], [ 89.962210313174751, 25.57500639203251 ], [ 89.962418317180507, 25.574914427901625 ], [ 89.962799321438581, 25.574833436787991 ], [ 89.963180324798358, 25.57477541359647 ], [ 89.963504329155029, 25.574717420357935 ], [ 89.963943364580459, 25.574683429840903 ], [ 89.964543337680624, 25.574602474224282 ], [ 89.965396343738433, 25.5745674610733 ], [ 89.96541226547852, 25.574570482689978 ], [ 89.965442233276434, 25.57456925022046 ], [ 89.9658691980394, 25.574650276355765 ], [ 89.966100202509637, 25.574708291504937 ], [ 89.96630821460019, 25.574754282571693 ], [ 89.966551227749193, 25.574788281171646 ], [ 89.966747207804829, 25.574846290581839 ], [ 89.967293680839916, 25.574960563932823 ], [ 89.967822347469479, 25.574960575277021 ], [ 89.96818035126303, 25.57491355196753 ], [ 89.968429729874089, 25.574841432831619 ], [ 89.968619357942359, 25.574786561713619 ], [ 89.968827361049776, 25.574694534210366 ], [ 89.969127366913639, 25.574533541010009 ], [ 89.96983238630817, 25.573967558042249 ], [ 89.970039359047959, 25.573828595307585 ], [ 89.970270394959257, 25.573725567949673 ], [ 89.970536397792969, 25.573667605804623 ], [ 89.971356402442197, 25.573667623631401 ], [ 89.971367323261106, 25.573669446824947 ], [ 89.971402274912165, 25.573669450066173 ], [ 89.971887319351538, 25.573750398210642 ], [ 89.972637309307515, 25.573942372101797 ], [ 89.973030275531912, 25.574129387428279 ], [ 89.973178294534534, 25.574261446832303 ], [ 89.973216286982847, 25.574355416155878 ], [ 89.973348255786306, 25.574600441176731 ], [ 89.973555335425587, 25.574882472103909 ], [ 89.973687240448655, 25.575071477676186 ], [ 89.973894254510924, 25.575297489229527 ], [ 89.974347221908118, 25.575711438568998 ], [ 89.974554238665334, 25.575862487885903 ], [ 89.974626007768336, 25.575921434284592 ], [ 89.974875223784352, 25.576126488473722 ], [ 89.975044233720197, 25.576239494928444 ], [ 89.975290270598421, 25.576352472106045 ], [ 89.975535254651135, 25.576559511574427 ], [ 89.975629250769217, 25.576729510016985 ], [ 89.975704256502169, 25.57691751845195 ], [ 89.975799200342863, 25.577369521197092 ], [ 89.975949232470057, 25.577803448935828 ], [ 89.9762891693466, 25.57931051696136 ], [ 89.976666136575801, 25.580591483044433 ], [ 89.977085136875473, 25.581773549706334 ], [ 89.977190256831676, 25.582189769659784 ], [ 89.977556045425487, 25.583638557759699 ], [ 89.977858017701521, 25.585051475596035 ], [ 89.978046993592869, 25.586201542189361 ], [ 89.978254038197875, 25.586577472291022 ], [ 89.978781996954979, 25.587293528752301 ], [ 89.979441947871706, 25.587990571752808 ], [ 89.980214934698978, 25.588443504118743 ], [ 89.981180934446499, 25.589129544337496 ], [ 89.981896942033572, 25.589826563678624 ], [ 89.982236918436016, 25.590391600693163 ], [ 89.98240693807827, 25.590674570692528 ], [ 89.983179869209977, 25.59157861072201 ], [ 89.983669932536799, 25.591861600598929 ], [ 89.984274187905925, 25.592025770717065 ], [ 89.985980013171996, 25.59184089469737 ], [ 89.986716022647201, 25.591651910746567 ], [ 89.988224037091058, 25.591444912781011 ], [ 89.990210065758873, 25.59080395684127 ], [ 89.990549070184173, 25.59070996397314 ], [ 89.990813074266399, 25.590615001229565 ], [ 89.991266082986073, 25.590389011309835 ], [ 89.991492088331754, 25.590220016658005 ], [ 89.991869097781773, 25.589974994446333 ], [ 89.992190105358674, 25.589749000887053 ], [ 89.992491111945739, 25.589541008753475 ], [ 89.992868121395759, 25.589278016480062 ], [ 89.993472144101233, 25.588543030864688 ], [ 89.994660175047656, 25.587620090727565 ], [ 89.995074183409258, 25.587394100822348 ], [ 89.995395188291212, 25.58726210776139 ], [ 89.995715194246543, 25.587130082956346 ], [ 89.996168201169596, 25.586979093231356 ], [ 89.997016208102877, 25.586885143540847 ], [ 89.99701649376712, 25.586891970444007 ], [ 89.997062117403757, 25.586886913868867 ], [ 89.99710834650493, 25.587991908601442 ], [ 89.997007701057129, 25.590306087818728 ], [ 89.997007586971094, 25.593324593870879 ], [ 89.997007454020419, 25.599596325087436 ], [ 89.996806189175956, 25.601742812300145 ], [ 89.996604865042698, 25.602614763573349 ], [ 89.996735179149383, 25.603102098552604 ], [ 89.997039785285835, 25.603102105033454 ], [ 89.997360818913833, 25.60307308125747 ], [ 89.997768791495062, 25.602985121196813 ], [ 89.998205765286926, 25.602883099175774 ], [ 89.998497800399264, 25.60281113704642 ], [ 89.999998867272737, 25.602403163692497 ], [ 90.000010337860601, 25.602393425315764 ], [ 90.001816259703816, 25.601945459129343 ], [ 90.002238382547404, 25.601756889722154 ], [ 90.003112309469898, 25.601071832502527 ], [ 90.004147416612213, 25.600328826987546 ], [ 90.004151455437736, 25.600327762479722 ], [ 90.004151581201867, 25.600327671745418 ], [ 90.004359115388695, 25.600273020516763 ], [ 90.004428584804572, 25.600254710000218 ], [ 90.004749586991537, 25.600240716654724 ], [ 90.005605558388112, 25.600356704289069 ], [ 90.006713589866891, 25.60058975830805 ], [ 90.007908587248323, 25.600953751392623 ], [ 90.008287585568382, 25.601099760668561 ], [ 90.008593586788464, 25.601128734695987 ], [ 90.0088845888382, 25.601114773857642 ], [ 90.009249591406146, 25.601070780963287 ], [ 90.00967262693807, 25.601026790483097 ], [ 90.010896602173929, 25.60102681721715 ], [ 90.011479606098376, 25.601055829338002 ], [ 90.012004606703243, 25.6011438718301 ], [ 90.012631352293809, 25.601427446666264 ], [ 90.012748602201327, 25.601480479557861 ], [ 90.013549596702532, 25.601842871569389 ], [ 90.014904588527614, 25.602483898782612 ], [ 90.015298586916302, 25.602643937331361 ], [ 90.015662586964382, 25.602687945849176 ], [ 90.016114592265879, 25.602614924785701 ], [ 90.016517597163585, 25.602529965045871 ], [ 90.016840926885479, 25.602440362485808 ], [ 90.016958220810466, 25.602407837238108 ], [ 90.017563399647656, 25.60224013711828 ], [ 90.017563502953934, 25.602240126586789 ], [ 90.017567610949712, 25.602238985945178 ], [ 90.017960614903387, 25.602194996704871 ], [ 90.018295615537426, 25.602195002375684 ], [ 90.0183686458751, 25.602268005873082 ], [ 90.018412606730166, 25.6025450055992 ], [ 90.018456598127955, 25.602879973769774 ], [ 90.018835573990103, 25.603884981205013 ], [ 90.019316547264594, 25.605021017330721 ], [ 90.019462543261199, 25.605224990399389 ], [ 90.019564543368432, 25.605239024476429 ], [ 90.019753543514312, 25.60523902690673 ], [ 90.019986545837767, 25.605225001740738 ], [ 90.020453549411258, 25.605196042477537 ], [ 90.020905552017837, 25.605181052483555 ], [ 90.021415555249035, 25.60518106382489 ], [ 90.021939558723957, 25.60516707429629 ], [ 90.022435562609758, 25.605152055945336 ], [ 90.022872566944329, 25.605094094441533 ], [ 90.023266571621207, 25.605006103463833 ], [ 90.023557573670985, 25.604963078446069 ], [ 90.023936576482626, 25.604934086715563 ], [ 90.02438861053021, 25.604948128117609 ], [ 90.024938579808406, 25.605054109744653 ], [ 90.026233704309703, 25.605381666631683 ], [ 90.027358578301758, 25.605666189755656 ], [ 90.028320576952964, 25.605928210340885 ], [ 90.028466573847908, 25.606074212732324 ], [ 90.028480570498346, 25.606205181335092 ], [ 90.028393566866455, 25.606307210242463 ], [ 90.028390367965727, 25.606307210242463 ], [ 90.028389343886303, 25.606308410791705 ], [ 90.028030361827419, 25.606308415652229 ], [ 90.02786436933259, 25.606308375957941 ], [ 90.027514372223166, 25.606250376940629 ], [ 90.026975411798759, 25.606162371422236 ], [ 90.026465354668645, 25.606060337530746 ], [ 90.026378040219669, 25.606047462787465 ], [ 90.026071377839557, 25.606002340823355 ], [ 90.025652099960496, 25.606059943017453 ], [ 90.025071515199087, 25.606387108307121 ], [ 90.024780538302153, 25.606634132640028 ], [ 90.024590532043149, 25.606795127203164 ], [ 90.024372527093348, 25.606970121399801 ], [ 90.02436580769502, 25.606973308265186 ], [ 90.024095520795726, 25.607101084970729 ], [ 90.023789515982386, 25.607217109694581 ], [ 90.023788182882498, 25.607217270900726 ], [ 90.023785369359047, 25.607218339397591 ], [ 90.023420290434316, 25.607262318688917 ], [ 90.023100364429041, 25.607262295196566 ], [ 90.022793365180675, 25.607204258568228 ], [ 90.022444363404574, 25.607043248354412 ], [ 90.0219773014406, 25.60694126300962 ], [ 90.021511303081923, 25.606912278239477 ], [ 90.021103291873118, 25.606927232372733 ], [ 90.020711903090358, 25.607028482984862 ], [ 90.020465499699483, 25.607101008012961 ], [ 90.020159462546829, 25.607246000421423 ], [ 90.019824487065591, 25.607435993392169 ], [ 90.019775392338659, 25.607475834718471 ], [ 90.019591481148865, 25.607624988044531 ], [ 90.018920454902982, 25.608455001899408 ], [ 90.018744855824522, 25.608654684642111 ], [ 90.018702415817216, 25.608702966502101 ], [ 90.018483438890314, 25.608964960989788 ], [ 90.018162428618467, 25.609299984079342 ], [ 90.01782741900125, 25.60959194399496 ], [ 90.01734640799755, 25.609926934544912 ], [ 90.016996400108326, 25.610159957758398 ], [ 90.016617393703442, 25.610319947959042 ], [ 90.016613382725694, 25.610321071512246 ], [ 90.016613220130623, 25.610321141177412 ], [ 90.01625281783528, 25.610422122405378 ], [ 90.016020385043703, 25.610508903219245 ], [ 90.015495356591074, 25.611470921862676 ], [ 90.015300658431329, 25.611846635640909 ], [ 90.015066332889461, 25.612298878225648 ], [ 90.014672311144594, 25.613011869400115 ], [ 90.014512305022819, 25.613230864802748 ], [ 90.014453300980037, 25.613361895227868 ], [ 90.014483263388016, 25.613565863784846 ], [ 90.014541290063804, 25.613813896358462 ], [ 90.014599285298544, 25.614017865764097 ], [ 90.014687276178947, 25.614352898181636 ], [ 90.01467226353391, 25.614861895714828 ], [ 90.014555253476559, 25.615226861928882 ], [ 90.014395244659852, 25.615517856397698 ], [ 90.014147235081268, 25.615823850969484 ], [ 90.013710221763532, 25.616245871247685 ], [ 90.013491214293865, 25.616493835887628 ], [ 90.013142205331292, 25.616741858334205 ], [ 90.012821196856066, 25.616974820469732 ], [ 90.012500158736472, 25.617134811267796 ], [ 90.012136184739532, 25.617280804830628 ], [ 90.012133606574679, 25.617281336199053 ], [ 90.012132013861674, 25.617281974489167 ], [ 90.012082688267725, 25.617292149869886 ], [ 90.011708961261775, 25.617369027346182 ], [ 90.011154997175524, 25.617500037843865 ], [ 90.010484953686571, 25.61764599045998 ], [ 90.010094187436266, 25.617747058650046 ], [ 90.009585153487279, 25.617920778058981 ], [ 90.009162145803117, 25.618095799707127 ], [ 90.008871139261799, 25.618285731690722 ], [ 90.008594132065838, 25.618503755953416 ], [ 90.008244122379992, 25.618824747363995 ], [ 90.007690107089758, 25.619261734743791 ], [ 90.007231000605913, 25.619620629552539 ], [ 90.00658606952075, 25.620423678104796 ], [ 90.006499062295589, 25.620700705417057 ], [ 90.00648405593877, 25.620962704382876 ], [ 90.00654204937689, 25.62118167549475 ], [ 90.006834063827952, 25.621880709525659 ], [ 90.006907023198721, 25.622273681197896 ], [ 90.007009013424508, 25.622666680736643 ], [ 90.006994004372743, 25.623016679093233 ], [ 90.006862994071682, 25.623395677453185 ], [ 90.006614983594801, 25.623730670617068 ], [ 90.006323975256805, 25.623977663151997 ], [ 90.006060967406242, 25.624196626307818 ], [ 90.005783961108619, 25.624400682475336 ], [ 90.005521954879583, 25.624589676217973 ], [ 90.005288949861168, 25.624691640022544 ], [ 90.005286542376226, 25.624692002885794 ], [ 90.005284762813645, 25.624692781259835 ], [ 90.004992743870986, 25.624736856985759 ], [ 90.004584734458831, 25.62476583338308 ], [ 90.004308453999926, 25.624774415741083 ], [ 90.004103789032115, 25.624780860608791 ], [ 90.004071511665643, 25.624778611344322 ], [ 90.003476767658753, 25.624736781659259 ], [ 90.002646789014932, 25.624561793228622 ], [ 90.002063726699973, 25.624459794484768 ], [ 90.00140774543847, 25.624372804301665 ], [ 90.001236743937625, 25.624355580399886 ], [ 90.000969719719407, 25.624328807817999 ], [ 90.000415753836535, 25.624313728697622 ], [ 90.000009182627139, 25.624372520004044 ], [ 89.999720923133935, 25.62447352094669 ], [ 89.99971919028377, 25.624473865181418 ], [ 89.999716728001559, 25.624474727793149 ], [ 89.999424771940966, 25.624532683947791 ], [ 89.999308696131507, 25.624517760366196 ], [ 89.999176744396067, 25.624415730806085 ], [ 89.999016735579332, 25.624270726829781 ], [ 89.998841721304132, 25.624095645380237 ], [ 89.998681778962748, 25.623862691459141 ], [ 89.998462812815589, 25.623643678283042 ], [ 89.998142733198392, 25.623454699243155 ], [ 89.997865790681161, 25.62338171111584 ], [ 89.997500725231149, 25.623337669718712 ], [ 89.997209729469589, 25.623337639749771 ], [ 89.996999042196109, 25.623380266126734 ], [ 89.996732932462862, 25.62346948931237 ], [ 89.996729827885233, 25.623470258784689 ], [ 89.996728712177671, 25.623470632991236 ], [ 89.99652253444691, 25.623521747002211 ], [ 89.996364926826928, 25.62362644860637 ], [ 89.99615495101915, 25.623836475215082 ], [ 89.996073821470915, 25.623998692334649 ], [ 89.995996905021343, 25.624344439332546 ], [ 89.995944898854574, 25.624572439388054 ], [ 89.995838892261162, 25.624800467357062 ], [ 89.995768889246023, 25.624940464322041 ], [ 89.995523883633751, 25.625080459503049 ], [ 89.995520845531473, 25.625081008655904 ], [ 89.995519712755893, 25.625081656623859 ], [ 89.995326724090134, 25.625116654988162 ], [ 89.995030977139052, 25.625197586135158 ], [ 89.994892875537147, 25.62525541396559 ], [ 89.994699871600048, 25.625342441573963 ], [ 89.994472868226055, 25.625447404818487 ], [ 89.994261863847314, 25.62553543177377 ], [ 89.994260604409263, 25.62553543177377 ], [ 89.99425765434188, 25.625536661288287 ], [ 89.993679676491439, 25.625536578672705 ], [ 89.993504714318505, 25.625536582722468 ], [ 89.99331167265214, 25.625501577191624 ], [ 89.992698661403935, 25.625291579429181 ], [ 89.99247066808654, 25.625151573156192 ], [ 89.992200952515716, 25.625012872375265 ], [ 89.992032703452921, 25.624941569918686 ], [ 89.991909705225893, 25.624888520707842 ], [ 89.991699726723155, 25.624853528756404 ], [ 89.991387863097557, 25.62494037117656 ], [ 89.991037854310036, 25.625202363274209 ], [ 89.990932852033097, 25.625272359111825 ], [ 89.990791848872846, 25.62534235652836 ], [ 89.990493844455457, 25.625430350352808 ], [ 89.990493654012596, 25.625430349542835 ], [ 89.990489673577571, 25.625431523981316 ], [ 89.990314630556242, 25.625431524791288 ], [ 89.989841644202968, 25.625361516087601 ], [ 89.989543627209159, 25.625343555266458 ], [ 89.989263624131723, 25.625343552836565 ], [ 89.989088870367937, 25.625393369303669 ], [ 89.988899835187752, 25.625447285754717 ], [ 89.987742817678196, 25.625815290174344 ], [ 89.987741405526592, 25.625815563129166 ], [ 89.987738653088556, 25.625816440310395 ], [ 89.987190863123246, 25.625922788970154 ], [ 89.986963807646987, 25.626045241840007 ], [ 89.986858805370019, 25.626139239326776 ], [ 89.986724797390892, 25.626359235257922 ], [ 89.986700921068973, 25.626406672475447 ], [ 89.986581790089261, 25.626643232189579 ], [ 89.986502817396001, 25.626763260144905 ], [ 89.986348781477602, 25.626922256178567 ], [ 89.98626377839382, 25.626996222988332 ], [ 89.985803770899778, 25.627218243824618 ], [ 89.98544376476147, 25.627350237323753 ], [ 89.985441978910671, 25.627350488406563 ], [ 89.985439541781318, 25.627351381775419 ], [ 89.984671568451645, 25.627459374064387 ], [ 89.984431607778006, 25.627459378924044 ], [ 89.983819593659774, 25.627435369756803 ], [ 89.983579583578788, 25.627375384479965 ], [ 89.983447598605693, 25.627327375016275 ], [ 89.983231545695006, 25.627339416463837 ], [ 89.983090217344625, 25.627362885417416 ], [ 89.982839745483858, 25.627482149682592 ], [ 89.982683740458356, 25.627674145865704 ], [ 89.982635737184481, 25.627794175214877 ], [ 89.982623729404082, 25.628045143441668 ], [ 89.982631719020233, 25.628462173454878 ], [ 89.982631713630354, 25.628678141347653 ], [ 89.982655706733254, 25.628929142544099 ], [ 89.982691700430067, 25.62919314262345 ], [ 89.982739692924127, 25.62948117193822 ], [ 89.98281168480932, 25.629781142948499 ], [ 89.982897211610876, 25.629994425169258 ], [ 89.982955676664531, 25.630140146270506 ], [ 89.983063656856601, 25.630944147033965 ], [ 89.983051651771163, 25.631136144130942 ], [ 89.982967646715679, 25.631292141696768 ], [ 89.982823640487425, 25.631471171469872 ], [ 89.98271563963408, 25.63153116845811 ], [ 89.982523634623576, 25.631639163446923 ], [ 89.982355631699136, 25.631735160260401 ], [ 89.982127625805276, 25.631879123344337 ], [ 89.981959621982554, 25.632023120271054 ], [ 89.981803614262091, 25.632275115487374 ], [ 89.981707606816101, 25.632527112601636 ], [ 89.981599596979592, 25.632886141684672 ], [ 89.981515590127501, 25.633138139129279 ], [ 89.981371581204314, 25.633450135305797 ], [ 89.981215576178812, 25.633570130503124 ], [ 89.981107573528803, 25.633666129003871 ], [ 89.980963568198874, 25.633845124441553 ], [ 89.980903563432847, 25.634025060713871 ], [ 89.980879558651807, 25.63419312279877 ], [ 89.980843553276912, 25.634349122040316 ], [ 89.980755548921806, 25.634528118073906 ], [ 89.980599542997979, 25.63470805250709 ], [ 89.980515532552616, 25.635079112460105 ], [ 89.980515528959359, 25.635223081231125 ], [ 89.980527525061632, 25.635391080887995 ], [ 89.980563551097802, 25.635571082051353 ], [ 89.980647513932468, 25.635847113705861 ], [ 89.980707507918723, 25.636074113460367 ], [ 89.980707502528801, 25.636254082008495 ], [ 89.980671496255624, 25.636494111190284 ], [ 89.980623494778413, 25.63659011057964 ], [ 89.980515488535161, 25.636770108315542 ], [ 89.980431486174609, 25.636842106686021 ], [ 89.980335483220216, 25.63692610338023 ], [ 89.980167478499141, 25.63709410064072 ], [ 89.980071473748112, 25.637249066737741 ], [ 89.979999470184836, 25.637357096238969 ], [ 89.979831459175529, 25.63774109136747 ], [ 89.979783452308439, 25.637981059248826 ], [ 89.979723444847465, 25.638245088717735 ], [ 89.979615439502538, 25.638437085413198 ], [ 89.979051416980056, 25.639192039202062 ], [ 89.978500400266242, 25.639672057733932 ], [ 89.977808387578676, 25.640041010394299 ], [ 89.977472379933175, 25.640233034166055 ], [ 89.977280346176599, 25.64030399950045 ], [ 89.977222282669871, 25.640326341015243 ], [ 89.976968372058181, 25.640423991858547 ], [ 89.976848369712656, 25.640472020352387 ], [ 89.976844897724078, 25.640472920101917 ], [ 89.976844206021312, 25.640473197882365 ], [ 89.976520195376423, 25.640557142620573 ], [ 89.976148116779015, 25.640617175535848 ], [ 89.975836143558922, 25.640689191832507 ], [ 89.975575103018841, 25.640760409570049 ], [ 89.975360352665319, 25.640831986839899 ], [ 89.975108348278667, 25.640927951966603 ], [ 89.97510538204159, 25.640928649249567 ], [ 89.975104145061451, 25.640929119773855 ], [ 89.974902810148393, 25.640976488844792 ], [ 89.974652342779208, 25.641059940029461 ], [ 89.97452033894146, 25.641167938547149 ], [ 89.974304332743188, 25.641359995329562 ], [ 89.974136328920423, 25.641479959091306 ], [ 89.973980323894935, 25.641598956583884 ], [ 89.973728319508297, 25.641742919112101 ], [ 89.973380313065533, 25.641898911727836 ], [ 89.97270951678837, 25.64229527070048 ], [ 89.972588296327288, 25.642366861627096 ], [ 89.972444261352948, 25.642450920031152 ], [ 89.972300289260701, 25.642570916709779 ], [ 89.972120315386775, 25.64270291348382 ], [ 89.971940278630782, 25.642905909532324 ], [ 89.971628267681467, 25.643217900428319 ], [ 89.970896215285066, 25.643829884531119 ], [ 89.969840219617453, 25.644656859416251 ], [ 89.969330202911507, 25.645216847111257 ], [ 89.969186166140531, 25.645372844094762 ], [ 89.968910192007172, 25.645528836015398 ], [ 89.96835818175667, 25.645779792879011 ], [ 89.968238179411117, 25.645839790774673 ], [ 89.968234298689083, 25.645840877551951 ], [ 89.968234022906302, 25.645841015221219 ], [ 89.967981090559974, 25.645911795012172 ], [ 89.967938176242185, 25.645923815149825 ], [ 89.967698172449431, 25.645995779655536 ], [ 89.967697584052928, 25.645995852539155 ], [ 89.967693949469279, 25.645996942554277 ], [ 89.967214002070861, 25.646056967064787 ], [ 89.966950000683582, 25.646116968060372 ], [ 89.966665798880499, 25.646187962289101 ], [ 89.965238131552312, 25.647002724267743 ], [ 89.963990099433119, 25.64793869396199 ], [ 89.963846095899811, 25.648070690467897 ], [ 89.963606088513771, 25.648261717410687 ], [ 89.96339008321381, 25.648453710140735 ], [ 89.963294078462766, 25.648561676864048 ], [ 89.963198075508373, 25.648681676306364 ], [ 89.963102070757287, 25.648837672809577 ], [ 89.963054065686848, 25.649017701473944 ], [ 89.963046059901032, 25.649228701334046 ], [ 89.963034055713891, 25.649395668225438 ], [ 89.963022050628453, 25.649563699762115 ], [ 89.962926044979099, 25.649767666418978 ], [ 89.962842041720208, 25.649875696736732 ], [ 89.962734038171945, 25.649983693755225 ], [ 89.96256603434918, 25.650103690147855 ], [ 89.962381249996909, 25.650199810587011 ], [ 89.961966022621453, 25.650415675183257 ], [ 89.961054008927562, 25.650726656078053 ], [ 89.957789956088206, 25.65199758167838 ], [ 89.955238941903929, 25.653201492647355 ], [ 89.953894888864028, 25.653729493375359 ], [ 89.953546881522968, 25.653897454027398 ], [ 89.953198874181922, 25.654089446596231 ], [ 89.953006870968039, 25.654208473622727 ], [ 89.952718863901424, 25.65440046569104 ], [ 89.952442857428693, 25.65458043008833 ], [ 89.952214854229794, 25.65470042428699 ], [ 89.951974848640376, 25.654844449556354 ], [ 89.951686841573789, 25.655012443458141 ], [ 89.951422834796617, 25.655228436195408 ], [ 89.950990821501762, 25.655635364322741 ], [ 89.950714813232381, 25.655899420323976 ], [ 89.950030786567737, 25.656762371940541 ], [ 89.949838780658894, 25.656942366783806 ], [ 89.949622775358918, 25.657122393745176 ], [ 89.949370736836286, 25.657314387601549 ], [ 89.949178763266815, 25.657470382534104 ], [ 89.949118761195734, 25.657560350304884 ], [ 89.948622387204011, 25.658551211571925 ], [ 89.948483566051593, 25.658828271066707 ], [ 89.947650165724866, 25.660851997541727 ], [ 89.9471166275315, 25.66216732817864 ], [ 89.947170203055066, 25.662844638353004 ], [ 89.94719460219649, 25.663153295390334 ], [ 89.947284588235135, 25.663731327829861 ], [ 89.947245546554598, 25.665300322979448 ], [ 89.947138998277026, 25.665881224244274 ], [ 89.947110526174129, 25.666036286553073 ], [ 89.946920509135325, 25.666673312724189 ], [ 89.94673948872412, 25.667377276030216 ], [ 89.946595479800919, 25.667702301784185 ], [ 89.94636043470851, 25.668153266475731 ], [ 89.946161456076425, 25.668478260966261 ], [ 89.945997918677264, 25.668671410553369 ], [ 89.945727441335109, 25.668948250597158 ], [ 89.945673436416882, 25.66911027929023 ], [ 89.945727427860376, 25.669490278579264 ], [ 89.945963668610432, 25.669864440656415 ], [ 89.946739405180779, 25.670555298725699 ], [ 89.946992399510862, 25.670844271849308 ], [ 89.947065394814246, 25.67102530283822 ], [ 89.946992390527726, 25.671187271223321 ], [ 89.946848387892743, 25.671241328916338 ], [ 89.946846994605721, 25.671241490036039 ], [ 89.946844163115969, 25.67124255391176 ], [ 89.946375105095413, 25.671296380830498 ], [ 89.946068410375943, 25.671398593776594 ], [ 89.945782373314742, 25.671566276125429 ], [ 89.945221360148437, 25.671946230342073 ], [ 89.944914351018653, 25.672234223668053 ], [ 89.944642335760719, 25.672717218258935 ], [ 89.944371316734447, 25.673403209289507 ], [ 89.944245310947849, 25.6736022377215 ], [ 89.94424216325109, 25.673601790805389 ], [ 89.944241142764923, 25.673603403589659 ], [ 89.944114109305673, 25.673585406308604 ], [ 89.944006102164096, 25.673513417157206 ], [ 89.943825119482142, 25.67320644830815 ], [ 89.943735135240118, 25.673097400362256 ], [ 89.943552312808436, 25.673081689411791 ], [ 89.943344655552423, 25.673383873656309 ], [ 89.943350339193231, 25.673518187504509 ], [ 89.943583299295838, 25.673883222138656 ], [ 89.943764293655931, 25.674155193936713 ], [ 89.943855289400958, 25.674305195847115 ], [ 89.943991282656881, 25.674622198772198 ], [ 89.944051274846473, 25.674908199630387 ], [ 89.944111262544553, 25.675405231075608 ], [ 89.944141253698618, 25.675737230024719 ], [ 89.944136227624583, 25.676708197103736 ], [ 89.944245208539925, 25.677503197843993 ], [ 89.944289860199419, 25.677662853296038 ], [ 89.944462188511977, 25.678279200092454 ], [ 89.944624179012195, 25.678694233761426 ], [ 89.944624169130734, 25.679056201183798 ], [ 89.944579162636671, 25.679276232330988 ], [ 89.944480155715951, 25.679543229033502 ], [ 89.944245144759535, 25.679886221994053 ], [ 89.943715117182336, 25.680837209610239 ], [ 89.943462107580871, 25.681162202709224 ], [ 89.943191099334385, 25.681397164248381 ], [ 89.943065097141044, 25.681469163209897 ], [ 89.942912092488612, 25.681609157647888 ], [ 89.942758117655657, 25.681793186333504 ], [ 89.942432078614857, 25.682011178777991 ], [ 89.942150823285928, 25.682166951147632 ], [ 89.9416190610619, 25.68248012817936 ], [ 89.941366054155395, 25.682733153454333 ], [ 89.940661028472633, 25.683510136835928 ], [ 89.940372015292937, 25.68394312776536 ], [ 89.940344290588314, 25.684165783383264 ], [ 89.940354003173169, 25.684449096275124 ], [ 89.940443999093276, 25.684575129655645 ], [ 89.9405709957216, 25.684756100119035 ], [ 89.940534992143341, 25.684882130746111 ], [ 89.940443990110111, 25.684954129220774 ], [ 89.940281987033444, 25.685009124608129 ], [ 89.940280611712765, 25.685009331853749 ], [ 89.940277787409499, 25.685010288745556 ], [ 89.939988242427134, 25.685053771456438 ], [ 89.939793979051998, 25.685225081622363 ], [ 89.939503970538937, 25.685460106389534 ], [ 89.939045956406488, 25.685906064033762 ], [ 89.93848593767521, 25.686484082472415 ], [ 89.938268932550343, 25.686646046038174 ], [ 89.937979923862187, 25.686899038988734 ], [ 89.937834918707338, 25.687080066637261 ], [ 89.937800754878765, 25.687348659259577 ], [ 89.937780897619433, 25.687856063180245 ], [ 89.937726887311271, 25.688253060328041 ], [ 89.93754187478693, 25.688652024116244 ], [ 89.937382868490062, 25.688904021136118 ], [ 89.937147829685856, 25.689138016214638 ], [ 89.936967853116982, 25.689373042975916 ], [ 89.93673287629656, 25.68960800532124 ], [ 89.93660918636678, 25.689705971193181 ], [ 89.936117828567603, 25.690095052369319 ], [ 89.93562181749526, 25.690454010182197 ], [ 89.935214807908025, 25.690690970705504 ], [ 89.935015805919789, 25.690763965418999 ], [ 89.935015042351779, 25.690763913610102 ], [ 89.93501159461772, 25.690765178071064 ], [ 89.934740634880256, 25.690746219250766 ], [ 89.934602291631549, 25.690649858692808 ], [ 89.93436059720942, 25.690277108104784 ], [ 89.934306590494529, 25.690132185790961 ], [ 89.934199591262711, 25.690060812156457 ], [ 89.934075815992983, 25.690130978799097 ], [ 89.934039807923128, 25.690456945487743 ], [ 89.934005203920066, 25.6908560370826 ], [ 89.933931789103482, 25.691142941245761 ], [ 89.933768783506963, 25.69130496809456 ], [ 89.933587778367112, 25.69144993188532 ], [ 89.933316774612223, 25.691557956816165 ], [ 89.93331548463145, 25.691557957625694 ], [ 89.933312573191628, 25.691559119270597 ], [ 89.933023554622025, 25.691559170269631 ], [ 89.932530782874579, 25.691394551716439 ], [ 89.932373579496485, 25.69134208009169 ], [ 89.932138608964266, 25.691306105456611 ], [ 89.932029691829314, 25.691306154027231 ], [ 89.931853770255671, 25.69135889523465 ], [ 89.931762768222441, 25.691467894087715 ], [ 89.931708764202497, 25.69157592304979 ], [ 89.931613197829307, 25.691754545020125 ], [ 89.931563756352702, 25.691846888721685 ], [ 89.931473753246067, 25.691936916354788 ], [ 89.931274749461181, 25.692045913059822 ], [ 89.930822741464738, 25.692243902519241 ], [ 89.930461735501467, 25.692406863655556 ], [ 89.929756755632837, 25.692677847674418 ], [ 89.928519702723051, 25.693211850027058 ], [ 89.927669688055133, 25.69359083101622 ], [ 89.92709167966197, 25.693807786766541 ], [ 89.92708999891407, 25.693808019091151 ], [ 89.927087481834661, 25.693808964579375 ], [ 89.926436513172447, 25.69389896725394 ], [ 89.925587500126056, 25.693988937480778 ], [ 89.925009436037371, 25.694024908876962 ], [ 89.924743753902192, 25.694078385517614 ], [ 89.924468065433061, 25.694133780628306 ], [ 89.924242027748008, 25.694199881228112 ], [ 89.924163651536119, 25.694222784146071 ], [ 89.923766641096307, 25.69452974499033 ], [ 89.92330409675985, 25.694890828098735 ], [ 89.923206625958258, 25.694999732247325 ], [ 89.922971604222084, 25.695739724941234 ], [ 89.922790577522662, 25.696714686454371 ], [ 89.92262756743456, 25.697075713559467 ], [ 89.922465558069703, 25.697364678217092 ], [ 89.922284552031513, 25.697599704932429 ], [ 89.922013543785027, 25.697834637285773 ], [ 89.921778537320193, 25.698014693953269 ], [ 89.921543530855331, 25.698213656177309 ], [ 89.921254520370553, 25.698574649596679 ], [ 89.92103750356759, 25.699134705407555 ], [ 89.920399458069042, 25.70073765612219 ], [ 89.92026344235525, 25.701314901598892 ], [ 89.920182432282942, 25.701658618642245 ], [ 89.920037419043254, 25.702109645031246 ], [ 89.919784407645167, 25.702488670548703 ], [ 89.919477385040622, 25.703301629626335 ], [ 89.919278361492786, 25.704150625146269 ], [ 89.919134350772964, 25.704511620798211 ], [ 89.919062316666952, 25.704637587619175 ], [ 89.918781652429459, 25.70481573672048 ], [ 89.918537336723347, 25.704944574223969 ], [ 89.918140328978481, 25.70512559710351 ], [ 89.91795935617796, 25.705233594248092 ], [ 89.917670317845406, 25.705450554683853 ], [ 89.917435310482233, 25.705649580565094 ], [ 89.91721830086577, 25.705992576048295 ], [ 89.91692928858437, 25.706389566150413 ], [ 89.916617280330001, 25.706634873123125 ], [ 89.916242272326457, 25.70684052119255 ], [ 89.915971300012572, 25.706949514776184 ], [ 89.915664263034955, 25.707093538418658 ], [ 89.915176248765292, 25.707527527387867 ], [ 89.914724235378955, 25.707924485659888 ], [ 89.914392223439819, 25.708335509077035 ], [ 89.914085208021817, 25.708822468996786 ], [ 89.913850197963683, 25.709147463427836 ], [ 89.913326182810707, 25.709599451318326 ], [ 89.913147021912124, 25.709758134571636 ], [ 89.913127172737589, 25.709960445821515 ], [ 89.913236168025989, 25.710122478627365 ], [ 89.913246382769088, 25.710339697246408 ], [ 89.913181159689557, 25.710466476182127 ], [ 89.912928150088092, 25.710773440467403 ], [ 89.912892145611494, 25.710917470813339 ], [ 89.912892136628344, 25.711278469411887 ], [ 89.912802134420033, 25.711350436547935 ], [ 89.912458126378624, 25.71154945822812 ], [ 89.912260122418616, 25.711657422024675 ], [ 89.912079116380468, 25.711856418910262 ], [ 89.912043108310613, 25.712145448857903 ], [ 89.911971098459119, 25.712524414896865 ], [ 89.911862092390962, 25.712705443243461 ], [ 89.911736089299325, 25.712795439725042 ], [ 89.911733298233742, 25.712795691437307 ], [ 89.911731939981038, 25.7127966626744 ], [ 89.911532909246688, 25.712814540719613 ], [ 89.911369870412514, 25.712796652962016 ], [ 89.911279867305865, 25.712688576888052 ], [ 89.911168120477782, 25.712455830004373 ], [ 89.911062924164753, 25.712236575640823 ], [ 89.910899915873316, 25.712128575138795 ], [ 89.910792000359905, 25.712110604722451 ], [ 89.910615099622589, 25.712163386894243 ], [ 89.910543127500333, 25.712326415459767 ], [ 89.910513667250584, 25.713108662465078 ], [ 89.910507070023144, 25.713283381763908 ], [ 89.910525060583353, 25.7136443804687 ], [ 89.910489055208458, 25.713806411495458 ], [ 89.91030805096689, 25.713933406073128 ], [ 89.909910045193726, 25.714059366968073 ], [ 89.909908140765339, 25.714059794307843 ], [ 89.909905829400117, 25.714060526774702 ], [ 89.909448378511343, 25.714163480813895 ], [ 89.909020831640106, 25.714259580342784 ], [ 89.908679364034271, 25.714313127210033 ], [ 89.908512217204319, 25.714389054295573 ], [ 89.908483028245797, 25.714402334165442 ], [ 89.908410023959277, 25.714565363709941 ], [ 89.908356010956197, 25.715016361420172 ], [ 89.908283377673882, 25.715322733665612 ], [ 89.908174997731507, 25.715486324444317 ], [ 89.907885991738269, 25.715648350534472 ], [ 89.907883563592051, 25.715648593337928 ], [ 89.907881810080625, 25.715649575882541 ], [ 89.907521061933892, 25.715685537495791 ], [ 89.907245985217472, 25.715769305439853 ], [ 89.907119980329199, 25.715950302140932 ], [ 89.907055370799029, 25.716535422349295 ], [ 89.907100950418226, 25.717069329008094 ], [ 89.90706494234837, 25.71735829530402 ], [ 89.906974938343453, 25.717485325747532 ], [ 89.906775931863592, 25.717683288272553 ], [ 89.906685926960336, 25.717828318678976 ], [ 89.906685920672118, 25.718081286642668 ], [ 89.906793918830544, 25.718189320588721 ], [ 89.907064918093894, 25.718243325385071 ], [ 89.907209917858808, 25.718315297210783 ], [ 89.907281916032204, 25.718406299487743 ], [ 89.907263911997291, 25.718550329496185 ], [ 89.907155908448985, 25.718622327034556 ], [ 89.907152546953213, 25.718622965591642 ], [ 89.907151716909894, 25.718623519979005 ], [ 89.906862692950369, 25.71867853704282 ], [ 89.906424331261391, 25.718693668976805 ], [ 89.906358900671037, 25.718695976359829 ], [ 89.906087525013604, 25.718749927510792 ], [ 89.905890895475991, 25.718839267914856 ], [ 89.905709889437858, 25.719038294063441 ], [ 89.905564880689724, 25.719363288916654 ], [ 89.905510860500101, 25.720085287989043 ], [ 89.905528850162, 25.720482255352053 ], [ 89.905619845907026, 25.720699256775688 ], [ 89.905745839117188, 25.72097028968755 ], [ 89.90576383506729, 25.721114289884181 ], [ 89.905673829265695, 25.721295288973632 ], [ 89.90552882411086, 25.721494253552059 ], [ 89.905402819222587, 25.721620281706571 ], [ 89.905329814936081, 25.721783247135782 ], [ 89.905293810459469, 25.721981278582302 ], [ 89.905239804642903, 25.72219824489904 ], [ 89.905095799312974, 25.722324273926169 ], [ 89.904860794644762, 25.722451266694346 ], [ 89.904744790700548, 25.722572233296201 ], [ 89.904365779804067, 25.722969225539963 ], [ 89.904148771984282, 25.723222218988372 ], [ 89.903841765549373, 25.723385211357112 ], [ 89.903839164926652, 25.723385582012938 ], [ 89.903837591078258, 25.723386419630359 ], [ 89.903588041787287, 25.723421951598432 ], [ 89.903479759761254, 25.72352923452722 ], [ 89.903389718925382, 25.723836201525483 ], [ 89.90327180156963, 25.724247883762679 ], [ 89.903082724168613, 25.724775193329474 ], [ 89.902919712283889, 25.725172187121533 ], [ 89.902792737215094, 25.725371216430545 ], [ 89.902788710067711, 25.725372221554675 ], [ 89.902788577117036, 25.725372429539288 ], [ 89.90257249276533, 25.725426372806105 ], [ 89.902355486742138, 25.725354376149358 ], [ 89.902228524249793, 25.725246320386542 ], [ 89.902166883651617, 25.725143532130662 ], [ 89.902126499888013, 25.725076105310798 ], [ 89.902011564040677, 25.724884418123583 ], [ 89.901794541847792, 25.724686407696826 ], [ 89.901650494297073, 25.724632379928856 ], [ 89.901526876232481, 25.724649863692768 ], [ 89.901437715745601, 25.724721157509013 ], [ 89.901202706585806, 25.725028182936001 ], [ 89.900859687589502, 25.725642142391507 ], [ 89.900678679754705, 25.72594913792533 ], [ 89.900570672613142, 25.72614713491966 ], [ 89.900425668356633, 25.726310132181581 ], [ 89.900262664556749, 25.726418157843931 ], [ 89.900045692669536, 25.726491153306384 ], [ 89.900042445259757, 25.726492038648892 ], [ 89.900041538859668, 25.72649234536263 ], [ 89.899847658166848, 25.726545149477552 ], [ 89.899720657046899, 25.726599115681189 ], [ 89.899558653071949, 25.726689142924091 ], [ 89.899413648815411, 25.726834139689469 ], [ 89.899160605976277, 25.727177133175903 ], [ 89.898907591883258, 25.727664095279472 ], [ 89.898690609216246, 25.728188089537333 ], [ 89.898564598938108, 25.728513085283574 ], [ 89.89843759242828, 25.728730112516274 ], [ 89.898238588643409, 25.728874077420684 ], [ 89.897848577876275, 25.729185098735204 ], [ 89.897644573170211, 25.72929909406519 ], [ 89.8972755641161, 25.729529055731192 ], [ 89.89707374770606, 25.729647520216862 ], [ 89.896722554040664, 25.729829073601724 ], [ 89.896584551253468, 25.729875038089183 ], [ 89.896445549539663, 25.729921037356565 ], [ 89.896238545358855, 25.730013061733793 ], [ 89.895938539494992, 25.730198056283005 ], [ 89.895015492692792, 25.731787031406139 ], [ 89.8944854309796, 25.733952984209573 ], [ 89.893816337009909, 25.737386961960972 ], [ 89.893515315151447, 25.738161983938031 ], [ 89.893445287881818, 25.739175980048739 ], [ 89.893930220031748, 25.741848984047977 ], [ 89.894506143435109, 25.743715991628907 ], [ 89.896005126217119, 25.745904988167769 ], [ 89.896997109734215, 25.746688038644461 ], [ 89.897896106839639, 25.747011056456603 ], [ 89.899464118863023, 25.746919059804423 ], [ 89.901378141272602, 25.746481134114379 ], [ 89.904706578164991, 25.745586145752867 ], [ 89.908304029043947, 25.744065505095854 ], [ 89.910272207288742, 25.743251211971891 ], [ 89.911255124109672, 25.742844525752012 ], [ 89.913146168512625, 25.741968570705854 ], [ 89.915601201302024, 25.740693673958983 ], [ 89.917815210710842, 25.739449709927296 ], [ 89.91781843566271, 25.739449060153472 ], [ 89.917819422911194, 25.739448507481576 ], [ 89.918511430208838, 25.739309490595414 ], [ 89.919083219565309, 25.73914966940503 ], [ 89.919392457415327, 25.739061718257965 ], [ 89.919568414023303, 25.739011652323008 ], [ 89.92012126779187, 25.73880370918571 ], [ 89.920355989490758, 25.738693488931087 ], [ 89.920513299768373, 25.738619695009159 ], [ 89.92083631507991, 25.738458753781956 ], [ 89.92118229043183, 25.738273764805523 ], [ 89.921435267693937, 25.738181788901066 ], [ 89.921436105822082, 25.738181814795208 ], [ 89.921439477199343, 25.738180588060928 ], [ 89.923017454234156, 25.738229591877978 ], [ 89.925462484282917, 25.738759643267866 ], [ 89.926937473961985, 25.739519704222687 ], [ 89.929428455532445, 25.740764722684471 ], [ 89.933256418604898, 25.743022802117014 ], [ 89.935802389647179, 25.744665882599406 ], [ 89.936425365906814, 25.745702862674737 ], [ 89.937486336444479, 25.747085913220111 ], [ 89.937647325323169, 25.747522914275084 ], [ 89.937624317672118, 25.747822884297737 ], [ 89.937578311353164, 25.748052942820408 ], [ 89.937555304600437, 25.748260912655169 ], [ 89.937370280397971, 25.749158904535737 ], [ 89.93695525783842, 25.749919865049463 ], [ 89.936077225615094, 25.750925874478099 ], [ 89.936259222495011, 25.751137845962464 ], [ 89.935754199523757, 25.751878864093602 ], [ 89.934953169089979, 25.752813845389365 ], [ 89.934834190823835, 25.75319884059321 ], [ 89.934834183637321, 25.7534368104808 ], [ 89.934864145146975, 25.753703810701417 ], [ 89.934982137961242, 25.754029841880882 ], [ 89.935071132259822, 25.754281843628526 ], [ 89.935502081051041, 25.755097850010607 ], [ 89.935665107308822, 25.755320853874718 ], [ 89.935843104889102, 25.755468857826227 ], [ 89.936095103885862, 25.755587831251038 ], [ 89.93633310263894, 25.755661867873613 ], [ 89.936585103432321, 25.755720873510896 ], [ 89.936867102566325, 25.755794847752004 ], [ 89.937134102530024, 25.75586882356518 ], [ 89.937402103216911, 25.755913891239384 ], [ 89.937609102906151, 25.755943864878123 ], [ 89.937862102626141, 25.756032899817413 ], [ 89.938084102384011, 25.756091872907586 ], [ 89.938352102172615, 25.756135878998382 ], [ 89.939145108854291, 25.756049895947548 ], [ 89.939487113652604, 25.755960934646378 ], [ 89.940288123425162, 25.755767952593512 ], [ 89.940659126739178, 25.755723961738781 ], [ 89.941090131225991, 25.755663969843731 ], [ 89.941401132468911, 25.75566397712538 ], [ 89.941669132257516, 25.755737953020084 ], [ 89.941906131185675, 25.755826956559986 ], [ 89.942203128591657, 25.756004994993393 ], [ 89.943123113037046, 25.756805980578417 ], [ 89.943420109544689, 25.757013986867364 ], [ 89.943598106226673, 25.757176990339161 ], [ 89.944667085245115, 25.75821604240679 ], [ 89.944934080717232, 25.75840804718964 ], [ 89.945439074044089, 25.758764057798285 ], [ 89.946230062211328, 25.759362042281335 ], [ 89.946482063004709, 25.759437046597775 ], [ 89.946750061894988, 25.759496051977315 ], [ 89.947002061790073, 25.759600088813741 ], [ 89.947299028653319, 25.759733095834655 ], [ 89.947566057363119, 25.759882068375493 ], [ 89.947803053596331, 25.760060103965177 ], [ 89.948056048824739, 25.76029707954606 ], [ 89.948189044402554, 25.760505081337573 ], [ 89.948264037559071, 25.760757081479607 ], [ 89.948278030616265, 25.761009081895832 ], [ 89.948293025294987, 25.76123114426909 ], [ 89.948323019143999, 25.761469051136611 ], [ 89.94839701606891, 25.761617083831389 ], [ 89.948582011525275, 25.761819118328852 ], [ 89.948716006927981, 25.762042119278721 ], [ 89.948879001744729, 25.762294121821544 ], [ 89.949041996561448, 25.762502126586593 ], [ 89.949249994278944, 25.762635100422568 ], [ 89.949457991996482, 25.76273910214741 ], [ 89.949680992477553, 25.762798138246875 ], [ 89.950006991992481, 25.762873146055817 ], [ 89.950214991506627, 25.762947119886224 ], [ 89.950451991333068, 25.763036123685545 ], [ 89.950764021147009, 25.763110162136162 ], [ 89.95106098890858, 25.763229166737698 ], [ 89.951386986626872, 25.763407143912961 ], [ 89.951579983377457, 25.763555148302572 ], [ 89.951758980782671, 25.763718181627262 ], [ 89.951876976291871, 25.763881123309218 ], [ 89.951980972455686, 25.764074184403654 ], [ 89.952084969517799, 25.764222156410113 ], [ 89.952232966062539, 25.764371159723773 ], [ 89.952396962500814, 25.764549193435787 ], [ 89.952722950337659, 25.765053200287003 ], [ 89.952900944324668, 25.765335172560118 ], [ 89.95300497103122, 25.765543204357034 ], [ 89.953108933059042, 25.76581017573745 ], [ 89.953227923901565, 25.766166177903035 ], [ 89.953405916990278, 25.766492211268634 ], [ 89.95358391187564, 25.76674421407278 ], [ 89.953761905862649, 25.766967218714804 ], [ 89.953939903442915, 25.767115221092688 ], [ 89.95413290199015, 25.767219224555465 ], [ 89.954355900674585, 25.767337229167481 ], [ 89.954474898703666, 25.767441200076032 ], [ 89.954578895765778, 25.767560234313329 ], [ 89.954681891206349, 25.767738235736619 ], [ 89.95472688781895, 25.767871236066867 ], [ 89.954861883046576, 25.768100238853087 ], [ 89.955040878655154, 25.768308243152287 ], [ 89.955203874370198, 25.768516244660045 ], [ 89.955366868288621, 25.768783248184722 ], [ 89.955485862724402, 25.769005218353321 ], [ 89.955574824683623, 25.769317219454987 ], [ 89.955648846761349, 25.769643251445963 ], [ 89.95566383874511, 25.769969219441204 ], [ 89.955663822575417, 25.770563250669476 ], [ 89.955844797172574, 25.771582220348279 ], [ 89.9560077686331, 25.772680252751925 ], [ 89.956096760236719, 25.77302122335902 ], [ 89.956215754672513, 25.773258224029082 ], [ 89.956364750143862, 25.77345125692781 ], [ 89.956512746688603, 25.773644230459222 ], [ 89.956601712241081, 25.773807294417971 ], [ 89.956690728997529, 25.774326263036141 ], [ 89.956972685910728, 25.77604723379206 ], [ 89.956972661656195, 25.776966262807605 ], [ 89.956883654781237, 25.777204228735418 ], [ 89.956720650083014, 25.777337257285122 ], [ 89.95654264531619, 25.777456220926904 ], [ 89.956274641036046, 25.777575215997402 ], [ 89.956271081012545, 25.777576160010636 ], [ 89.956270453090184, 25.77757643989802 ], [ 89.955829204215888, 25.777693406879823 ], [ 89.955488598992758, 25.77782719769386 ], [ 89.955339625080967, 25.777975193808086 ], [ 89.955295621106799, 25.778109223744494 ], [ 89.955295616615203, 25.778287193166353 ], [ 89.955369612641789, 25.778447224585268 ], [ 89.955488579229822, 25.778580195117062 ], [ 89.955651608182535, 25.778684199047827 ], [ 89.955814607490836, 25.778773202370381 ], [ 89.956037605276961, 25.778877206131927 ], [ 89.956675602266458, 25.779159219979483 ], [ 89.958055593307606, 25.779767249464715 ], [ 89.958931582761963, 25.780390297179494 ], [ 89.959258577610257, 25.780627272614055 ], [ 89.959436575190509, 25.780790306752966 ], [ 89.959599568210649, 25.781087279069524 ], [ 89.959673560643964, 25.781384311309896 ], [ 89.959733551935258, 25.781710280215332 ], [ 89.959733543850419, 25.782022279456935 ], [ 89.959673533694485, 25.782407308545178 ], [ 89.959584526819512, 25.782659275124448 ], [ 89.95934751351831, 25.783075299452882 ], [ 89.958990502363164, 25.783446261074392 ], [ 89.958308487026414, 25.783891276140913 ], [ 89.95756647051688, 25.784336257991551 ], [ 89.956185441023266, 25.785137195555201 ], [ 89.955280418917241, 25.785789173316722 ], [ 89.954744399577081, 25.78639619090152 ], [ 89.954626388796555, 25.786752188733178 ], [ 89.954522380056304, 25.78706415368157 ], [ 89.954447368035147, 25.787479183035 ], [ 89.954418358739673, 25.787865150472467 ], [ 89.954418348858212, 25.788221148747521 ], [ 89.954418339875048, 25.788577179925461 ], [ 89.954447330305896, 25.788948117867069 ], [ 89.954670315515614, 25.789571152943722 ], [ 89.954804309121698, 25.789808122976215 ], [ 89.954967272497385, 25.790075157849788 ], [ 89.955100298617936, 25.790312157610821 ], [ 89.955219292155419, 25.790535160014674 ], [ 89.955293288181991, 25.790728192300026 ], [ 89.955382279785624, 25.791024164282014 ], [ 89.955412305974008, 25.791262163477384 ], [ 89.95541229968579, 25.791484193500686 ], [ 89.955397224158673, 25.792003162429584 ], [ 89.955322219324046, 25.793331187679801 ], [ 89.955308204707308, 25.793880186991831 ], [ 89.955248192754738, 25.794310153836758 ], [ 89.955159216422473, 25.794562150124861 ], [ 89.955040176172602, 25.794903178344168 ], [ 89.954907167120055, 25.795200142819436 ], [ 89.954729184811143, 25.795645139658006 ], [ 89.954625144629873, 25.796001134793855 ], [ 89.954565135372263, 25.796327164620795 ], [ 89.954536126076789, 25.79669813250516 ], [ 89.954580115677928, 25.797099131219255 ], [ 89.954684110045108, 25.79732116486926 ], [ 89.954803106277566, 25.797484134809412 ], [ 89.955115101955499, 25.797717172076879 ], [ 89.95551609911854, 25.797910150611749 ], [ 89.955872094279115, 25.798162157040316 ], [ 89.956124089682632, 25.798399193205849 ], [ 89.956376085086134, 25.79865119778588 ], [ 89.956777077757579, 25.799007206539628 ], [ 89.957000071950461, 25.799289178987024 ], [ 89.957267063829335, 25.79966021362603 ], [ 89.957490057123877, 25.7999721882844 ], [ 89.957712048796878, 25.8003131920429 ], [ 89.957950041261725, 25.800669227346415 ], [ 89.958128033452113, 25.800995229775776 ], [ 89.9582470260913, 25.801277200728595 ], [ 89.958261020945116, 25.80148520022853 ], [ 89.958217017869231, 25.801618231465131 ], [ 89.95821305360387, 25.801618729660714 ], [ 89.958212840703169, 25.801619373432921 ], [ 89.95809386423366, 25.801634382382666 ], [ 89.957885856634675, 25.801634356502365 ], [ 89.957529833626324, 25.80163438885273 ], [ 89.957084835184034, 25.801649332291088 ], [ 89.956698839886243, 25.801693385377888 ], [ 89.956255312884394, 25.801767158692986 ], [ 89.95588699643136, 25.801900149175246 ], [ 89.955485989386858, 25.802048140318011 ], [ 89.955114981581261, 25.802256129568583 ], [ 89.954965976228436, 25.802419159041012 ], [ 89.954891971218686, 25.802612125067661 ], [ 89.954891965828807, 25.802805154671439 ], [ 89.95493493853705, 25.803839154450777 ], [ 89.954964909029897, 25.804981121233954 ], [ 89.95497888771402, 25.805767149480044 ], [ 89.954949877520221, 25.806182148940227 ], [ 89.954875838374505, 25.806479147427712 ], [ 89.954919848636905, 25.807250144560321 ], [ 89.955023841207463, 25.807532115995553 ], [ 89.955142836541583, 25.807770149168761 ], [ 89.955231830840148, 25.807977150638781 ], [ 89.955379824689956, 25.808259121152567 ], [ 89.955542815913418, 25.808630156012097 ], [ 89.955691807791496, 25.80897112757804 ], [ 89.955809786232706, 25.809839128628397 ], [ 89.955765769682088, 25.810447125319499 ], [ 89.955690759457568, 25.810818122596146 ], [ 89.955661751958715, 25.811085150571365 ], [ 89.955557743218492, 25.811367147653023 ], [ 89.955408736069046, 25.811649113333168 ], [ 89.955290728881764, 25.811857111608944 ], [ 89.955067749960222, 25.812198073887235 ], [ 89.954830707912961, 25.812554100167251 ], [ 89.95460769844874, 25.812865093911682 ], [ 89.954325688534965, 25.813162117697363 ], [ 89.953998678415346, 25.813488078477146 ], [ 89.953657671645274, 25.81366610234679 ], [ 89.951991641746318, 25.814400033334355 ], [ 89.950239605345431, 25.815409024236882 ], [ 89.949334585035999, 25.815958004564116 ], [ 89.949883578743822, 25.816343982771883 ], [ 89.950150605656958, 25.816535988885501 ], [ 89.950358571933435, 25.816699992546994 ], [ 89.95053656771708, 25.81687802776214 ], [ 89.950699562533828, 25.817099969362282 ], [ 89.950877557419162, 25.817337034761518 ], [ 89.951207540962358, 25.818044040129617 ], [ 89.951311532634591, 25.818385008857259 ], [ 89.951355525829001, 25.81866703950406 ], [ 89.95140051525506, 25.819083010233673 ], [ 89.95147450140017, 25.819572010722474 ], [ 89.951608468955115, 25.820833010381186 ], [ 89.951637458487639, 25.821278040335145 ], [ 89.951608446497261, 25.821723007161239 ], [ 89.951519437825624, 25.822020004688934 ], [ 89.951444432990996, 25.822198034331858 ], [ 89.951296427463092, 25.822360999164719 ], [ 89.951118422696268, 25.822494027174898 ], [ 89.950895418621954, 25.822598020878651 ], [ 89.950892084075591, 25.822598814939418 ], [ 89.950891230676092, 25.822599213587015 ], [ 89.950580186314042, 25.822673141266876 ], [ 89.950283224840646, 25.822733203581329 ], [ 89.949901054569338, 25.822835109233083 ], [ 89.949468399877361, 25.823007990019885 ], [ 89.948979387579413, 25.823319976780343 ], [ 89.948593378806876, 25.823571969591939 ], [ 89.948296370621108, 25.823823962675839 ], [ 89.948058361088286, 25.8241359561808 ], [ 89.947954353246359, 25.824401923159858 ], [ 89.947925346645818, 25.8246689205086 ], [ 89.947925338560978, 25.824980919872907 ], [ 89.947969328162145, 25.825351920946922 ], [ 89.948029321250075, 25.82563392044505 ], [ 89.948192314270187, 25.825944923505453 ], [ 89.948355307290285, 25.826226957169048 ], [ 89.948489302692991, 25.826448928953191 ], [ 89.94863730013607, 25.826597963232718 ], [ 89.948860327566607, 25.826745965566939 ], [ 89.949127295190948, 25.826864972609119 ], [ 89.949839292698599, 25.827116987792888 ], [ 89.950062292281359, 25.827175960306654 ], [ 89.950448292969071, 25.827235969395961 ], [ 89.951027296695543, 25.827235982333324 ], [ 89.95132429949139, 25.827206017817396 ], [ 89.951888303149275, 25.827176001544476 ], [ 89.952971308462537, 25.827250054931373 ], [ 89.953372309218878, 25.827310063983088 ], [ 89.953773309076865, 25.827369103513099 ], [ 89.953951309352092, 25.827414076096844 ], [ 89.954213308394586, 25.827488050902311 ], [ 89.954539307909513, 25.827577088733541 ], [ 89.954836307112117, 25.827681094144037 ], [ 89.955311301200069, 25.828022103849371 ], [ 89.956142290448582, 25.828616120730757 ], [ 89.956528287543023, 25.828808098050231 ], [ 89.956855286882842, 25.828912167873511 ], [ 89.957166286329183, 25.828986142551337 ], [ 89.957552286118542, 25.829075118612913 ], [ 89.957834288845802, 25.829061155389013 ], [ 89.958189735135761, 25.829031179206527 ], [ 89.958558102792722, 25.828913389626905 ], [ 89.958750081752086, 25.828780304952456 ], [ 89.958869140866582, 25.828631346192171 ], [ 89.958914136580844, 25.828498338823877 ], [ 89.958943185402177, 25.828320345337968 ], [ 89.958958121690415, 25.828112378403542 ], [ 89.959003177591796, 25.827771363298208 ], [ 89.959062177143039, 25.827415395704236 ], [ 89.959047140243499, 25.827148351183009 ], [ 89.958958173792709, 25.826940374103746 ], [ 89.9588541363064, 25.826881366703379 ], [ 89.958661180878295, 25.826866318097384 ], [ 89.958335140939184, 25.826851371371387 ], [ 89.957020184331355, 25.826622302553467 ], [ 89.956263193804361, 25.826548252816821 ], [ 89.955728146441359, 25.826474342919848 ], [ 89.955313121186848, 25.826326277175976 ], [ 89.955001178509505, 25.826088274826397 ], [ 89.954615158058829, 25.825658298776563 ], [ 89.954170207227293, 25.825183248293367 ], [ 89.953873181973535, 25.824857247738279 ], [ 89.95366521030715, 25.824546195730235 ], [ 89.95356118899052, 25.824249230414601 ], [ 89.953561208753456, 25.823937218610162 ], [ 89.953561179109045, 25.823537260037188 ], [ 89.953635211966542, 25.823137229763876 ], [ 89.953739264724234, 25.822855274452966 ], [ 89.953873263720212, 25.822588289995153 ], [ 89.954348241638456, 25.82198027476597 ], [ 89.954971279881875, 25.821297337357233 ], [ 89.955409319075656, 25.821027343721628 ], [ 89.955736257330059, 25.820820329477801 ], [ 89.956003348921925, 25.820671319461965 ], [ 89.956314335791831, 25.820538295873046 ], [ 89.956641345911422, 25.820434379606091 ], [ 89.956641948680968, 25.820434283379033 ], [ 89.956645509602765, 25.820433151296193 ], [ 89.956927512330026, 25.820388158270752 ], [ 89.957224515125873, 25.820388162313925 ], [ 89.957773516020197, 25.820492144120443 ], [ 89.958530517326977, 25.820596161415388 ], [ 89.958975520260836, 25.820566202496625 ], [ 89.959331241435265, 25.820507420761729 ], [ 89.959610368655262, 25.820419363334519 ], [ 89.959802380852338, 25.820300437145587 ], [ 89.960114347784199, 25.820122414353182 ], [ 89.960693320069637, 25.819930402733334 ], [ 89.960694140231496, 25.819930370387983 ], [ 89.960697547541358, 25.819929240726179 ], [ 89.961068549058751, 25.819914248649571 ], [ 89.96136554915968, 25.819988224097912 ], [ 89.961573545978879, 25.820151259088565 ], [ 89.961706541556694, 25.820329230893805 ], [ 89.96179553675357, 25.82056626314386 ], [ 89.961914527596093, 25.820908232967639 ], [ 89.962122520822064, 25.821249268650501 ], [ 89.962515509504343, 25.821743276074088 ], [ 89.96276850473275, 25.821965248986981 ], [ 89.963139504453508, 25.822054287737355 ], [ 89.963658507007239, 25.822084268112306 ], [ 89.964282512736204, 25.822010312571688 ], [ 89.965276522852591, 25.821876335505884 ], [ 89.965825528238469, 25.821772346020005 ], [ 89.966241531758342, 25.821758356058886 ], [ 89.966493530755116, 25.821802361237118 ], [ 89.966716528541227, 25.82196533550934 ], [ 89.966849491779698, 25.822217336864348 ], [ 89.966953514892964, 25.822529337837395 ], [ 89.966998507013997, 25.822826369730208 ], [ 89.96698349975884, 25.823107368521512 ], [ 89.966805489602152, 25.823434362825161 ], [ 89.966567480069315, 25.82377532654354 ], [ 89.966360471396911, 25.824027321620417 ], [ 89.966107461795445, 25.824339285479773 ], [ 89.965810447321488, 25.824828307925863 ], [ 89.965068399370935, 25.826460318744967 ], [ 89.964371357914445, 25.827865238649832 ], [ 89.964252348207282, 25.828221297068907 ], [ 89.964119334663152, 25.828696262589133 ], [ 89.963748267568747, 25.830001282015701 ], [ 89.963466265739811, 25.831188274150975 ], [ 89.963391251023694, 25.831692270210517 ], [ 89.963391235752312, 25.832286237948264 ], [ 89.963451227941945, 25.832582239526712 ], [ 89.963510257137585, 25.832716270777272 ], [ 89.963763254162615, 25.832864275163995 ], [ 89.964030222685281, 25.832909249702634 ], [ 89.964401224202675, 25.832953258012761 ], [ 89.96465322499607, 25.832953262864049 ], [ 89.964965226962221, 25.832938269202515 ], [ 89.965334645648099, 25.832879560719864 ], [ 89.965584027852444, 25.832791497941308 ], [ 89.965792057909312, 25.832628519167912 ], [ 89.965896019937134, 25.832539496456175 ], [ 89.966029078397014, 25.832376482568161 ], [ 89.966133061984422, 25.832212503046694 ], [ 89.966252085166317, 25.831945553437446 ], [ 89.966326113532233, 25.831560488007856 ], [ 89.966394101626221, 25.831141472427003 ], [ 89.966394112405979, 25.830725455121573 ], [ 89.966469121732217, 25.830369546542169 ], [ 89.966617130853351, 25.829984492965071 ], [ 89.967018137897895, 25.829094538075555 ], [ 89.967315168541518, 25.828545540220539 ], [ 89.967493179596545, 25.828263493483604 ], [ 89.9676910308429, 25.828051230471274 ], [ 89.967849181943635, 25.827922564523021 ], [ 89.96805715360999, 25.827848520451248 ], [ 89.9683091544034, 25.827759522444595 ], [ 89.968665195378051, 25.82765555429777 ], [ 89.968667274079635, 25.827654981822189 ], [ 89.968669388713792, 25.827654364066092 ], [ 89.968937392993993, 25.827580399876123 ], [ 89.969115395065842, 25.827535373180556 ], [ 89.969367396757562, 25.827520409558819 ], [ 89.969677312835628, 25.827461812398987 ], [ 89.969957182962403, 25.827358606484765 ], [ 89.96995946737816, 25.827358138315002 ], [ 89.969961405044231, 25.82735742191015 ], [ 89.971044417544022, 25.827135416251778 ], [ 89.97132638972856, 25.827075422474639 ], [ 89.971668425069609, 25.827001461157309 ], [ 89.97195042779687, 25.826957466805915 ], [ 89.972528430800111, 25.826957479743303 ], [ 89.972929429759816, 25.827090458116679 ], [ 89.973107426441786, 25.827253492222198 ], [ 89.973330421532964, 25.827506465557502 ], [ 89.97374541085486, 25.827995504029605 ], [ 89.974176400968616, 25.82848547923771 ], [ 89.97442839727043, 25.828663517755476 ], [ 89.974755397508602, 25.828707525218555 ], [ 89.975052398507813, 25.828722499201678 ], [ 89.975452399439234, 25.828781508918581 ], [ 89.97572040012615, 25.828841513151094 ], [ 89.976002400158436, 25.828930520047116 ], [ 89.976269399223838, 25.829004555356388 ], [ 89.976462398669369, 25.829063558464075 ], [ 89.976655397216561, 25.829137533047295 ], [ 89.977011395970408, 25.829300571610563 ], [ 89.977100392963919, 25.829419572850178 ], [ 89.97714438885329, 25.829567572465177 ], [ 89.977144385260033, 25.829716574518507 ], [ 89.976986372499852, 25.830168570010969 ], [ 89.976942364034088, 25.830465568182778 ], [ 89.97694235774587, 25.830717535272857 ], [ 89.976986350041969, 25.83101456602661 ], [ 89.9771203391565, 25.831474568536247 ], [ 89.977372318390323, 25.832290571774415 ], [ 89.977610303668641, 25.832913577037615 ], [ 89.977802295204427, 25.833269579034695 ], [ 89.978010288430383, 25.833595552379311 ], [ 89.978337278787052, 25.833981558794235 ], [ 89.978500276298718, 25.834144593110416 ], [ 89.978738271458525, 25.834411534525326 ], [ 89.979005295676743, 25.834678571553546 ], [ 89.979302259845028, 25.834945607170656 ], [ 89.979613256596394, 25.835123583416369 ], [ 89.979895255730398, 25.835227589472392 ], [ 89.980266256349481, 25.835256626999961 ], [ 89.981008261180889, 25.835241643332608 ], [ 89.981416682919772, 25.83520270778066 ], [ 89.982244108551555, 25.834951824777743 ], [ 89.9826000498132, 25.834832847696784 ], [ 89.982601876088196, 25.834832450707427 ], [ 89.982604280878192, 25.834831647834871 ], [ 89.982946254235515, 25.834757686512983 ], [ 89.983777293789672, 25.834638704385643 ], [ 89.984133297933411, 25.83454968318599 ], [ 89.984668301278973, 25.83454969207985 ], [ 89.985098303245891, 25.834564703324951 ], [ 89.986345307692389, 25.834683730804574 ], [ 89.986731307481747, 25.834787738055724 ], [ 89.986983306478521, 25.834861806893613 ], [ 89.987310307614976, 25.834905781327837 ], [ 89.98828931317118, 25.834905803158176 ], [ 89.988571347339473, 25.834861841660473 ], [ 89.988938319912847, 25.834787784950585 ], [ 89.989294323158234, 25.834787793844445 ], [ 89.98971032308485, 25.834891801812642 ], [ 89.990051321770054, 25.834994841069108 ], [ 89.990333320904057, 25.835098847238243 ], [ 89.990734318067126, 25.835276793337922 ], [ 89.991001317132486, 25.835380828366318 ], [ 89.991224314918639, 25.835499833194792 ], [ 89.991506313154304, 25.835647838951456 ], [ 89.991907313012291, 25.835766879086584 ], [ 89.992248311697495, 25.835870886194211 ], [ 89.992649311555482, 25.835929895581177 ], [ 89.993035314039801, 25.835973902767993 ], [ 89.993866320356332, 25.835914920892836 ], [ 89.994222321805097, 25.835944896948913 ], [ 89.994938541394632, 25.836054789145873 ], [ 89.995187323524348, 25.836092919127889 ], [ 89.995454321691412, 25.836196953438776 ], [ 89.996196319336306, 25.836493969631682 ], [ 89.996508316810889, 25.836611946520151 ], [ 89.997101314492895, 25.836849988347524 ], [ 89.997448831353822, 25.837459152098642 ], [ 89.997602238451506, 25.838609934858329 ], [ 89.997214804950929, 25.83959901629715 ], [ 89.997197238395543, 25.839769016982292 ], [ 89.997069219484416, 25.840458949627319 ], [ 89.996634193240112, 25.84132796815372 ], [ 89.996085160006416, 25.842450953309907 ], [ 89.995880142000715, 25.843089948474113 ], [ 89.995804133747868, 25.843395945676317 ], [ 89.995804124764732, 25.843728944229021 ], [ 89.995855117631848, 25.844008945059183 ], [ 89.995983113186782, 25.844187947361963 ], [ 89.996251110280454, 25.844404922279875 ], [ 89.99663410700181, 25.844570929514521 ], [ 89.997069107195017, 25.844685938558847 ], [ 89.99770810670438, 25.844839983368065 ], [ 89.998768107061537, 25.84505697487613 ], [ 89.999842140001732, 25.845261028185295 ], [ 90.000455107232511, 25.845427042303061 ], [ 90.000985106063595, 25.845539053557093 ], [ 90.002455112787786, 25.84565408510537 ], [ 90.004461115495928, 25.845986127365212 ], [ 90.00558611615044, 25.846241150509755 ], [ 90.007145114478263, 25.846637153404277 ], [ 90.008678108375221, 25.847224184825148 ], [ 90.009522101635795, 25.847646233328035 ], [ 90.011232086101614, 25.848648267999586 ], [ 90.01211307288392, 25.849351254365661 ], [ 90.012752026579193, 25.850066266773098 ], [ 90.01304605056157, 25.850373303348373 ], [ 90.013327048074046, 25.850551275786977 ], [ 90.013685045579379, 25.850730316693763 ], [ 90.014222041388223, 25.851024295536604 ], [ 90.014976036033758, 25.851381343295522 ], [ 90.01525703174957, 25.851624317470122 ], [ 90.015985015676051, 25.852378330929028 ], [ 90.016292005941224, 25.852799337591499 ], [ 90.016598995308115, 25.853284342671312 ], [ 90.016726984574845, 25.85371937352085 ], [ 90.016777971153729, 25.854242375273508 ], [ 90.016802958691684, 25.854727374434155 ], [ 90.016804908934148, 25.856590369649023 ], [ 90.016829899167035, 25.856948369849199 ], [ 90.016957891128712, 25.857280340786247 ], [ 90.017162885778262, 25.857535375951187 ], [ 90.017788876783982, 25.858008387970184 ], [ 90.01946286216311, 25.858927389880563 ], [ 90.020318853322621, 25.859463439031206 ], [ 90.020633848475327, 25.859688413768836 ], [ 90.020799840970156, 25.86002041742934 ], [ 90.021131816976649, 25.861016421199157 ], [ 90.021389643344676, 25.861733269148704 ], [ 90.02160478446531, 25.862331492326366 ], [ 90.022205757390395, 25.863519438835294 ], [ 90.022601728479444, 25.864681444662235 ], [ 90.02308768470877, 25.866467482494578 ], [ 90.023368658865053, 25.867476425503689 ], [ 90.023368646288631, 25.867935454462433 ], [ 90.023355627005216, 25.868676452084603 ], [ 90.023419609511322, 25.869340483147493 ], [ 90.023406598312761, 25.869736451510885 ], [ 90.023266583299304, 25.870272478309687 ], [ 90.023163577977257, 25.870490475532666 ], [ 90.023023571048626, 25.870694439682058 ], [ 90.022882565193427, 25.87089846733387 ], [ 90.022678558690728, 25.871090462512679 ], [ 90.02240955458565, 25.871192456641893 ], [ 90.022205550777869, 25.871281421968828 ], [ 90.021026529933778, 25.871801425700784 ], [ 90.021023291507177, 25.871802184675264 ], [ 90.021022366242434, 25.871802593664697 ], [ 90.019552287653028, 25.872147550691082 ], [ 90.018658327401411, 25.872339531715852 ], [ 90.017738289955403, 25.87250553690745 ], [ 90.016600327509678, 25.872684548603264 ], [ 90.015569312193463, 25.872760482639013 ], [ 90.015134282355888, 25.872760459199085 ], [ 90.014802314434206, 25.872684437869797 ], [ 90.014521278294197, 25.872620469472846 ], [ 90.014150307319539, 25.872594428500939 ], [ 90.013703271498159, 25.872594423651304 ], [ 90.01350060079028, 25.87259436949693 ], [ 90.013247460933115, 25.872695224278864 ], [ 90.012953453120389, 25.872887217346037 ], [ 90.012634446091639, 25.87309127273366 ], [ 90.012174434106015, 25.873423229849966 ], [ 90.011445405438877, 25.874356210407374 ], [ 90.010947385733559, 25.87502016751845 ], [ 90.010551372423734, 25.875403158096209 ], [ 90.010346361604505, 25.875748183009396 ], [ 90.01001134569907, 25.876291175500715 ], [ 90.009692335077062, 25.876597168401322 ], [ 90.008810316130521, 25.877147115961836 ], [ 90.008081290158344, 25.877964130365232 ], [ 90.007264263424275, 25.878756109793279 ], [ 90.006919256456257, 25.878973070565952 ], [ 90.006915349683084, 25.878974096210374 ], [ 90.006915025391265, 25.878974299884458 ], [ 90.005943007829643, 25.879229263983952 ], [ 90.005614970037371, 25.879318219217129 ], [ 90.005500236310951, 25.879381037920229 ], [ 90.00543626368632, 25.879522068712767 ], [ 90.005475227213424, 25.879752038887045 ], [ 90.005653222098786, 25.879969072994989 ], [ 90.005973217274345, 25.880224047878482 ], [ 90.006305210348842, 25.880544086339725 ], [ 90.006522204693937, 25.880825058734018 ], [ 90.008223169175992, 25.882560123057175 ], [ 90.009462146277087, 25.883696115641918 ], [ 90.010727118825898, 25.885012170860737 ], [ 90.010893114913998, 25.885191173299848 ], [ 90.011136115486565, 25.885229147618215 ], [ 90.011520117422748, 25.88524218772492 ], [ 90.012559125050032, 25.885205178387007 ], [ 90.012815126041374, 25.885205184852492 ], [ 90.013083124931683, 25.885281190041102 ], [ 90.013351123821948, 25.885409256943749 ], [ 90.01374811629546, 25.885779203688415 ], [ 90.01470609139254, 25.886954222022879 ], [ 90.015054073580785, 25.887691227583314 ], [ 90.015181067514177, 25.887883228599968 ], [ 90.015348064325494, 25.888074263543416 ], [ 90.015539061426267, 25.888240267631442 ], [ 90.015833058459208, 25.888407274419915 ], [ 90.016102054479447, 25.888611247229434 ], [ 90.016344050735526, 25.888815283531425 ], [ 90.016536046762866, 25.889007287568958 ], [ 90.016600041845408, 25.889186287991791 ], [ 90.016664036029624, 25.889415289757814 ], [ 90.01672802931553, 25.88968425930565 ], [ 90.016856023972124, 25.889914292928498 ], [ 90.016958021384426, 25.890041293698339 ], [ 90.017264014519668, 25.890361299085772 ], [ 90.017494010181863, 25.89060327343493 ], [ 90.017712007046839, 25.890769278007454 ], [ 90.017980004140469, 25.890922313985733 ], [ 90.018197001180496, 25.891076287216794 ], [ 90.018452999476906, 25.891203293201663 ], [ 90.018707994355154, 25.891446328535647 ], [ 90.018848989430566, 25.891663300741449 ], [ 90.01895098324961, 25.891919333282246 ], [ 90.018925977745369, 25.892123300023393 ], [ 90.018835972842083, 25.892314329721621 ], [ 90.018810967337842, 25.89251932858026 ], [ 90.018874963318709, 25.892659329468696 ], [ 90.018989962048096, 25.892774332123437 ], [ 90.019231958304175, 25.892928306171243 ], [ 90.019888920525972, 25.893358349539664 ], [ 90.020169948581142, 25.893537356294676 ], [ 90.020489945553336, 25.893716361970078 ], [ 90.020770943964095, 25.893843336829796 ], [ 90.021076944285852, 25.893894343475424 ], [ 90.021358945216477, 25.893907348683648 ], [ 90.021690946375799, 25.893946357026483 ], [ 90.022099944833101, 25.894086395012366 ], [ 90.022278943136598, 25.894227368642039 ], [ 90.022661932671454, 25.894686405962563 ], [ 90.023083920767732, 25.895248384594677 ], [ 90.023377909715833, 25.895708388491286 ], [ 90.023645904114545, 25.895989425811692 ], [ 90.023964899465199, 25.896244431554923 ], [ 90.024246898599202, 25.896347406017743 ], [ 90.024540898327061, 25.89641044273958 ], [ 90.024923899540013, 25.896449451871348 ], [ 90.025559902269592, 25.89648946547161 ], [ 90.025991029825605, 25.896401065418207 ], [ 90.026411746805763, 25.896196653526509 ], [ 90.026973727457616, 25.895903649331725 ], [ 90.02762574894534, 25.895647669880113 ], [ 90.027627635407441, 25.895647385423171 ], [ 90.027629937789499, 25.895646481141032 ], [ 90.028140942642253, 25.895569523391227 ], [ 90.02890794758801, 25.895569540361663 ], [ 90.029686952229369, 25.895544526718435 ], [ 90.031386962700608, 25.89551856353221 ], [ 90.032332971339798, 25.895429615655818 ], [ 90.03292000780155, 25.895352597155718 ], [ 90.033277981052365, 25.89527660572444 ], [ 90.033580778880122, 25.89518777403487 ], [ 90.033784768314845, 25.895085777193763 ], [ 90.033963796262768, 25.894945833327608 ], [ 90.034149798730567, 25.894684885075307 ], [ 90.034187844179485, 25.894531862864635 ], [ 90.034200840106678, 25.894314820776234 ], [ 90.034187803755259, 25.894046821834859 ], [ 90.034085801851376, 25.89380388317386 ], [ 90.033561890004663, 25.893049770404335 ], [ 90.033523891268132, 25.89294778141322 ], [ 90.033561886411405, 25.892717812695764 ], [ 90.033727829498886, 25.892564880870626 ], [ 90.034060829584803, 25.892424841079542 ], [ 90.034660880838416, 25.892232891897201 ], [ 90.034662117818542, 25.892232618746 ], [ 90.034665069682575, 25.892231673222536 ], [ 90.03543707914281, 25.892060658617073 ], [ 90.036212155451423, 25.891857737503756 ], [ 90.036608928736001, 25.891652929026179 ], [ 90.036965939891161, 25.8913088759092 ], [ 90.037438931634341, 25.890924884706557 ], [ 90.037681893579347, 25.890720932057633 ], [ 90.037860947578409, 25.890516936224284 ], [ 90.038064910063653, 25.890273938576307 ], [ 90.038205958139685, 25.890145932713214 ], [ 90.038422978535891, 25.890018936904873 ], [ 90.038640930485101, 25.889890875810668 ], [ 90.038900674756235, 25.889726143658063 ], [ 90.039023945172772, 25.889647928596052 ], [ 90.039342974659391, 25.889417922739703 ], [ 90.039624020680876, 25.889240002370141 ], [ 90.039969977168155, 25.88903499377566 ], [ 90.040211993187171, 25.888894974041751 ], [ 90.040545042680421, 25.888716039446656 ], [ 90.040800000727771, 25.888588009265675 ], [ 90.041043040826167, 25.888485985709295 ], [ 90.041045922621592, 25.888485330287189 ], [ 90.041047208110783, 25.88848478962457 ], [ 90.041328210114798, 25.888420826552732 ], [ 90.041635211159786, 25.888459832667849 ], [ 90.041839209577674, 25.888561806948797 ], [ 90.042106207744709, 25.888706844158985 ], [ 90.04246520507499, 25.888880850592383 ], [ 90.042657202898951, 25.88900882388446 ], [ 90.042798199771013, 25.889135825628454 ], [ 90.042836195812583, 25.88931485818275 ], [ 90.042849189943155, 25.889582826651893 ], [ 90.042798181804713, 25.889851854813397 ], [ 90.042708173308199, 25.890132852740429 ], [ 90.042619167331523, 25.890374851802424 ], [ 90.042504156923997, 25.890694815878103 ], [ 90.04247815159485, 25.890923845427391 ], [ 90.042517144766393, 25.891166815068672 ], [ 90.042657139118603, 25.891447818755157 ], [ 90.042849132450982, 25.891702852898209 ], [ 90.042977096564911, 25.891932854302507 ], [ 90.043066120507874, 25.892201823770982 ], [ 90.04311711157834, 25.892584855601417 ], [ 90.043117099900243, 25.892992886639888 ], [ 90.043040090025869, 25.893337852078304 ], [ 90.042823083104381, 25.893593817144549 ], [ 90.042246067349609, 25.894012802904495 ], [ 90.042242450732303, 25.894013535068005 ], [ 90.042241861437461, 25.894013964991849 ], [ 90.041615876719916, 25.894141007414007 ], [ 90.041530580785377, 25.894165410411116 ], [ 90.041351056967443, 25.894216813707484 ], [ 90.041147054058001, 25.894305778660424 ], [ 90.040866044867428, 25.894586772449646 ], [ 90.04082700857677, 25.894765770068499 ], [ 90.040840032351753, 25.895008799683453 ], [ 90.040917029649705, 25.895161802688968 ], [ 90.041288025777206, 25.895378776954114 ], [ 90.041799024341756, 25.895557758017532 ], [ 90.042412018521944, 25.895927833773474 ], [ 90.042757015608473, 25.896093871263123 ], [ 90.043064014856839, 25.89620884632799 ], [ 90.043483016953132, 25.896222824248419 ], [ 90.044314020574703, 25.896274841621974 ], [ 90.044876022786113, 25.896312885105001 ], [ 90.045246022681994, 25.896389861764739 ], [ 90.045630021024905, 25.896516870921246 ], [ 90.046052018104334, 25.89674691062292 ], [ 90.046307012084256, 25.897053883273092 ], [ 90.046524001937783, 25.897474888322488 ], [ 90.046741991616187, 25.897908891788568 ], [ 90.046843980045367, 25.898368892587726 ], [ 90.046907967941337, 25.898841893025775 ], [ 90.046907954466619, 25.899351892441668 ], [ 90.046899105162737, 25.899513109706465 ], [ 90.046881941052632, 25.899824920454847 ], [ 90.046830931117512, 25.900220887612392 ], [ 90.046881923984628, 25.90048888869465 ], [ 90.046983921396915, 25.900616921320051 ], [ 90.047150920004867, 25.900718924693674 ], [ 90.047469918050481, 25.900846898887657 ], [ 90.047698918379325, 25.900883905745662 ], [ 90.048548919572525, 25.90102092378692 ], [ 90.048982920839123, 25.901071932178802 ], [ 90.049532955694332, 25.901071945108086 ], [ 90.050222928307875, 25.901084991545417 ], [ 90.051078934738726, 25.901033008615389 ], [ 90.051819940643568, 25.90097002607995 ], [ 90.052535944637384, 25.900931041876898 ], [ 90.053596952904286, 25.900906064925643 ], [ 90.054017954650419, 25.900944072168183 ], [ 90.054337954317546, 25.901021048231176 ], [ 90.054643950147735, 25.901238086874589 ], [ 90.055001941364864, 25.9016590939652 ], [ 90.055295930312951, 25.902132098183685 ], [ 90.055640909433194, 25.903000104815508 ], [ 90.05607588896514, 25.903856111025924 ], [ 90.056129878612012, 25.904285110964707 ], [ 90.056052869635977, 25.904578078994369 ], [ 90.055988863773649, 25.904783075134457 ], [ 90.055796854271577, 25.905089070952972 ], [ 90.055515845081018, 25.905408095776046 ], [ 90.055285836842444, 25.905651089735606 ], [ 90.055119831771179, 25.905804053892428 ], [ 90.054991827233067, 25.905970050819271 ], [ 90.054927819574118, 25.906200080979584 ], [ 90.054966813643986, 25.906443049874529 ], [ 90.055042809320412, 25.906609049942436 ], [ 90.055234806246091, 25.906775054624934 ], [ 90.055464804603204, 25.906915059609389 ], [ 90.055835801629044, 25.907094099129583 ], [ 90.056231799667529, 25.907247106665277 ], [ 90.056665769493065, 25.90733711547329 ], [ 90.0572918000247, 25.907516097790456 ], [ 90.057598796578091, 25.907694105347257 ], [ 90.057841792659076, 25.907899141322201 ], [ 90.058007786052215, 25.908180112436902 ], [ 90.058224774109092, 25.908703115465091 ], [ 90.05837876511174, 25.909074118812018 ], [ 90.058544758504866, 25.90935512025672 ], [ 90.058851749668378, 25.909751157238151 ], [ 90.059183744539496, 25.910019164143161 ], [ 90.059727742716035, 25.910247174446518 ], [ 90.060404740063575, 25.910451128091491 ], [ 90.061311739361571, 25.910681209305981 ], [ 90.061759767821314, 25.910886187567549 ], [ 90.062091732149696, 25.911154257342165 ], [ 90.062244727819021, 25.911371195733668 ], [ 90.062270690029038, 25.911614226697278 ], [ 90.062206713811108, 25.911856194633131 ], [ 90.061989704194701, 25.912163188570794 ], [ 90.061247686786871, 25.912635202886747 ], [ 90.060493672378399, 25.913031124622062 ], [ 90.060097666255061, 25.91318414627175 ], [ 90.059880658435247, 25.913427171883338 ], [ 90.059752652998839, 25.913593167777631 ], [ 90.059663647022191, 25.91377216645682 ], [ 90.059624641274226, 25.914027164467118 ], [ 90.059688634560118, 25.91429513337534 ], [ 90.059829630533841, 25.914449137513611 ], [ 90.060136630680532, 25.914525174770866 ], [ 90.060711633310731, 25.914538186592807 ], [ 90.062167641587862, 25.914576187827141 ], [ 90.063675652438462, 25.914500251601172 ], [ 90.064081735862629, 25.914423778822488 ], [ 90.064413470222334, 25.914258423216587 ], [ 90.064770516411784, 25.9141054514403 ], [ 90.065167491817306, 25.913901506539027 ], [ 90.06517093146654, 25.913900668652076 ], [ 90.065171677966546, 25.913900285664194 ], [ 90.065541682353953, 25.913810230961392 ], [ 90.066014686673569, 25.913785302792657 ], [ 90.066436687346268, 25.913848311613489 ], [ 90.066793685026681, 25.91398928829441 ], [ 90.067075681465724, 25.91420632489336 ], [ 90.067671657961199, 25.91522233621415 ], [ 90.068476634694036, 25.916295351925331 ], [ 90.069051617561314, 25.917023330997516 ], [ 90.06944761020992, 25.917381369380095 ], [ 90.069677606770441, 25.917547375867265 ], [ 90.06984357231579, 25.91776434774366 ], [ 90.069933593388711, 25.918109348210695 ], [ 90.069907586262957, 25.918402345730282 ], [ 90.069818580286281, 25.918581374275082 ], [ 90.069792577652066, 25.918709342824521 ], [ 90.069792572262173, 25.918862344178109 ], [ 90.069882569978915, 25.918990375443151 ], [ 90.070304568855008, 25.919156353810259 ], [ 90.070585566367427, 25.91932235941411 ], [ 90.070891563994252, 25.919462365662064 ], [ 90.071249563296234, 25.919565403076682 ], [ 90.071645565826302, 25.919565412772133 ], [ 90.072232509761562, 25.919526496927382 ], [ 90.072830396075332, 25.919310555203715 ], [ 90.073366376787916, 25.918991677060916 ], [ 90.073635446470036, 25.918723604096115 ], [ 90.073763410583936, 25.918442576497267 ], [ 90.073814407942621, 25.918186603130078 ], [ 90.073890449433094, 25.917842643547093 ], [ 90.073993466433237, 25.917535671666968 ], [ 90.074095447675887, 25.917190701840024 ], [ 90.074248493650856, 25.916896648523515 ], [ 90.074350486571561, 25.916667685549701 ], [ 90.074517449246898, 25.916539624291303 ], [ 90.074683503725495, 25.916411635611524 ], [ 90.074926446805875, 25.91627166937149 ], [ 90.07557445282427, 25.916079621629269 ], [ 90.075574998101644, 25.916079566686889 ], [ 90.07557868209264, 25.91607847511083 ], [ 90.075962685825459, 25.916040514759501 ], [ 90.076358686558862, 25.916078491270362 ], [ 90.076895685062667, 25.916282534211252 ], [ 90.077840679503893, 25.916691523154654 ], [ 90.078339678372885, 25.916870533289995 ], [ 90.078824676998138, 25.91704954476948 ], [ 90.079144673970333, 25.917189581187369 ], [ 90.079476672434737, 25.917355587136605 ], [ 90.079808669102505, 25.91757259491645 ], [ 90.080115661164314, 25.917904569144241 ], [ 90.08048565656857, 25.918160606952735 ], [ 90.081009651958666, 25.918466618965233 ], [ 90.081648648773069, 25.918722569101611 ], [ 90.082760648110451, 25.919003625119455 ], [ 90.083897645765575, 25.919335647834902 ], [ 90.084928673658169, 25.919738669162928 ], [ 90.085785641286435, 25.91999471833935 ], [ 90.086130638372964, 25.920147726104297 ], [ 90.086258633927912, 25.920313728696303 ], [ 90.086309658236033, 25.920607727437421 ], [ 90.086283612482703, 25.921118727505863 ], [ 90.085887576714953, 25.922420684620544 ], [ 90.085527535542354, 25.923880704037487 ], [ 90.085336504305602, 25.925004665647684 ], [ 90.085259496227891, 25.92531169563868 ], [ 90.08523348910208, 25.925579693836415 ], [ 90.085285484489049, 25.925758694514975 ], [ 90.085348446508988, 25.925988664260199 ], [ 90.085553477091153, 25.926090700627917 ], [ 90.085911474596472, 25.92620570785412 ], [ 90.087227468758471, 25.926716734552723 ], [ 90.088473462600234, 25.927286761569377 ], [ 90.088805457471395, 25.927528735311839 ], [ 90.089061482717256, 25.927835740953803 ], [ 90.089204382221055, 25.928133774136413 ], [ 90.08940643758298, 25.928422746867593 ], [ 90.089649431867329, 25.928690751725092 ], [ 90.09019842557511, 25.929048763557255 ], [ 90.090786454675268, 25.929278806863209 ], [ 90.091259423062255, 25.929393784318037 ], [ 90.09160442464038, 25.929418824713888 ], [ 90.091859425806817, 25.92943182923678 ], [ 90.092153428229636, 25.929380804027513 ], [ 90.09227961906916, 25.9293561611032 ], [ 90.092533247609865, 25.929267069896536 ], [ 90.092788212843686, 25.929127045402428 ], [ 90.092993270375288, 25.928999006565988 ], [ 90.093210287178252, 25.928909997493932 ], [ 90.093212099978501, 25.928909792290256 ], [ 90.093214447276353, 25.928908828479379 ], [ 90.093444450125048, 25.928882834666652 ], [ 90.09359744938763, 25.928933868170397 ], [ 90.093738448056286, 25.92904884030656 ], [ 90.093776411758512, 25.929214840865313 ], [ 90.09382743516835, 25.929546871173038 ], [ 90.093625400467673, 25.930765834246401 ], [ 90.093471360057706, 25.93224682668966 ], [ 90.093293341816164, 25.932948851668595 ], [ 90.092871300719281, 25.934366808351385 ], [ 90.092410185602461, 25.937453822658377 ], [ 90.092142160661041, 25.93828378410144 ], [ 90.092091182166968, 25.938654781599467 ], [ 90.092116174196505, 25.938947812863329 ], [ 90.092257170170228, 25.939126815853285 ], [ 90.09247416990523, 25.939203788800249 ], [ 90.092921141946178, 25.939203798494049 ], [ 90.093739181081574, 25.93906281561879 ], [ 90.096814222096938, 25.938210885220869 ], [ 90.097159227268321, 25.938120894329646 ], [ 90.097543230102843, 25.938082932191342 ], [ 90.097862232640011, 25.938108940130924 ], [ 90.098169229193402, 25.938286914419923 ], [ 90.098782220678672, 25.93874692654132 ], [ 90.099856200618262, 25.939755978652961 ], [ 90.100597187658508, 25.940406962685348 ], [ 90.101095177719401, 25.940880003714337 ], [ 90.101236170998177, 25.94117400526995 ], [ 90.101249161535506, 25.941530975071895 ], [ 90.101262148479577, 25.942029004873294 ], [ 90.101174131548035, 25.942649001478085 ], [ 90.100778103865139, 25.943593958572869 ], [ 90.100535090716178, 25.94402898457485 ], [ 90.100445084914583, 25.944206949918485 ], [ 90.100458079943465, 25.94439895101748 ], [ 90.100586079091684, 25.944487952426268 ], [ 90.100799788297778, 25.944450565057398 ], [ 90.101079903664626, 25.944247190455126 ], [ 90.101808926941885, 25.943672183901711 ], [ 90.103022955132602, 25.943097230278365 ], [ 90.103686928705159, 25.942829156410472 ], [ 90.103689806009029, 25.942828519869604 ], [ 90.103691110362831, 25.94282799318859 ], [ 90.103921143754249, 25.942777060215118 ], [ 90.104292147068278, 25.942751068654349 ], [ 90.104726148334876, 25.942815046689919 ], [ 90.105237147797723, 25.942917088680705 ], [ 90.105915149461751, 25.943045102697738 ], [ 90.106247147027844, 25.943186079998497 ], [ 90.106324145224121, 25.943275112212106 ], [ 90.106324141630864, 25.943428080863715 ], [ 90.105902129280025, 25.943786070530209 ], [ 90.104867100291145, 25.94461607620946 ], [ 90.104547092539192, 25.944871068876974 ], [ 90.104420086029364, 25.945089097909239 ], [ 90.104381078484764, 25.945344065319219 ], [ 90.104445072668994, 25.945574065496853 ], [ 90.104662067014061, 25.945855069588994 ], [ 90.105122052050234, 25.946532047798499 ], [ 90.105371043487452, 25.946859052656386 ], [ 90.105589041250724, 25.947025055582731 ], [ 90.105908040194635, 25.947153093405884 ], [ 90.106164036694381, 25.947344098577307 ], [ 90.106381031937772, 25.947549103546219 ], [ 90.106585025864092, 25.947855105476332 ], [ 90.106739007883547, 25.948519047155639 ], [ 90.106917979237608, 25.949656110414754 ], [ 90.10700697173958, 25.949962110907624 ], [ 90.107147967713303, 25.950154113930928 ], [ 90.10737796517212, 25.950282119272732 ], [ 90.108131960715951, 25.950627134384657 ], [ 90.109102955994771, 25.951035153578182 ], [ 90.109639981448026, 25.951355165488486 ], [ 90.110466747716387, 25.951790409175047 ], [ 90.112255052698586, 25.952298422721661 ], [ 90.112780126965291, 25.952423490451586 ], [ 90.113618196734905, 25.952707587131226 ], [ 90.113840677091417, 25.953113089520727 ], [ 90.114695679205781, 25.95356940252902 ], [ 90.115411729013715, 25.953660073022171 ], [ 90.115933554074061, 25.953918754331617 ], [ 90.116431938495353, 25.954272457062995 ], [ 90.117225009855758, 25.954670227491775 ], [ 90.118142452967206, 25.955165962752481 ], [ 90.118565691518384, 25.955136195466032 ], [ 90.119206325961557, 25.955140388280942 ], [ 90.119218741577114, 25.955115598088941 ], [ 90.119397738084004, 25.955051504772882 ], [ 90.119398446854731, 25.955051576659002 ], [ 90.119401911656809, 25.955050337633214 ], [ 90.119529881160588, 25.955063340941617 ], [ 90.119771912450958, 25.955088377495816 ], [ 90.120053912483257, 25.955165384433332 ], [ 90.120372910528872, 25.955318327137338 ], [ 90.120666908460109, 25.95547136333656 ], [ 90.120960906391346, 25.955599402474213 ], [ 90.121343906705988, 25.955676378384588 ], [ 90.121714908223382, 25.955701418039219 ], [ 90.121831069372789, 25.955721424074081 ], [ 90.121831597582187, 25.955723423950417 ], [ 90.12215815405257, 25.955779690248011 ], [ 90.122695156149632, 25.955830670097658 ], [ 90.123254157089676, 25.955943714647091 ], [ 90.123638155432616, 25.956109721725625 ], [ 90.124187149140397, 25.956453701248897 ], [ 90.124481148868284, 25.956517739685605 ], [ 90.124724148542526, 25.95658171266389 ], [ 90.125158149809124, 25.956658754163094 ], [ 90.125670150893498, 25.956696765236497 ], [ 90.126091153537928, 25.956709773209209 ], [ 90.126462155953647, 25.956747749535115 ], [ 90.126871154410935, 25.9568757582072 ], [ 90.127229151916268, 25.957066797681449 ], [ 90.127665021678624, 25.957310994404747 ], [ 90.127868146035752, 25.957424810494434 ], [ 90.128570141701033, 25.957743825305489 ], [ 90.128903139092017, 25.957922832029965 ], [ 90.129120138827005, 25.957973804489821 ], [ 90.129388140412232, 25.957973810951319 ], [ 90.129690980460822, 25.957886056310031 ], [ 90.130172967933248, 25.957654027841581 ], [ 90.130175761693778, 25.957653530303777 ], [ 90.130177154082489, 25.957652860727706 ], [ 90.130351155956362, 25.957621863956085 ], [ 90.130567155866444, 25.957652868804622 ], [ 90.130814156636973, 25.957713842209852 ], [ 90.131050157536819, 25.957734847016035 ], [ 90.13144116004402, 25.957744887418698 ], [ 90.131975162666365, 25.957744898726347 ], [ 90.132602168768372, 25.957683913221839 ], [ 90.133096172106036, 25.957652923727636 ], [ 90.133569142289659, 25.957652934227614 ], [ 90.134432182529196, 25.957570952728371 ], [ 90.135090185000081, 25.957570968074496 ], [ 90.135409188435574, 25.957561974425712 ], [ 90.135798931504752, 25.957529004438349 ], [ 90.136073004802995, 25.957448168968671 ], [ 90.136077195443789, 25.957446957429646 ], [ 90.13642219612359, 25.957346134725285 ], [ 90.13719301262114, 25.957048148803583 ], [ 90.137611959920179, 25.956873219616757 ], [ 90.137613823026086, 25.956873012038745 ], [ 90.13761618829021, 25.956872024225763 ], [ 90.137894222260556, 25.956841029671601 ], [ 90.138038223098903, 25.956841033710067 ], [ 90.138202223130449, 25.956872036341235 ], [ 90.138367223885169, 25.956903040579597 ], [ 90.138819225593437, 25.956923050448697 ], [ 90.139162759324392, 25.95689313175966 ], [ 90.139298067165754, 25.956852261503219 ], [ 90.139298342050239, 25.95685223646462 ], [ 90.139302229958773, 25.956851061265834 ], [ 90.139518263106524, 25.956831033615156 ], [ 90.139734234270492, 25.956831038461356 ], [ 90.139816231591311, 25.95693303922803 ], [ 90.139765227046084, 25.957098070023285 ], [ 90.13965222347494, 25.957180068005826 ], [ 90.139539221700403, 25.957231032710446 ], [ 90.139384219194753, 25.957293061182217 ], [ 90.139285489853464, 25.957337617598434 ], [ 90.141144934219611, 25.957235512989829 ], [ 90.141935742723803, 25.956874166237181 ], [ 90.142205461887841, 25.956640761071519 ], [ 90.142183281585176, 25.95619270013837 ], [ 90.141102418753846, 25.955843089350115 ], [ 90.141053018599735, 25.955155757357335 ], [ 90.14146408138555, 25.954537206987357 ], [ 90.141989091871878, 25.954666944951274 ], [ 90.142344810351361, 25.954972386407846 ], [ 90.142675465834415, 25.954949075097186 ], [ 90.142912186284818, 25.954715016714065 ], [ 90.143217773381522, 25.954362951740734 ], [ 90.14354986796566, 25.954279984153818 ], [ 90.143974459379635, 25.954467414940435 ], [ 90.144262755703792, 25.954831204329309 ], [ 90.144408275593264, 25.955639799850506 ], [ 90.144198786672376, 25.956113130227379 ], [ 90.143893196880725, 25.956465197235207 ], [ 90.143853718618928, 25.956732992093645 ], [ 90.144453511157735, 25.957053773594268 ], [ 90.148160874504967, 25.95685003791403 ], [ 90.148547223738959, 25.95671908757911 ], [ 90.148679533003929, 25.956086740182624 ], [ 90.149075529245792, 25.954996369728221 ], [ 90.149951223154403, 25.953724461105299 ], [ 90.150406188404801, 25.953135696053494 ], [ 90.150155813562051, 25.95273911183369 ], [ 90.15006977202583, 25.952200266766045 ], [ 90.150861945070929, 25.951874556996021 ], [ 90.150896932654618, 25.951737722453672 ], [ 90.151797785679406, 25.951612217011832 ], [ 90.152507852707544, 25.952366861495506 ], [ 90.153249442517293, 25.952738959981399 ], [ 90.154152599720803, 25.952517991258752 ], [ 90.155803980792427, 25.951929751659502 ], [ 90.157298116265153, 25.950877459042303 ], [ 90.158546796069643, 25.950489182902913 ], [ 90.159582851832909, 25.950634834564763 ], [ 90.159621924954493, 25.950299156970054 ], [ 90.159961878899068, 25.949888043179737 ], [ 90.160495488059283, 25.949659780005337 ], [ 90.161049917472866, 25.94993923478664 ], [ 90.160765928570527, 25.950769235865231 ], [ 90.160300513218445, 25.95140045757503 ], [ 90.159921516695022, 25.952010626459046 ], [ 90.16070647896332, 25.95231251272812 ], [ 90.161981437184835, 25.952003295501566 ], [ 90.162671131320636, 25.951873579641628 ], [ 90.163663823608516, 25.952322764410287 ], [ 90.164611743862622, 25.952436836526442 ], [ 90.165187852318923, 25.952639112207823 ], [ 90.16611633662356, 25.953564494826558 ], [ 90.167021770157987, 25.953247995240968 ], [ 90.167986846437401, 25.952646174153099 ], [ 90.169533739068427, 25.952007980335612 ], [ 90.169812533911809, 25.951392719481476 ], [ 90.170464272430209, 25.950641508915407 ], [ 90.171696678355019, 25.94990164559702 ], [ 90.172137243611402, 25.949146298724067 ], [ 90.172111839255152, 25.947999867017007 ], [ 90.171623699221357, 25.946848143785225 ], [ 90.172202247501971, 25.945385105972758 ], [ 90.175214233970934, 25.943653397193732 ], [ 90.180796641827556, 25.945010148944718 ], [ 90.180816623952751, 25.944876121534243 ], [ 90.180868695696503, 25.944787192311246 ], [ 90.181114616692042, 25.9445891835711 ], [ 90.181793646028794, 25.944291172628635 ], [ 90.181796757792938, 25.944290450470682 ], [ 90.181797825889817, 25.944289981148781 ], [ 90.182064828548448, 25.944227987830448 ], [ 90.182331832105405, 25.944177024766667 ], [ 90.182752835648159, 25.944136003078938 ], [ 90.183427838735781, 25.944177048192394 ], [ 90.18364383954416, 25.944218022206609 ], [ 90.183849840306792, 25.944218026245533 ], [ 90.184054842142842, 25.944187030783144 ], [ 90.184342844717875, 25.944167068024118 ], [ 90.184630846394626, 25.944146106032999 ], [ 90.184989848216446, 25.94415608216412 ], [ 90.185298848911231, 25.944198088533028 ], [ 90.1856278487992, 25.94430009620638 ], [ 90.185853846958381, 25.944393100250913 ], [ 90.186224844882517, 25.944568077062282 ], [ 90.186347811668497, 25.944691079432026 ], [ 90.186439838679476, 25.944865080811407 ], [ 90.186480832399127, 25.945112113910231 ], [ 90.18652282594374, 25.945359112564265 ], [ 90.186583820653198, 25.945554114281762 ], [ 90.190060413990466, 25.943942389211731 ], [ 90.192035683536105, 25.944580584743179 ], [ 90.193840777132635, 25.946949839789117 ], [ 90.195783571682426, 25.948539304007049 ], [ 90.198925494965664, 25.949674480983578 ], [ 90.202676415824385, 25.949858349678909 ], [ 90.207033171290519, 25.952029990168231 ], [ 90.210381999041587, 25.953502688935949 ], [ 90.211344769345644, 25.953220636095555 ], [ 90.212340651551088, 25.95322465693399 ], [ 90.2138427856231, 25.953230690614536 ], [ 90.216081198664924, 25.953367565423026 ], [ 90.21637392817496, 25.951938512304519 ], [ 90.213730468364815, 25.947981121387329 ], [ 90.208220129648467, 25.943696957116366 ], [ 90.208180762777801, 25.943451178775998 ], [ 90.206516542085794, 25.94334178636419 ], [ 90.205487849812911, 25.942175973208577 ], [ 90.205858666277365, 25.93989121795526 ], [ 90.207357084917362, 25.938308631153664 ], [ 90.208066415326968, 25.937591905738049 ], [ 90.208208522516699, 25.934302261846799 ], [ 90.210261534961987, 25.93233640682535 ], [ 90.213442908659204, 25.932158930078955 ], [ 90.215143294626216, 25.930685474824323 ], [ 90.214333665518524, 25.929836397069838 ], [ 90.213967567904277, 25.927441929884253 ], [ 90.216051780635979, 25.924139618800545 ], [ 90.218383036359057, 25.923802427594712 ], [ 90.218547067831622, 25.925811019603302 ], [ 90.218347351682695, 25.926750886242239 ], [ 90.217623950062517, 25.927118904970545 ], [ 90.216945121050074, 25.92791758480692 ], [ 90.216450457450648, 25.928743675773593 ], [ 90.216594531950861, 25.92942787060101 ], [ 90.217378645311257, 25.92969261255671 ], [ 90.218204051530279, 25.929398107311115 ], [ 90.219772879223896, 25.928926879128959 ], [ 90.2199549264095, 25.928630401525162 ], [ 90.222728899752369, 25.930248349954017 ], [ 90.223599629570714, 25.93533834695987 ], [ 90.225399184155208, 25.93741538368532 ], [ 90.225326761078691, 25.93866671635509 ], [ 90.224843897748855, 25.939552747813263 ], [ 90.224365224161502, 25.940259800691557 ], [ 90.224349830630814, 25.940916049642986 ], [ 90.225474353381557, 25.940818236402531 ], [ 90.226559149935511, 25.939769818930113 ], [ 90.22677106700263, 25.943213363927789 ], [ 90.225958341402119, 25.943574828542573 ], [ 90.226083136259732, 25.945009681241263 ], [ 90.225741221292921, 25.946077472493279 ], [ 90.22604117056288, 25.946799452484871 ], [ 90.227250928162775, 25.948539224847163 ], [ 90.227531926573533, 25.950633614070519 ], [ 90.230434607835363, 25.951183421628155 ], [ 90.231845862943317, 25.950276885105481 ], [ 90.233603053877317, 25.949665877680566 ], [ 90.235006665220581, 25.950623804882511 ], [ 90.236657900765124, 25.951156708999306 ], [ 90.236979958472574, 25.951899286483023 ], [ 90.239382235001997, 25.952053888468743 ], [ 90.242379646305452, 25.950917313624014 ], [ 90.246738463405194, 25.948015985816703 ], [ 90.251830822307994, 25.945084510540948 ], [ 90.253764276175474, 25.943971407280475 ], [ 90.256262879052812, 25.943893381673458 ], [ 90.257188355797865, 25.942448707120395 ], [ 90.258576923055031, 25.942962014044294 ], [ 90.258761482828461, 25.943815312394282 ], [ 90.258820192223865, 25.943813477104005 ], [ 90.258951647190955, 25.944202595965301 ], [ 90.258617955402272, 25.944610149522266 ], [ 90.256831060775099, 25.946510145986739 ], [ 90.256251848639451, 25.947573529416097 ], [ 90.257437996717016, 25.947667635890653 ], [ 90.258201660828249, 25.948899716736342 ], [ 90.258094260049489, 25.950115293001868 ], [ 90.257432528671885, 25.95132036424349 ], [ 90.25527281074389, 25.952210529766162 ], [ 90.252693827513241, 25.95409543742144 ], [ 90.252554757527491, 25.956671258944152 ], [ 90.252563781104499, 25.95843186748678 ], [ 90.253438889311568, 25.958554538759699 ], [ 90.255610822530798, 25.958826255820068 ], [ 90.258019932544585, 25.95912760527024 ], [ 90.260682906457646, 25.959533693724268 ], [ 90.260806032245455, 25.959550664660604 ], [ 90.262234443378745, 25.959747695178599 ], [ 90.263198913295312, 25.959880716255668 ], [ 90.265223293737535, 25.960145947861566 ], [ 90.267221894327747, 25.960407833490876 ], [ 90.271510932991106, 25.961105926058639 ], [ 90.275172935908074, 25.961844003477456 ], [ 90.276041058815522, 25.962092365086907 ], [ 90.278276931421686, 25.96273206946347 ], [ 90.280325934685848, 25.963093144626416 ], [ 90.283065909490148, 25.963533171429468 ], [ 90.284994940053167, 25.964000211597916 ], [ 90.287992965804307, 25.964903243061066 ], [ 90.290388930770533, 25.965611325269055 ], [ 90.292241932419458, 25.96597236575187 ], [ 90.293926962585019, 25.966417368909287 ], [ 90.296653934275568, 25.966974459411894 ], [ 90.298581930877688, 25.967561499603782 ], [ 90.300510928203067, 25.968119507797546 ], [ 90.303328923486418, 25.968902600439396 ], [ 90.305522925617197, 25.969357647269188 ], [ 90.306650736201902, 25.969737201175825 ], [ 90.306773922176802, 25.96977867347065 ], [ 90.308084919010881, 25.970200668098936 ], [ 90.308521919752209, 25.970275677632028 ], [ 90.310675928886553, 25.970456755369355 ], [ 90.311579930506412, 25.970636743372634 ], [ 90.31266492918131, 25.970923798741321 ], [ 90.314182929297857, 25.97130383053781 ], [ 90.314509180341076, 25.971335962417449 ], [ 90.314649930176429, 25.971349808672951 ], [ 90.315373934566168, 25.9713648873201 ], [ 90.315773870818873, 25.971462177699504 ], [ 90.316051933535277, 25.971529870416145 ], [ 90.316909932429468, 25.971770889121061 ], [ 90.317829936637807, 25.971846876456546 ], [ 90.318323499800997, 25.971949293846137 ], [ 90.318552969050415, 25.971996924063845 ], [ 90.318916841537714, 25.97213593169975 ], [ 90.319129247288345, 25.972217092229332 ], [ 90.32020993135491, 25.972629926517474 ], [ 90.321550925631257, 25.973140955266036 ], [ 90.323147924492218, 25.973577987929556 ], [ 90.323683924069414, 25.973692031365871 ], [ 90.32502592535721, 25.973976059739389 ], [ 90.326336922191274, 25.974413087684578 ], [ 90.326795969386311, 25.974636061687008 ], [ 90.327510612432505, 25.974637080846254 ], [ 90.327937641874172, 25.974734504998935 ], [ 90.328630729845102, 25.974747308276449 ], [ 90.329312355313021, 25.975267252285008 ], [ 90.329195809684691, 25.976041054758344 ], [ 90.32910687197996, 25.9770541221495 ], [ 90.329156021504119, 25.977801140065413 ], [ 90.329137812653329, 25.978606602724216 ], [ 90.328955092629585, 25.979058957611418 ], [ 90.329108808747748, 25.979322136812925 ], [ 90.329547180318187, 25.980343139851872 ], [ 90.330348193683989, 25.980568840150166 ], [ 90.331357223631912, 25.981214198502784 ], [ 90.332469999113698, 25.981652552962284 ], [ 90.333444696349815, 25.982356953786891 ], [ 90.333526205885406, 25.983134412874648 ], [ 90.33315235581027, 25.983605029209098 ], [ 90.332649169893742, 25.983953880801792 ], [ 90.33193850458764, 25.984716723978575 ], [ 90.331627961485495, 25.985307881076665 ], [ 90.330963740876228, 25.98583639761797 ], [ 90.330997617243895, 25.986935130448025 ], [ 90.330992573203574, 25.987167916723291 ], [ 90.331446049945541, 25.98751301019897 ], [ 90.331913475727205, 25.987827982702029 ], [ 90.332532810216676, 25.987617598191807 ], [ 90.333163441020886, 25.987403413271348 ], [ 90.333164265674313, 25.987403347864909 ], [ 90.333167619085245, 25.987402208500761 ], [ 90.333739624037378, 25.987357220969219 ], [ 90.334327625289745, 25.987432234900844 ], [ 90.335427628524826, 25.987597225330532 ], [ 90.336029625529306, 25.987823237925543 ], [ 90.336572626575858, 25.987959249661515 ], [ 90.337516620293854, 25.988396301535875 ], [ 90.337892620037493, 25.988517276536964 ], [ 90.338179621889296, 25.988517282996813 ], [ 90.338947625761662, 25.988547330913946 ], [ 90.339595626390178, 25.988652313650871 ], [ 90.339941625996588, 25.988758352474782 ], [ 90.340152623188828, 25.988908356699774 ], [ 90.340409619513508, 25.989149330093593 ], [ 90.340499612738697, 25.989390331254913 ], [ 90.340499588484178, 25.990309361513471 ], [ 90.340589576319445, 25.990805362426649 ], [ 90.340830561970833, 25.991393334157749 ], [ 90.341554569055532, 25.992462379932206 ], [ 90.341763682480632, 25.992964758678333 ], [ 90.34185551994706, 25.993185353476999 ], [ 90.342292493738924, 25.994269360150959 ], [ 90.342507466874622, 25.995334361976862 ], [ 90.342462444210895, 25.996162360088203 ], [ 90.342477436194699, 25.996493391692447 ], [ 90.342537431079236, 25.996659329427256 ], [ 90.342673391995802, 25.99670438202882 ], [ 90.342774253937606, 25.996675556213972 ], [ 90.342895239040061, 25.996509519996287 ], [ 90.343196260000198, 25.996253595244426 ], [ 90.343199785887705, 25.996252968681691 ], [ 90.343200447047735, 25.996252408327944 ], [ 90.343622451313706, 25.996177416982253 ], [ 90.343788109635241, 25.996177421019397 ], [ 90.343999452678872, 25.996237424919272 ], [ 90.344134480245884, 25.996403427609611 ], [ 90.344274706363393, 25.997303678976525 ], [ 90.344390420151782, 25.997547398944256 ], [ 90.344571417206794, 25.99768343495197 ], [ 90.344912415892026, 25.997840847930732 ], [ 90.346002416386426, 25.998074432935656 ], [ 90.346409416990497, 25.998165441338863 ], [ 90.346565351049094, 25.998299977266637 ], [ 90.346635412454745, 25.998360445959047 ], [ 90.346711404537885, 25.998662509590506 ], [ 90.346635377420426, 25.999670475437753 ], [ 90.347481352364539, 26.00079849232559 ], [ 90.34872272617082, 26.00234376502771 ], [ 90.349201307231681, 26.002939523525079 ], [ 90.350110274738455, 26.004366508538745 ], [ 90.3516032594693, 26.005274539195007 ], [ 90.354525246424913, 26.006442600422389 ], [ 90.357261424050463, 26.007491533831221 ], [ 90.359385228231702, 26.008305734333728 ], [ 90.360108225610034, 26.008582716551121 ], [ 90.361458980081935, 26.009028700798655 ], [ 90.362051269891495, 26.007934388106214 ], [ 90.363663690130934, 26.006722271487035 ], [ 90.365254761009325, 26.006464780108256 ], [ 90.366285640679905, 26.007629615445346 ], [ 90.367952552724518, 26.008710528318158 ], [ 90.369403941864434, 26.009978507130413 ], [ 90.37040839130276, 26.011401218228841 ], [ 90.370675216094952, 26.011457972148062 ], [ 90.372428221778051, 26.011619978888856 ], [ 90.374895237195076, 26.011685032760585 ], [ 90.378628261816687, 26.011588145427993 ], [ 90.379923725881184, 26.01136161907549 ], [ 90.382325092417233, 26.01029138978058 ], [ 90.383154152982854, 26.009962030293856 ], [ 90.383221116099051, 26.009935365731266 ], [ 90.383222122212175, 26.009935461803799 ], [ 90.38322533548596, 26.009934185411673 ], [ 90.384913342668369, 26.010096252382734 ], [ 90.387769350162955, 26.010485314246964 ], [ 90.389338352129784, 26.010781347455023 ], [ 90.391685729018903, 26.011223210039951 ], [ 90.391729354802379, 26.011231431012593 ], [ 90.393740732130851, 26.011619504184367 ], [ 90.395430359874027, 26.011945477165508 ], [ 90.39734420351887, 26.012496217929694 ], [ 90.398359664505904, 26.011980795721616 ], [ 90.399386197228864, 26.011459837061082 ], [ 90.400782192655114, 26.010876766120653 ], [ 90.402516325632391, 26.00900587814823 ], [ 90.403704307171466, 26.007870844316226 ], [ 90.404009322939672, 26.007578859888685 ], [ 90.405438344927319, 26.006119909416668 ], [ 90.406036560024504, 26.005754239290638 ], [ 90.407613425843309, 26.00478999374252 ], [ 90.408164444353744, 26.004563041710355 ], [ 90.408165205226794, 26.004563213679969 ], [ 90.408168636791174, 26.00456180078411 ], [ 90.408883636468531, 26.004723783936907 ], [ 90.409921635287759, 26.005047806895277 ], [ 90.410828645365513, 26.005015928862388 ], [ 90.411281427709739, 26.004790063176127 ], [ 90.413163506027814, 26.002454145715721 ], [ 90.414267597495751, 26.000897160790277 ], [ 90.41345061118588, 25.999844073347884 ], [ 90.414510595373372, 25.999491139051518 ], [ 90.415031636204461, 25.999255141106012 ], [ 90.415418614259167, 25.998869139256865 ], [ 90.415788660867406, 25.998331167592436 ], [ 90.41597367249345, 25.997944168780116 ], [ 90.416108647059829, 25.997413001838055 ], [ 90.416108672212658, 25.99688519540652 ], [ 90.415923728858587, 25.996212161355448 ], [ 90.41560372020831, 25.995405166518307 ], [ 90.415553742437453, 25.994867173340452 ], [ 90.415553747827374, 25.994077086773572 ], [ 90.41565481548335, 25.993304145865373 ], [ 90.415975804195625, 25.992501211110898 ], [ 90.41637881627986, 25.992047192107666 ], [ 90.416950836503304, 25.991677213184694 ], [ 90.416953657213313, 25.991676878089798 ], [ 90.416955036127263, 25.991675986656553 ], [ 90.417376039669989, 25.991625995329027 ], [ 90.417797043212744, 25.991609037095433 ], [ 90.418604045646546, 25.991659054268805 ], [ 90.419071696007052, 25.991558752631985 ], [ 90.41999687181648, 25.990988255215214 ], [ 90.421358883077232, 25.990181324627972 ], [ 90.422315161256719, 25.989768822466974 ], [ 90.422378914692445, 25.989741268332359 ], [ 90.422946056165614, 25.989574822617843 ], [ 90.423236914484917, 25.989489320984404 ], [ 90.423891229371563, 25.989304227919153 ], [ 90.424010953239389, 25.989270336618585 ], [ 90.424011090681603, 25.989270323698992 ], [ 90.424015148371765, 25.989269176278221 ], [ 90.424477184261718, 25.989224279090923 ], [ 90.424704154398057, 25.989202158325583 ], [ 90.425327156708832, 25.989286171993278 ], [ 90.426286158580297, 25.989437192960612 ], [ 90.427211165506449, 25.989404244827135 ], [ 90.428709180802869, 25.989168278300205 ], [ 90.429197184292775, 25.989168288797373 ], [ 90.429735184418121, 25.989269299821753 ], [ 90.430610178539155, 25.98967328652807 ], [ 90.431443326439293, 25.99023146029926 ], [ 90.432040162622499, 25.990631284447094 ], [ 90.432864146808427, 25.991421331200225 ], [ 90.433318144573249, 25.991623341214655 ], [ 90.433806146266491, 25.991690382817797 ], [ 90.435553155695075, 25.99176342136623 ], [ 90.436630161160551, 25.991831412458403 ], [ 90.436950159031085, 25.991982418850654 ], [ 90.437421153819372, 25.99226842893945 ], [ 90.437757145295194, 25.992671467078399 ], [ 90.438144137722986, 25.99307544289703 ], [ 90.438801133182423, 25.993411456256283 ], [ 90.44033215078575, 25.994269520024044 ], [ 90.441560104660013, 25.99514351223312 ], [ 90.442216096701301, 25.995580525278136 ], [ 90.443293087793734, 25.996135580160356 ], [ 90.445049082171806, 25.996785585347219 ], [ 90.446647078162727, 25.997340649877497 ], [ 90.448178069714928, 25.998013682308535 ], [ 90.449204060753758, 25.99860167125977 ], [ 90.450029058239338, 25.998920689029607 ], [ 90.45207486799265, 25.999490481824726 ], [ 90.452266055536242, 25.999543768049858 ], [ 90.453874051572953, 26.000049802299728 ], [ 90.456588046200878, 26.000914858871198 ], [ 90.458258366453649, 26.00225348570056 ], [ 90.460620985956552, 26.004146939912133 ], [ 90.463474950682169, 26.006199966237201 ], [ 90.464867934057295, 26.007119025672299 ], [ 90.46716590899571, 26.008633072847399 ], [ 90.46899188033774, 26.010154078260484 ], [ 90.470323848342119, 26.011675135015736 ], [ 90.471274826461453, 26.012740154217912 ], [ 90.472073834787537, 26.012626171276533 ], [ 90.473329842149823, 26.012664167486367 ], [ 90.474508876468647, 26.012816224053473 ], [ 90.476525842216518, 26.013386265900596 ], [ 90.477629840259652, 26.013728258195414 ], [ 90.478213844009019, 26.01375330163377 ], [ 90.478541090385548, 26.013766240324369 ], [ 90.479413672530058, 26.013311539796462 ], [ 90.480988675242969, 26.011970550047582 ], [ 90.48111424355001, 26.011863565006557 ], [ 90.481734703628533, 26.011334557628071 ], [ 90.483573811035001, 26.009832663351315 ], [ 90.484763850614343, 26.008860624133636 ], [ 90.486970899876354, 26.007339642334198 ], [ 90.488644904120108, 26.005970685275763 ], [ 90.490432961167286, 26.004905765341405 ], [ 90.492183954624124, 26.004145865300107 ], [ 90.493059025101942, 26.003651808347101 ], [ 90.493060791189805, 26.003651977088555 ], [ 90.493063207657926, 26.003650613431599 ], [ 90.494661214428646, 26.003802678440945 ], [ 90.495993220162262, 26.003878676558397 ], [ 90.497093016784802, 26.003689255216237 ], [ 90.498128092486112, 26.003043909667944 ], [ 90.499117098986375, 26.002549981297911 ], [ 90.499840082889961, 26.001941007935841 ], [ 90.500715099468863, 26.001599022489152 ], [ 90.50158232495933, 26.001045224693858 ], [ 90.502203140770717, 25.999753076741328 ], [ 90.50349123415829, 25.997520103392365 ], [ 90.503706998709774, 25.997152996738738 ], [ 90.504779317664401, 25.995328077729599 ], [ 90.505826376891591, 25.993477090269657 ], [ 90.506333354596919, 25.992510118113167 ], [ 90.508694540388632, 25.988007244028751 ], [ 90.511029710071355, 25.983823277181411 ], [ 90.511263549624658, 25.98332265850398 ], [ 90.511478674575628, 25.98286222949649 ], [ 90.512183673308911, 25.981796320045557 ], [ 90.514155797852752, 25.979261359533876 ], [ 90.516079854444072, 25.976733390333134 ], [ 90.516772892109316, 25.975821447742003 ], [ 90.517960962581611, 25.974474436002797 ], [ 90.521875067801574, 25.970613465853905 ], [ 90.523726326718872, 25.969222899732959 ], [ 90.525041708229836, 25.968248387633924 ], [ 90.525209367997846, 25.968124212988158 ], [ 90.526948200062407, 25.966972588947087 ], [ 90.528739268262385, 25.965604652574946 ], [ 90.529987275228748, 25.964438736827951 ], [ 90.531466388174977, 25.96261176736563 ], [ 90.531828407437843, 25.961867781058981 ], [ 90.532170356540618, 25.961122820847486 ], [ 90.532480608588642, 25.960890629957728 ], [ 90.532484282698135, 25.960889802096926 ], [ 90.532484783059758, 25.960889427338504 ], [ 90.533502832093134, 25.960659781766065 ], [ 90.533640381231123, 25.960619776217875 ], [ 90.533801413228957, 25.960338841290469 ], [ 90.534414336442268, 25.957710724523174 ], [ 90.534425459382106, 25.957662821983615 ], [ 90.535089520989573, 25.955450805595749 ], [ 90.535880616954671, 25.952457848736142 ], [ 90.536483695530762, 25.951190834218018 ], [ 90.536705671932395, 25.950768911154324 ], [ 90.536141694325678, 25.950245818541209 ], [ 90.534893686461018, 25.949158873769633 ], [ 90.534853750956742, 25.948977826263214 ], [ 90.534933752221022, 25.948756865020705 ], [ 90.535920820156903, 25.947227868838919 ], [ 90.535998781347132, 25.947009848613266 ], [ 90.535998764279157, 25.946828848691631 ], [ 90.535535842650305, 25.945722881631802 ], [ 90.535475853155646, 25.945500888407363 ], [ 90.535455846775946, 25.945279847940302 ], [ 90.535475803748298, 25.944957889735157 ], [ 90.53565691039779, 25.944434848045038 ], [ 90.536099903800363, 25.943469899277567 ], [ 90.536240908757222, 25.942745864848508 ], [ 90.536260912441989, 25.942302909622718 ], [ 90.536260937594804, 25.941779852102012 ], [ 90.53589798318572, 25.940612877205535 ], [ 90.53577796287388, 25.93992987584549 ], [ 90.535536010635269, 25.939667791984483 ], [ 90.535092957943874, 25.939426917566959 ], [ 90.534711038302504, 25.939285883258442 ], [ 90.534469022283503, 25.939204796956865 ], [ 90.534368949062511, 25.939164835010274 ], [ 90.53420702413932, 25.939043877921254 ], [ 90.534207026834238, 25.938802785731948 ], [ 90.534570001006273, 25.938098864125056 ], [ 90.535858126733203, 25.935766895483074 ], [ 90.534992140019526, 25.934861864865667 ], [ 90.534529116881075, 25.934177895475457 ], [ 90.534449129091513, 25.933896913610695 ], [ 90.534429145169725, 25.933674880324105 ], [ 90.534429158644457, 25.933373876929263 ], [ 90.534489191258274, 25.933071818508289 ], [ 90.534509125772729, 25.932829893309588 ], [ 90.534449121905013, 25.932608892884783 ], [ 90.534248140928156, 25.932387837918519 ], [ 90.53402616093328, 25.932206847841211 ], [ 90.533161167756276, 25.931824792939622 ], [ 90.533000142944999, 25.931763851369034 ], [ 90.532881952501356, 25.931763865910682 ], [ 90.532742365086008, 25.931883615440899 ], [ 90.532420352294295, 25.932305639285875 ], [ 90.532368659639587, 25.932512262729858 ], [ 90.532138320820977, 25.933432630797132 ], [ 90.532078315156625, 25.933593629396924 ], [ 90.531917312803202, 25.933673593409875 ], [ 90.531915137083573, 25.933673788910962 ], [ 90.531913127552286, 25.933674786612812 ], [ 90.531691156540546, 25.933694823857124 ], [ 90.530584124886673, 25.933493776700281 ], [ 90.528600705824772, 25.933153611061055 ], [ 90.528007143102457, 25.933051717337104 ], [ 90.525719095446263, 25.933249669533911 ], [ 90.525115093402064, 25.933249724468297 ], [ 90.524974125276074, 25.933028690092968 ], [ 90.524833096962979, 25.931680699823048 ], [ 90.524430146862528, 25.929689681556997 ], [ 90.524413799320982, 25.929601610151657 ], [ 90.524108160121955, 25.92795963574531 ], [ 90.524169203340492, 25.927094663907852 ], [ 90.524249246825562, 25.92606868837165 ], [ 90.524188288048691, 25.925567689082687 ], [ 90.523946311555548, 25.925104648340749 ], [ 90.522799307566501, 25.92307365660038 ], [ 90.52209438069842, 25.921846579843198 ], [ 90.521966026715674, 25.921180752374891 ], [ 90.521772418212379, 25.920176622377859 ], [ 90.52090744659499, 25.918124548407118 ], [ 90.520081517556449, 25.916374592418276 ], [ 90.519969295519587, 25.915949138224416 ], [ 90.519557548217549, 25.914387630255444 ], [ 90.519396522507904, 25.914025583229854 ], [ 90.518953634208231, 25.913582555592008 ], [ 90.518309596048439, 25.913039536681033 ], [ 90.517947558819245, 25.912818590453007 ], [ 90.517806595184851, 25.912677584092563 ], [ 90.517685552590223, 25.912516527834235 ], [ 90.517584603511864, 25.912315483336755 ], [ 90.517504635485253, 25.912114527376961 ], [ 90.517423567920758, 25.911832528155859 ], [ 90.517363612562065, 25.91159149261166 ], [ 90.517282610574597, 25.911349554837045 ], [ 90.517041606956909, 25.911168577704263 ], [ 90.516779651033517, 25.911068535519778 ], [ 90.516618590289625, 25.910987546965028 ], [ 90.516558660083746, 25.910847477325479 ], [ 90.516538610584902, 25.91066550394968 ], [ 90.516517666364081, 25.910404564606825 ], [ 90.516538672568672, 25.91018350355197 ], [ 90.516638617330543, 25.909941509559822 ], [ 90.516671211802318, 25.909870336045067 ], [ 90.516739683189925, 25.909720557527756 ], [ 90.516900667577033, 25.90945957811725 ], [ 90.517338667244942, 25.908901530341115 ], [ 90.517560723596659, 25.908419544551442 ], [ 90.5176407059963, 25.908077594334141 ], [ 90.517660683629913, 25.907795520818095 ], [ 90.5176607554951, 25.90749352694603 ], [ 90.517520716227153, 25.907151506977133 ], [ 90.517117743668805, 25.906709520938733 ], [ 90.515949790967312, 25.905824572621739 ], [ 90.515144772911967, 25.905160493808342 ], [ 90.514983750795622, 25.904999561422009 ], [ 90.514923755012731, 25.904878528868338 ], [ 90.514882805310521, 25.904657488163004 ], [ 90.514842803330893, 25.904375559191386 ], [ 90.51482279425629, 25.904054454057061 ], [ 90.514762775117177, 25.903832545567127 ], [ 90.514681778519588, 25.903712505731274 ], [ 90.514601775458715, 25.90363146202596 ], [ 90.514419811816452, 25.903531525769541 ], [ 90.514218848805925, 25.90347051300871 ], [ 90.513809836873918, 25.903278437956885 ], [ 90.513588837839293, 25.90311746825639 ], [ 90.513467833872184, 25.902896498593641 ], [ 90.513386785172315, 25.902755433503643 ], [ 90.513326814542282, 25.902574489244934 ], [ 90.513306866553066, 25.902313477054783 ], [ 90.513386822901552, 25.902051471166185 ], [ 90.513447870611628, 25.901749531275897 ], [ 90.513507872682723, 25.901548449032944 ], [ 90.513487881574378, 25.901387498790214 ], [ 90.513366817420192, 25.901267493638258 ], [ 90.513105888271184, 25.901186411889885 ], [ 90.512843842516276, 25.901166487099669 ], [ 90.512460858371298, 25.901126438721771 ], [ 90.512158862739085, 25.901065494211956 ], [ 90.512038863088506, 25.900965445883223 ], [ 90.508587799871606, 25.899190838999264 ], [ 90.508632937519707, 25.897042610992532 ], [ 90.510282476146671, 25.893919077047936 ], [ 90.512869894557824, 25.891384682405317 ], [ 90.515349200724543, 25.894006012208909 ], [ 90.517213248058255, 25.895757161507646 ], [ 90.517892810994255, 25.897475015194789 ], [ 90.518717177862499, 25.897743379694514 ], [ 90.519140172970225, 25.898025419869558 ], [ 90.520428151373437, 25.899131414319719 ], [ 90.521918124951483, 25.900479443010266 ], [ 90.523488092607224, 25.902108474199323 ], [ 90.524152077857892, 25.902853486813399 ], [ 90.524783065293235, 25.903471498845221 ], [ 90.525387052964433, 25.904095511514157 ], [ 90.525870037566833, 25.904779552020081 ], [ 90.526157126555219, 25.905035307224409 ], [ 90.526474030627895, 25.90522159538882 ], [ 90.527018029702688, 25.905362543594972 ], [ 90.528286032268937, 25.90556357085433 ], [ 90.528915876148957, 25.905692241178592 ], [ 90.529172034345478, 25.905744589717173 ], [ 90.53058102569895, 25.906368618644038 ], [ 90.531950014174484, 25.907152646310024 ], [ 90.533178000388091, 25.907977703861935 ], [ 90.533841083730238, 25.908511748685456 ], [ 90.534410606637223, 25.908970415305511 ], [ 90.534626978449808, 25.909144732846684 ], [ 90.536277955279559, 25.910411766446391 ], [ 90.53705494679636, 25.910949782129684 ], [ 90.537617940747836, 25.911291760380355 ], [ 90.537839935115827, 25.911592765222821 ], [ 90.537899913830685, 25.912377764933403 ], [ 90.538100884027727, 25.913584767070073 ], [ 90.538342879385482, 25.913805771653987 ], [ 90.539127873094827, 25.91422882011814 ], [ 90.539726123226274, 25.914402300083633 ], [ 90.540234872409371, 25.914549842611429 ], [ 90.542126907654009, 25.914871883099394 ], [ 90.544904883889785, 25.915253942858566 ], [ 90.54657589315039, 25.915294947130352 ], [ 90.54820690582126, 25.915213981677663 ], [ 90.548641595197367, 25.91521683547105 ], [ 90.549126911826221, 25.915220001953479 ], [ 90.54938791284043, 25.91522000760936 ], [ 90.549548909803974, 25.915421042307155 ], [ 90.54956889282748, 25.916045009533331 ], [ 90.549568886539262, 25.916266009506241 ], [ 90.549448882397101, 25.916406975216972 ], [ 90.549246880035795, 25.916467034340961 ], [ 90.549246740796903, 25.916467025453244 ], [ 90.549242658852265, 25.916468239837709 ], [ 90.548900666630345, 25.916448197240715 ], [ 90.548538677910201, 25.916428178071563 ], [ 90.54825667248798, 25.916428186959276 ], [ 90.548017225650696, 25.91644797100804 ], [ 90.547777866848293, 25.916587970165669 ], [ 90.547374851170815, 25.917050961140372 ], [ 90.546952832531787, 25.91769398206776 ], [ 90.546348818809491, 25.91805696880197 ], [ 90.546207812055954, 25.91827796500376 ], [ 90.546066800810877, 25.918679929097856 ], [ 90.545925784175893, 25.91924292537724 ], [ 90.545892056928523, 25.920732983941608 ], [ 90.545885737280514, 25.921012951715735 ], [ 90.545965723273397, 25.92157692092303 ], [ 90.546066716369225, 25.921857954785246 ], [ 90.546166714131715, 25.921958956531043 ], [ 90.546629717507244, 25.921938966575357 ], [ 90.547332863016109, 25.921798354891965 ], [ 90.548155547339832, 25.921517152028386 ], [ 90.548157931468594, 25.921516586471032 ], [ 90.548159738878965, 25.921515968397632 ], [ 90.548702746213678, 25.921386980850649 ], [ 90.548842746854092, 25.92138698408241 ], [ 90.548863742278925, 25.921567983505067 ], [ 90.548178652907239, 25.924766994535549 ], [ 90.548098645354784, 25.925047992515115 ], [ 90.548098642659824, 25.925148991527468 ], [ 90.548581674872949, 25.925228970157981 ], [ 90.550413650554376, 25.925430041110641 ], [ 90.552083658193411, 25.925511045598292 ], [ 90.552707659430794, 25.925611090878856 ], [ 90.553070657857305, 25.925752098737419 ], [ 90.553311687526161, 25.925913103791462 ], [ 90.553372650794586, 25.926134103847346 ], [ 90.553392611360223, 25.926456103804778 ], [ 90.553392602377045, 25.926778103690431 ], [ 90.553452625109415, 25.927100103504205 ], [ 90.553714618762015, 25.927422108901403 ], [ 90.554559603762655, 25.928206093529575 ], [ 90.555092593085348, 25.928725073307319 ], [ 90.555716580848014, 25.929308148466934 ], [ 90.556058550612036, 25.929388124274947 ], [ 90.55748757798959, 25.929871154574577 ], [ 90.55901757600509, 25.930334217790939 ], [ 90.559701572127054, 25.930656232124477 ], [ 90.560386563582327, 25.931138182754747 ], [ 90.561412542044749, 25.932164234527864 ], [ 90.562419523833825, 25.933110254051407 ], [ 90.562801520730318, 25.933311294591959 ], [ 90.564251521074823, 25.933673325201763 ], [ 90.565338519399518, 25.933995347374861 ], [ 90.566042519206221, 25.934176362979645 ], [ 90.566727518746362, 25.93435734518442 ], [ 90.567552509045399, 25.934960361643515 ], [ 90.568740485194567, 25.936147384127672 ], [ 90.569380473749064, 25.936763397561677 ], [ 90.570165468356734, 25.937145446142573 ], [ 90.570728465901453, 25.937346457178112 ], [ 90.572077464167023, 25.937749454076158 ], [ 90.572741461994099, 25.937970467477243 ], [ 90.572963459955304, 25.938111472663326 ], [ 90.573084454040924, 25.938372474272331 ], [ 90.572983424114199, 25.939459469328007 ], [ 90.572943404168271, 25.94022346778922 ], [ 90.57300339635789, 25.940545468826159 ], [ 90.573184393412902, 25.940706471437942 ], [ 90.57354739094113, 25.940867479484286 ], [ 90.573929385142677, 25.941188519089188 ], [ 90.574150376990758, 25.941530523510647 ], [ 90.574251370086571, 25.941832555396125 ], [ 90.57419135993068, 25.942194491155707 ], [ 90.573587314767295, 25.94374347513784 ], [ 90.572136222969718, 25.946896406142194 ], [ 90.571914205245577, 25.947459463088716 ], [ 90.57189419706927, 25.947801462222909 ], [ 90.571955183693916, 25.94830443077878 ], [ 90.572035166991839, 25.948947462907263 ], [ 90.572136159189355, 25.949269464323223 ], [ 90.572357144749247, 25.949865436831082 ], [ 90.573022128926539, 25.950630480849245 ], [ 90.573545112813591, 25.951374491341962 ], [ 90.573928096958554, 25.952098497755117 ], [ 90.57418909437952, 25.952259503149111 ], [ 90.574552092806044, 25.952400479110665 ], [ 90.575156090358689, 25.952601491571194 ], [ 90.575639090232428, 25.952762501931332 ], [ 90.576001085240804, 25.953023541341267 ], [ 90.576605072911946, 25.953667552496746 ], [ 90.577450052522707, 25.954653536935432 ], [ 90.578256036266993, 25.95543755274884 ], [ 90.578872991119283, 25.956090564651554 ], [ 90.579175018192529, 25.956332603609649 ], [ 90.579436016511821, 25.956472639377335 ], [ 90.579737980703015, 25.95669461433716 ], [ 90.579980004806828, 25.957076619255705 ], [ 90.580140994583871, 25.95745858981897 ], [ 90.580422984734696, 25.957901626950285 ], [ 90.580683946223033, 25.958263599736664 ], [ 90.580985971499658, 25.958524605947055 ], [ 90.581368968221057, 25.958725645102781 ], [ 90.581952966580502, 25.958947626313286 ], [ 90.58273796747639, 25.959128643140499 ], [ 90.583240968339936, 25.959188653833415 ], [ 90.583663111844785, 25.959188661910204 ], [ 90.584041808330909, 25.959048930639373 ], [ 90.584484766699163, 25.958726892974404 ], [ 90.584887794953076, 25.958384876310838 ], [ 90.58518981034824, 25.95816388830254 ], [ 90.585511841106225, 25.958002875638535 ], [ 90.585515616725388, 25.958001903988812 ], [ 90.585516015577369, 25.958001704489654 ], [ 90.586179368414079, 25.957830845054914 ], [ 90.58656531160959, 25.957731459561195 ], [ 90.587047851545918, 25.957570934151452 ], [ 90.58751087737933, 25.957350009230318 ], [ 90.587731892583633, 25.957168989667437 ], [ 90.58781189474621, 25.956987966595396 ], [ 90.587771851444103, 25.956444919939717 ], [ 90.587771921512712, 25.956162948457884 ], [ 90.587791897349661, 25.955901972549121 ], [ 90.587872898438832, 25.955680000940674 ], [ 90.58799388354133, 25.95556002521624 ], [ 90.588154902962728, 25.955478974352133 ], [ 90.588637931582582, 25.955297989066228 ], [ 90.590006928142984, 25.954835078109422 ], [ 90.591093965095226, 25.954392997076212 ], [ 90.591395958930804, 25.954172083959886 ], [ 90.591656968029866, 25.953991092625966 ], [ 90.591660904447437, 25.953990055518098 ], [ 90.591661160467325, 25.953989877820497 ], [ 90.592044166171846, 25.953888885765135 ], [ 90.592547170628663, 25.953848864991908 ], [ 90.594097180413755, 25.95384889810834 ], [ 90.594600185768897, 25.953808941131214 ], [ 90.594943189493819, 25.953747948741061 ], [ 90.59556719432446, 25.953687930427787 ], [ 90.595784007209858, 25.953628123706221 ], [ 90.596025968431647, 25.953468112064222 ], [ 90.596469008546606, 25.952965211608355 ], [ 90.597012048220691, 25.952321133607754 ], [ 90.597415071084711, 25.951798165012558 ], [ 90.597596060054883, 25.951637217952062 ], [ 90.597599676672246, 25.951636499877825 ], [ 90.597600262373817, 25.951635978890334 ], [ 90.597902265192545, 25.95157598454001 ], [ 90.598586270297659, 25.951596000161064 ], [ 90.599754275999715, 25.951676056957119 ], [ 90.600574280648956, 25.951715075265881 ], [ 90.600916280955715, 25.951755049916077 ], [ 90.601057277827778, 25.951896084638342 ], [ 90.601158272720227, 25.952137054710519 ], [ 90.601218260418264, 25.95258008683227 ], [ 90.601228853352097, 25.952620117729548 ], [ 90.601319250819117, 25.952962088141817 ], [ 90.601520244372395, 25.953223060068272 ], [ 90.601882241177378, 25.953485067720766 ], [ 90.602345236468054, 25.953766077163738 ], [ 90.602869235451394, 25.953947088228826 ], [ 90.603108322962584, 25.953987799566185 ], [ 90.603227041615554, 25.953908318628994 ], [ 90.603388031392583, 25.95344629150701 ], [ 90.604757118682826, 25.950670325013952 ], [ 90.605965186551629, 25.948115364165766 ], [ 90.606717219276575, 25.946633378157006 ], [ 90.606979235387072, 25.94639245901854 ], [ 90.608046293807405, 25.945828459146139 ], [ 90.612031320120749, 25.944239573058955 ], [ 90.614742843483384, 25.943009022685615 ], [ 90.619234457633212, 25.940970703366609 ], [ 90.619963541097576, 25.940639717436557 ], [ 90.622193556688146, 25.939536719946119 ], [ 90.624569730870348, 25.938051241192117 ], [ 90.626118669863601, 25.937082820570133 ], [ 90.62621964768806, 25.937021854252933 ], [ 90.622265170382576, 25.932975993362106 ], [ 90.620692983888077, 25.931367489242273 ], [ 90.620321777554807, 25.930987736484141 ], [ 90.617050841823726, 25.927388712791799 ], [ 90.614755899597725, 25.925256640389147 ], [ 90.613104909293241, 25.923868646595729 ], [ 90.61133392742299, 25.922319576623138 ], [ 90.610267405296867, 25.921530679351743 ], [ 90.607637201925343, 25.919585258506785 ], [ 90.607477955778293, 25.919467492124816 ], [ 90.606873976191935, 25.919065457191909 ], [ 90.607074980524985, 25.917918405524247 ], [ 90.607114250377634, 25.917216777412154 ], [ 90.607156066055779, 25.916470524787261 ], [ 90.607122822102056, 25.916144506960173 ], [ 90.607035124970793, 25.91528350610854 ], [ 90.607013026414791, 25.915143100602734 ], [ 90.606814139410886, 25.913875480329196 ], [ 90.606769022424061, 25.913273517888467 ], [ 90.606713157094859, 25.912527456852072 ], [ 90.60679817185671, 25.91130449783596 ], [ 90.606939189390005, 25.9108615302728 ], [ 90.607201195619041, 25.910539486913354 ], [ 90.607885217792116, 25.910137516885808 ], [ 90.608892238208767, 25.9097954633746 ], [ 90.609395287581364, 25.909614546882693 ], [ 90.609838235169846, 25.909300535905345 ], [ 90.610221280400268, 25.909051586242871 ], [ 90.61106629863859, 25.908005557524866 ], [ 90.611388325803333, 25.907321579359341 ], [ 90.611831350646938, 25.905671579401822 ], [ 90.612148331974737, 25.904044674929864 ], [ 90.612241395641547, 25.903566621526792 ], [ 90.613086546830502, 25.900005614383002 ], [ 90.61314756220122, 25.899925681675334 ], [ 90.613590574468432, 25.899724628647697 ], [ 90.613594343799363, 25.899723634698965 ], [ 90.613594737261451, 25.899723456111417 ], [ 90.61542216297596, 25.899241446560708 ], [ 90.616951580679782, 25.89859778603131 ], [ 90.61706045289894, 25.898564203976733 ], [ 90.617797556522191, 25.898336752114648 ], [ 90.617797766727975, 25.898336752922724 ], [ 90.617801769620868, 25.898335517341046 ], [ 90.619733814031676, 25.898335559362167 ], [ 90.62436383970217, 25.898536689909516 ], [ 90.625813796029206, 25.900527685568576 ], [ 90.627262749836433, 25.902599745434756 ], [ 90.627399683628454, 25.902786404307648 ], [ 90.628523713204089, 25.904318737450307 ], [ 90.629771679746256, 25.905887761041534 ], [ 90.630174666677675, 25.906511800523653 ], [ 90.630214643504431, 25.907356799234634 ], [ 90.630214577927418, 25.909870794999794 ], [ 90.630210400761342, 25.909871430910648 ], [ 90.630210399863046, 25.909872000563968 ], [ 90.629284393111959, 25.910012956141671 ], [ 90.627432396677818, 25.910153907510807 ], [ 90.625601509754532, 25.910327472656213 ], [ 90.625525471857316, 25.912717688340884 ], [ 90.625572452848346, 25.913447687670509 ], [ 90.625582448402525, 25.913602656043597 ], [ 90.626279418892111, 25.914900700675513 ], [ 90.627903352838572, 25.917792697609329 ], [ 90.628355345563676, 25.918225738374719 ], [ 90.630088324205815, 25.919448774273082 ], [ 90.632198333857559, 25.920785785524135 ], [ 90.633761292857443, 25.921556816983227 ], [ 90.634135290256324, 25.921707825498551 ], [ 90.635023286592741, 25.922064875284804 ], [ 90.635937282868468, 25.922431894688899 ], [ 90.639453243974785, 25.923657124093385 ], [ 90.64085327014169, 25.92414496481442 ], [ 90.641008269952408, 25.924198062991369 ], [ 90.643968261932699, 25.925211093451399 ], [ 90.646281256702679, 25.926002078771127 ], [ 90.648500251761291, 25.926761124799221 ], [ 90.660663218824411, 25.930986412378388 ], [ 90.663466240090273, 25.932066470571186 ], [ 90.667553199137231, 25.93344055587799 ], [ 90.670397189868282, 25.934494552144749 ], [ 90.671251188564483, 25.934785633109744 ], [ 90.672055185235351, 25.935059650028375 ], [ 90.672903178693872, 25.93553063637459 ], [ 90.674786149039008, 25.937129704728271 ], [ 90.67809809016785, 25.940172739681255 ], [ 90.680396049834926, 25.942299816569601 ], [ 90.682317015323321, 25.944050823033102 ], [ 90.683352991136516, 25.945273874435472 ], [ 90.685955943215589, 25.947713926978683 ], [ 90.687462912020436, 25.949275924697826 ], [ 90.687876911398945, 25.949426934035817 ], [ 90.690641913267044, 25.949969023580842 ], [ 90.690947913588786, 25.950028998556501 ], [ 90.693000921542477, 25.9502740426618 ], [ 90.695369927168713, 25.95064112443146 ], [ 90.697478934300605, 25.950904169311297 ], [ 90.698119939748011, 25.950886182609707 ], [ 90.698568943778128, 25.950813192985915 ], [ 90.698702166629701, 25.950791455941406 ], [ 90.699151726717034, 25.950623415552073 ], [ 90.699152596286226, 25.950623459977745 ], [ 90.699155952392118, 25.950622205558314 ], [ 90.700247958824534, 25.95067822874152 ], [ 90.702405962766974, 25.951055244410679 ], [ 90.703365960870045, 25.951357264790374 ], [ 90.705004955970566, 25.951959298438684 ], [ 90.70668195340086, 25.952486364723502 ], [ 90.707566957449075, 25.952580321072833 ], [ 90.708979962475254, 25.952674383159213 ], [ 90.711145976695036, 25.952693460824424 ], [ 90.711891983521056, 25.952617446580291 ], [ 90.712701768037292, 25.952467536612293 ], [ 90.713356775525028, 25.952280655127446 ], [ 90.713450777033003, 25.952242707246256 ], [ 90.713451481312191, 25.952242904331985 ], [ 90.713455004504709, 25.952241481114577 ], [ 90.713926004682932, 25.952373490515203 ], [ 90.715488988835631, 25.953351553167423 ], [ 90.716243161347592, 25.954087630041489 ], [ 90.716279974307938, 25.954123537846357 ], [ 90.716682649523918, 25.954675576966448 ], [ 90.717014949822271, 25.955196552278284 ], [ 90.717391944000923, 25.955478590691708 ], [ 90.717711944566375, 25.955572597961289 ], [ 90.718105809106063, 25.955572606038359 ], [ 90.718385737623308, 25.955404860825187 ], [ 90.718630727964225, 25.955178801275672 ], [ 90.718762809955422, 25.95474576305304 ], [ 90.718856809666732, 25.953879802986073 ], [ 90.718877249932731, 25.953703531508982 ], [ 90.718889687107833, 25.953596437698035 ], [ 90.719233888287022, 25.950623879194545 ], [ 90.719402913494235, 25.949362871547919 ], [ 90.719478931628558, 25.949249830371858 ], [ 90.720909946977841, 25.948647841834337 ], [ 90.72237295492765, 25.948097956199767 ], [ 90.724331972153166, 25.947360942029185 ], [ 90.724332314411285, 25.947361188396542 ], [ 90.724336205014794, 25.947359724732031 ], [ 90.724471172394658, 25.947456820094033 ], [ 90.726822143443243, 25.949147805984872 ], [ 90.728938144857921, 25.950790817020362 ], [ 90.730260844943516, 25.951837530605221 ], [ 90.730294125728179, 25.951863844868221 ], [ 90.731217119529759, 25.952328863562993 ], [ 90.73195111767707, 25.952578879281777 ], [ 90.732128117229067, 25.952618133147226 ], [ 90.733647118967184, 25.95295491474964 ], [ 90.73470112127319, 25.953161968832447 ], [ 90.735191123514582, 25.953161978525124 ], [ 90.736453139707791, 25.952861007162728 ], [ 90.736999144720613, 25.952785988143553 ], [ 90.737357144920921, 25.952879995140357 ], [ 90.737715140629632, 25.953162032642489 ], [ 90.737998129707066, 25.953614037895829 ], [ 90.738111121600113, 25.953990040171501 ], [ 90.738092116841983, 25.954122008840965 ], [ 90.737960111207599, 25.954310036779916 ], [ 90.737395095148401, 25.954794022980284 ], [ 90.737245085479131, 25.955133019556055 ], [ 90.73715006617995, 25.955809984802393 ], [ 90.737188056831627, 25.956206016708663 ], [ 90.737433050765787, 25.956449990677385 ], [ 90.738827046542227, 25.956996050014915 ], [ 90.740673037738702, 25.957787057746611 ], [ 90.742136718526666, 25.95839768056009 ], [ 90.742387030487322, 25.958502093333141 ], [ 90.742516057308194, 25.958556852777413 ], [ 90.743754437029651, 25.955937743298712 ], [ 90.743958944792269, 25.955505354840707 ], [ 90.743961889469787, 25.955506737633382 ], [ 90.743963120161709, 25.955504133589233 ], [ 90.745808108838332, 25.956370170553313 ], [ 90.747146097351759, 25.957160229411699 ], [ 90.747410095145767, 25.957273204030159 ], [ 90.74757650086562, 25.95725548403307 ], [ 90.747762892303939, 25.957143485092871 ], [ 90.747800900023606, 25.956898450440814 ], [ 90.747706947024668, 25.956484422095016 ], [ 90.747536965111664, 25.95610738262106 ], [ 90.747028915716186, 25.955486401210234 ], [ 90.746546674020522, 25.955066598432108 ], [ 90.745709985859847, 25.95433834715924 ], [ 90.745314943628827, 25.95411237602562 ], [ 90.745201958023969, 25.953924365540701 ], [ 90.745220959188842, 25.953359414713468 ], [ 90.745258073084827, 25.951308445309429 ], [ 90.745334086727524, 25.951138358047405 ], [ 90.745691055661879, 25.951007389242314 ], [ 90.745692569323126, 25.951007193769989 ], [ 90.745695249895931, 25.951006209946502 ], [ 90.746711176210297, 25.950874497875667 ], [ 90.747104058891395, 25.950706428526292 ], [ 90.74742404777875, 25.950498447685131 ], [ 90.747653077752034, 25.950294465606049 ], [ 90.747822106552505, 25.949804489247018 ], [ 90.747822092179447, 25.949541445948963 ], [ 90.747728082586676, 25.949221445263685 ], [ 90.747540096638744, 25.948882476090876 ], [ 90.746975110223943, 25.948581404127257 ], [ 90.746702184074323, 25.948496934889643 ], [ 90.746184161582576, 25.948336459083997 ], [ 90.745882147984034, 25.948223381381265 ], [ 90.745656159706328, 25.948073406851876 ], [ 90.745581142295293, 25.94782841713285 ], [ 90.745637192677449, 25.946623356193037 ], [ 90.745694219528303, 25.946153385141997 ], [ 90.74567516356619, 25.945870374448045 ], [ 90.745392195149989, 25.945626387439304 ], [ 90.744413205763479, 25.945155348566953 ], [ 90.744177741157813, 25.945014879292629 ], [ 90.742868176238318, 25.944233315161632 ], [ 90.742586160036339, 25.944082372671378 ], [ 90.742492201647494, 25.943894387366591 ], [ 90.742454219978995, 25.943555314809878 ], [ 90.742409183840536, 25.942960308795261 ], [ 90.74229622698175, 25.942659320240722 ], [ 90.741962268393436, 25.942228282120425 ], [ 90.741260274524748, 25.941323350421612 ], [ 90.739791288286725, 25.939647279145369 ], [ 90.742013417567406, 25.935827366435372 ], [ 90.742105638614461, 25.935674498586991 ], [ 90.742811198794783, 25.934504559791645 ], [ 90.743429537950945, 25.933479352412931 ], [ 90.743702554830421, 25.93296537161131 ], [ 90.744898597850835, 25.930712449808873 ], [ 90.745591607668345, 25.929506835664505 ], [ 90.746066684401285, 25.928680433354661 ], [ 90.746069139496953, 25.928682220407307 ], [ 90.746070841804411, 25.928679257874727 ], [ 90.747316231978331, 25.929585345836497 ], [ 90.747843808053162, 25.930383324684257 ], [ 90.749742746850757, 25.933177329808174 ], [ 90.749880743349777, 25.93335030040468 ], [ 90.749984742208525, 25.933419334271385 ], [ 90.750165564990397, 25.933396731224377 ], [ 90.751009588793664, 25.932759499465767 ], [ 90.751107674941238, 25.932717527794967 ], [ 90.751170576774058, 25.932690530649293 ], [ 90.751171445444953, 25.932690785933843 ], [ 90.751174770109813, 25.932689360864398 ], [ 90.75145076939603, 25.932770366825128 ], [ 90.752210738736494, 25.934116380738647 ], [ 90.752474729343973, 25.93456435522172 ], [ 90.75260172597234, 25.934691357195721 ], [ 90.752807027845662, 25.93471417245852 ], [ 90.752988522567364, 25.934611578870992 ], [ 90.753379538549282, 25.934370574552691 ], [ 90.753694712466725, 25.93427741233387 ], [ 90.754012705297527, 25.934186575040179 ], [ 90.754243568732278, 25.934082671463589 ], [ 90.754323582572951, 25.933921664645688 ], [ 90.754323553826836, 25.933749581105207 ], [ 90.754185537564922, 25.933427637430427 ], [ 90.753623255079134, 25.93270477326417 ], [ 90.753460632164931, 25.932495605386762 ], [ 90.753414561167247, 25.932368648709879 ], [ 90.753356636899454, 25.932150637332757 ], [ 90.753345616367525, 25.931885617337841 ], [ 90.753356672832041, 25.931632582302992 ], [ 90.75342560775033, 25.931391632481471 ], [ 90.753544992953252, 25.931055543767055 ], [ 90.753865667255184, 25.930152633191181 ], [ 90.753934684818446, 25.929911595515883 ], [ 90.753934639902695, 25.929692677187361 ], [ 90.753830704824324, 25.929370629521099 ], [ 90.753600727128443, 25.929002592779888 ], [ 90.752921640299505, 25.928255626261393 ], [ 90.752599684101682, 25.927933534273162 ], [ 90.752265722818407, 25.927645637269222 ], [ 90.751851727931495, 25.92734657035707 ], [ 90.751321744371765, 25.927070516556718 ], [ 90.74994674706528, 25.926443578041383 ], [ 90.748829721653863, 25.926075466718618 ], [ 90.747011708486923, 25.925431418601036 ], [ 90.746752216642392, 25.925288144970125 ], [ 90.746708203685046, 25.923963311699893 ], [ 90.746698769577932, 25.923680450484909 ], [ 90.746772716197171, 25.922977474298836 ], [ 90.746839067560671, 25.922344856862356 ], [ 90.746839783517956, 25.922337469118986 ], [ 90.74688304368712, 25.921919347459131 ], [ 90.747021792076012, 25.92115827544324 ], [ 90.747299635603454, 25.919634869193072 ], [ 90.747334914241307, 25.91944149703783 ], [ 90.746365079585843, 25.919139998370664 ], [ 90.742989932993609, 25.918090420073067 ], [ 90.738273885549845, 25.916438259162259 ], [ 90.738293488585967, 25.916420156505779 ], [ 90.739169489718421, 25.915607252661662 ], [ 90.740856023663753, 25.914042309438461 ], [ 90.741737079616314, 25.913018401088877 ], [ 90.741741173239078, 25.913017290900541 ], [ 90.741741256782376, 25.913017193132873 ], [ 90.744610264695766, 25.912239226493995 ], [ 90.746993618213736, 25.916041582096579 ], [ 90.748588161080718, 25.917166301989614 ], [ 90.750326139745724, 25.918422368604034 ], [ 90.750763980411847, 25.918682659189709 ], [ 90.751315130974632, 25.919010389329529 ], [ 90.751846443142696, 25.919146899925323 ], [ 90.752144130454809, 25.919223406806655 ], [ 90.752812128479846, 25.919464420286978 ], [ 90.753240124508778, 25.919758429225574 ], [ 90.754069115904088, 25.920319445731511 ], [ 90.754550080195415, 25.920586455043171 ], [ 90.754952111319383, 25.920666432729682 ], [ 90.755353112974007, 25.920720442219096 ], [ 90.755874240941651, 25.920754921247596 ], [ 90.756155116283239, 25.920773490230197 ], [ 90.756877091378769, 25.920747505934465 ], [ 90.757545127133042, 25.920693519887852 ], [ 90.758374134698073, 25.920640538092247 ], [ 90.758802134320234, 25.920747547139634 ], [ 90.759096131353161, 25.920960553398483 ], [ 90.759892082712327, 25.921818567862076 ], [ 90.760013108238994, 25.922094540242647 ], [ 90.760186103101461, 25.922283574289107 ], [ 90.760390575829817, 25.922351704905747 ], [ 90.760457889288986, 25.922267729897616 ], [ 90.760457917136762, 25.922026794862635 ], [ 90.760388892386956, 25.921733807158798 ], [ 90.760388922031368, 25.921405700818454 ], [ 90.760388958862308, 25.921181729983996 ], [ 90.760336950000621, 25.920802736190122 ], [ 90.760181998698926, 25.920457796929213 ], [ 90.760077974687363, 25.920113734091313 ], [ 90.759922951520466, 25.919785756553814 ], [ 90.759819018238716, 25.919458750879532 ], [ 90.75983696028986, 25.919027778970953 ], [ 90.759853989652711, 25.918492749196442 ], [ 90.759991993338247, 25.918079785669235 ], [ 90.760251054889764, 25.917579810053663 ], [ 90.760268033048632, 25.917286798370455 ], [ 90.760233089482412, 25.917010759793445 ], [ 90.760385067360488, 25.916589801840153 ], [ 90.760489039269771, 25.916348757436303 ], [ 90.760471066675905, 25.916158798437138 ], [ 90.760264049918675, 25.915986762486749 ], [ 90.759109110212393, 25.915141780358876 ], [ 90.757246090551405, 25.914280777033394 ], [ 90.756694085690782, 25.913987711096617 ], [ 90.756505119680853, 25.913814686228637 ], [ 90.756418153778213, 25.913487669649847 ], [ 90.756401144178312, 25.913090719251333 ], [ 90.756453077581497, 25.912642678502049 ], [ 90.756505178969661, 25.911746696937684 ], [ 90.756556191599699, 25.911390684899732 ], [ 90.756694179115541, 25.911217758838639 ], [ 90.756918152472096, 25.911062767131359 ], [ 90.756920983961848, 25.911062489175688 ], [ 90.756922377248884, 25.911061524410862 ], [ 90.757267380623645, 25.911027531394449 ], [ 90.757524116436869, 25.911009694551034 ], [ 90.757867192925346, 25.910821719509769 ], [ 90.759436244299522, 25.909804817814884 ], [ 90.759697429468375, 25.909705262517701 ], [ 90.760876442227641, 25.909256139084398 ], [ 90.760885229547753, 25.909252755891604 ], [ 90.762144342385952, 25.908683850486376 ], [ 90.762559263435904, 25.908504817419352 ], [ 90.762661330916814, 25.908459829630008 ], [ 90.762665146960117, 25.908458801817684 ], [ 90.762665483828357, 25.908458653140443 ], [ 90.763303493394289, 25.908286666559157 ], [ 90.764079501255821, 25.908183653226359 ], [ 90.765770544743901, 25.90814871964081 ], [ 90.768779495805504, 25.908365096324015 ], [ 90.769108528931127, 25.908388791778087 ], [ 90.772264539594644, 25.908784827964034 ], [ 90.774324549017678, 25.908953871799323 ], [ 90.775256552023251, 25.909029923103994 ], [ 90.776273554519349, 25.9092189126462 ], [ 90.776865391577999, 25.909238320557606 ], [ 90.776865544291567, 25.909238187233775 ], [ 90.777860381756341, 25.909270803086702 ], [ 90.778015325871507, 25.911425803366971 ], [ 90.778084321875212, 25.91161483512651 ], [ 90.77818831983565, 25.911700837738024 ], [ 90.778412287802283, 25.911769811564149 ], [ 90.779015322360948, 25.911787823629847 ], [ 90.780861337811928, 25.911718895870617 ], [ 90.781119337554799, 25.911752901615866 ], [ 90.781154334121624, 25.911925899612751 ], [ 90.781197974278129, 25.912520712470108 ], [ 90.781326273463634, 25.914269901505339 ], [ 90.781555234266605, 25.915817902447536 ], [ 90.781986201024182, 25.917178909535718 ], [ 90.782659166732756, 25.918643920804506 ], [ 90.782952145974477, 25.919488926311541 ], [ 90.783021132995003, 25.920005925406617 ], [ 90.783073121195457, 25.920470926864539 ], [ 90.783090093964461, 25.921487894934582 ], [ 90.783159080086691, 25.922039927047024 ], [ 90.783314037676575, 25.92250492936909 ], [ 90.783901056172027, 25.923142941289456 ], [ 90.784401047679367, 25.923573919967716 ], [ 90.784975030721739, 25.924378930446348 ], [ 90.785010024593632, 25.924620929548876 ], [ 90.78495798698583, 25.924878960441617 ], [ 90.784837009069889, 25.925137956226994 ], [ 90.784717003131121, 25.925361953476802 ], [ 90.784595999164011, 25.925499951354148 ], [ 90.784543993895596, 25.92565494993654 ], [ 90.784629990516052, 25.925809920846159 ], [ 90.784939981154281, 25.926227956801501 ], [ 90.7860099815572, 25.927670977766287 ], [ 90.787303917587408, 25.929256970513666 ], [ 90.788079893109611, 25.930412016478954 ], [ 90.78816239079201, 25.93052486245557 ], [ 90.788596878047173, 25.931119027273308 ], [ 90.79003180286459, 25.933098052947038 ], [ 90.791325799980228, 25.934701079655291 ], [ 90.792670771996654, 25.936149074934242 ], [ 90.794170731247377, 25.938079103906155 ], [ 90.795558684955182, 25.940177161639596 ], [ 90.796351669178975, 25.940970146788473 ], [ 90.796387168802369, 25.940992020549583 ], [ 90.796861351711627, 25.941284498308089 ], [ 90.796938664318219, 25.941332157900586 ], [ 90.798076655510073, 25.941918210416709 ], [ 90.799559644686738, 25.942659211188506 ], [ 90.801163635135552, 25.943486276381865 ], [ 90.803198619291393, 25.944572317104878 ], [ 90.80365049164223, 25.944829608806881 ], [ 90.807781581325841, 25.947181412776139 ], [ 90.808505575834133, 25.947560426733581 ], [ 90.808850573818972, 25.94775040377457 ], [ 90.80911406855644, 25.948001594810275 ], [ 90.809213562364064, 25.948284440446301 ], [ 90.809161550807417, 25.94869843785898 ], [ 90.809041325679672, 25.948914311186329 ], [ 90.808902535968301, 25.949163431900228 ], [ 90.807919490688263, 25.95062840980529 ], [ 90.807801474517802, 25.951243404870254 ], [ 90.807836459406545, 25.95181240450917 ], [ 90.807939451253887, 25.952157344056307 ], [ 90.808060444441168, 25.952432377873013 ], [ 90.808267441435476, 25.95262241328621 ], [ 90.80847443932808, 25.95274338550648 ], [ 90.808732439070923, 25.952829389604606 ], [ 90.809077472090095, 25.952829398489577 ], [ 90.809203441944064, 25.952818432015416 ], [ 90.809473417127975, 25.952794528216057 ], [ 90.809867471212186, 25.952623780765965 ], [ 90.810229413219943, 25.952416741891071 ], [ 90.810867450633651, 25.952192851816555 ], [ 90.810868003995864, 25.952192684616701 ], [ 90.810871470594563, 25.952191469792684 ], [ 90.811561447699646, 25.9519844842754 ], [ 90.812061485919401, 25.951881465518333 ], [ 90.812509490124654, 25.951846506113597 ], [ 90.812712927095461, 25.951796358117306 ], [ 90.812885517716069, 25.951623894403077 ], [ 90.813040474407629, 25.951261846272104 ], [ 90.813385506528462, 25.950503808657725 ], [ 90.813489488319249, 25.950400881495163 ], [ 90.813492167095433, 25.950400882302922 ], [ 90.813493533432947, 25.950399529336689 ], [ 90.813734536152339, 25.95039953499089 ], [ 90.814251532768012, 25.950657513462211 ], [ 90.81457953103444, 25.950795521288413 ], [ 90.814976532491087, 25.950847529931544 ], [ 90.815285401133579, 25.950830629629031 ], [ 90.815472547156716, 25.950744856699405 ], [ 90.815627493966801, 25.950538920316326 ], [ 90.815731542232911, 25.950262912785728 ], [ 90.815817546938192, 25.949951888906433 ], [ 90.815886551925061, 25.949727961834533 ], [ 90.816058592776713, 25.949469943362228 ], [ 90.816062441159389, 25.949468759204517 ], [ 90.816062576804981, 25.94946855565215 ], [ 90.816286578907594, 25.949399590965054 ], [ 90.81652857785862, 25.949520565689244 ], [ 90.816873571351906, 25.949882602212373 ], [ 90.817252532841053, 25.950243609366577 ], [ 90.817666560965606, 25.950433619234261 ], [ 90.817925563228314, 25.950450593098196 ], [ 90.818352561228934, 25.950633633456253 ], [ 90.818628529972457, 25.950719639095691 ], [ 90.818904561598004, 25.950753614201687 ], [ 90.819232563457689, 25.950753620663583 ], [ 90.81947327242797, 25.950719699676096 ], [ 90.819762597323106, 25.950617954425212 ], [ 90.819969601503928, 25.950427958586623 ], [ 90.820142541569126, 25.950151991990808 ], [ 90.82028055423784, 25.949979996782385 ], [ 90.82052158390664, 25.949842038888161 ], [ 90.820524072239962, 25.949841567165144 ], [ 90.820525564341679, 25.949840711763361 ], [ 90.82088860049744, 25.94977169075209 ], [ 90.82121191494798, 25.949669859868596 ], [ 90.821556621878699, 25.949480052320627 ], [ 90.821694586038348, 25.949239022690822 ], [ 90.821701053908384, 25.949205187696109 ], [ 90.821763650314026, 25.948877022960769 ], [ 90.821763632347725, 25.948480056866838 ], [ 90.821798647779175, 25.948067010224115 ], [ 90.821849611001895, 25.947843079567349 ], [ 90.821970663477984, 25.947653050171517 ], [ 90.822177686523403, 25.947515118630132 ], [ 90.822384647585096, 25.947394061877059 ], [ 90.822781651736705, 25.947239043428844 ], [ 90.823126709908678, 25.947084055471567 ], [ 90.823453706553593, 25.946895045865841 ], [ 90.823626714890779, 25.946722130700522 ], [ 90.823815678205719, 25.946429071121088 ], [ 90.823936740563326, 25.946171089039311 ], [ 90.824057755310179, 25.945947036034546 ], [ 90.82422973956794, 25.945843047514625 ], [ 90.824231156211169, 25.945843308425069 ], [ 90.824233756833905, 25.945841737307962 ], [ 90.824423727160323, 25.945876772810685 ], [ 90.824613721741201, 25.946134777347101 ], [ 90.824975702376534, 25.946944782374231 ], [ 90.825061688217218, 25.947479783935506 ], [ 90.825078680749129, 25.947772783548992 ], [ 90.825165670906301, 25.948168785143164 ], [ 90.825320663530462, 25.948513786254171 ], [ 90.825527656931484, 25.948806791372132 ], [ 90.825751653644232, 25.948961764137756 ], [ 90.825958684774491, 25.949030799355587 ], [ 90.826336322146901, 25.948995899685663 ], [ 90.826730656505475, 25.948808195245025 ], [ 90.826732655256976, 25.948807774406266 ], [ 90.826734664788276, 25.948806817220195 ], [ 90.827389673174309, 25.948668799793097 ], [ 90.828010678530234, 25.948599843522828 ], [ 90.828614654523307, 25.94844479596744 ], [ 90.829353935662795, 25.948221707710886 ], [ 90.829793434618892, 25.948032411561961 ], [ 90.830037717985689, 25.947927243133762 ], [ 90.831089690099162, 25.947272248126055 ], [ 90.831520713450587, 25.947048230334826 ], [ 90.831830755292799, 25.946858315974428 ], [ 90.832469768276894, 25.946393307983264 ], [ 90.832472423696871, 25.946392922677664 ], [ 90.832473766678234, 25.946391946085537 ], [ 90.832714769397597, 25.946356918813759 ], [ 90.832956769246934, 25.946408924570946 ], [ 90.833145768494489, 25.946512928746472 ], [ 90.833352760997215, 25.946839932849699 ], [ 90.83341675068985, 25.947247964359935 ], [ 90.833525744181586, 25.947511934436921 ], [ 90.833818739592957, 25.947770971745445 ], [ 90.833994457249062, 25.947876788943191 ], [ 90.835077727565334, 25.948528997068191 ], [ 90.835542725200824, 25.94877100714714 ], [ 90.835836724030344, 25.948873982584189 ], [ 90.836111396504876, 25.948907824943845 ], [ 90.836263695979852, 25.948823305859786 ], [ 90.836384734082912, 25.948547354081082 ], [ 90.836435706288782, 25.948186338494786 ], [ 90.836453711222006, 25.947737389157517 ], [ 90.836504806497047, 25.946203426492893 ], [ 90.836297865198333, 25.944514362034486 ], [ 90.835918914488985, 25.942670401560079 ], [ 90.835246938723841, 25.940965360539536 ], [ 90.835022962672369, 25.940690385565638 ], [ 90.834884956291901, 25.940517315884318 ], [ 90.83479793828694, 25.940414314560087 ], [ 90.83471190663218, 25.940293367640052 ], [ 90.834660926341499, 25.940155349928624 ], [ 90.834661008986501, 25.939948338406719 ], [ 90.834780961924722, 25.939776328294737 ], [ 90.834987958020704, 25.939638376218266 ], [ 90.835108962886082, 25.939449326388939 ], [ 90.8351609385101, 25.93908733453231 ], [ 90.83519495770993, 25.938190306694242 ], [ 90.835126003028734, 25.937725345260763 ], [ 90.835073986980504, 25.93743236911963 ], [ 90.835074023811444, 25.9372773359433 ], [ 90.835178002907242, 25.937105355859863 ], [ 90.835181566523985, 25.937104753217039 ], [ 90.835182030054654, 25.937103987392092 ], [ 90.835389032438854, 25.937069024408039 ], [ 90.835675752219657, 25.93708787436935 ], [ 90.836079030205198, 25.937328039447614 ], [ 90.836889003367659, 25.938569022420065 ], [ 90.837682964060164, 25.940240068300728 ], [ 90.838061946210573, 25.941033074836838 ], [ 90.838354936232051, 25.941447050082541 ], [ 90.83926892621956, 25.942050069023853 ], [ 90.840211920112637, 25.942560119040973 ], [ 90.840642920107868, 25.942664127423491 ], [ 90.841056922181295, 25.942681105638567 ], [ 90.841418925274453, 25.942647113662996 ], [ 90.841712928595612, 25.942629120045549 ], [ 90.841953926823422, 25.942698188056614 ], [ 90.842281923293186, 25.942957162445129 ], [ 90.842522912537831, 25.943405135619034 ], [ 90.842712891847384, 25.944267169356234 ], [ 90.84286788716652, 25.944474172479378 ], [ 90.843143883757776, 25.944680177630019 ], [ 90.843540879824545, 25.944922186733901 ], [ 90.843833874337619, 25.945232159249816 ], [ 90.843954863931643, 25.945611161710392 ], [ 90.844057852185713, 25.946111196106671 ], [ 90.844195844193152, 25.946439196495945 ], [ 90.84436776826378, 25.946525130884648 ], [ 90.844760828811289, 25.946388564766444 ], [ 90.844932419606977, 25.946323436793669 ], [ 90.846123841693569, 25.94587155217976 ], [ 90.847554857941176, 25.945181552850205 ], [ 90.848248909804425, 25.944956255599507 ], [ 90.848696914009651, 25.94490526619418 ], [ 90.849179918375, 25.944887306848479 ], [ 90.850311895345982, 25.944870331374776 ], [ 90.852457943610275, 25.944758378003961 ], [ 90.854588961263246, 25.944646425334497 ], [ 90.859501503497356, 25.944291436773625 ], [ 90.859832006266814, 25.944267538513127 ], [ 90.862176027948379, 25.944048587893132 ], [ 90.866349060870874, 25.943851677307769 ], [ 90.8670071289188, 25.943794411732284 ], [ 90.872092111754839, 25.943351772256928 ], [ 90.874713135242445, 25.943144860864606 ], [ 90.874748132707609, 25.943248860652837 ], [ 90.874644126662318, 25.943472890518599 ], [ 90.873489080954869, 25.944885831036501 ], [ 90.872592050261588, 25.945868779098127 ], [ 90.871821023558283, 25.94663476186166 ], [ 90.871665015837834, 25.946910756895488 ], [ 90.871614003207782, 25.947358785304942 ], [ 90.871578986878035, 25.947979783740706 ], [ 90.871699979167005, 25.948289754669908 ], [ 90.872096975233788, 25.948548793498215 ], [ 90.873613968338901, 25.949220827335587 ], [ 90.875545966037322, 25.949806835746553 ], [ 90.87604596652784, 25.949944846993144 ], [ 90.876269965935506, 25.950013913136537 ], [ 90.876390965411005, 25.9500478844075 ], [ 90.876646125579256, 25.950014425246032 ], [ 90.876808032536147, 25.94925821884409 ], [ 90.876956018301129, 25.948567236937681 ], [ 90.877042013124964, 25.948188217335723 ], [ 90.877111009128669, 25.947981219933762 ], [ 90.87726699349291, 25.947826214374938 ], [ 90.877474039894551, 25.947688292729534 ], [ 90.878284004972173, 25.947257254437844 ], [ 90.879284084106615, 25.946585253820409 ], [ 90.879716092011591, 25.946292247213101 ], [ 90.879888113998604, 25.946119334393686 ], [ 90.880095085840054, 25.945723312982672 ], [ 90.880138125023635, 25.944892357081709 ], [ 90.88025917300817, 25.944219297696627 ], [ 90.880483121211881, 25.943840307719995 ], [ 90.880708112359599, 25.943582349047194 ], [ 90.880846164554185, 25.943513348601108 ], [ 90.880847630604706, 25.943513258128817 ], [ 90.880850166548754, 25.943511990708998 ], [ 90.881125168704997, 25.943494966569766 ], [ 90.881298168957372, 25.943546000206268 ], [ 90.881453162479843, 25.943873973005704 ], [ 90.881367144299816, 25.944510970160319 ], [ 90.881005115155489, 25.945510961356668 ], [ 90.880401075382039, 25.946872976914165 ], [ 90.880194064913013, 25.947217939818287 ], [ 90.880039053424213, 25.947613967511266 ], [ 90.879970042149154, 25.947992965536748 ], [ 90.879970025979475, 25.948630932330769 ], [ 90.880228995004515, 25.949871936752487 ], [ 90.880331978767003, 25.950509968485239 ], [ 90.880487965826191, 25.951071939515906 ], [ 90.880677963102059, 25.951226974726517 ], [ 90.881056965015361, 25.951260983610997 ], [ 90.881850969725321, 25.951243969477179 ], [ 90.882885979849604, 25.951141022768329 ], [ 90.883661987711179, 25.951054009381526 ], [ 90.884040993217724, 25.950968016910171 ], [ 90.884485334991552, 25.950831186160556 ], [ 90.884923021147443, 25.950443406629091 ], [ 90.885060996086864, 25.950047363412974 ], [ 90.885217067587718, 25.949357390976623 ], [ 90.885220745290468, 25.949340479151733 ], [ 90.885562061081004, 25.94780637581994 ], [ 90.885613136593108, 25.946841434485645 ], [ 90.88561311503355, 25.945824400089812 ], [ 90.885631162187593, 25.94563443205805 ], [ 90.885855130154241, 25.945479416139985 ], [ 90.885857636453878, 25.94547914230434 ], [ 90.88585915011511, 25.945478096235959 ], [ 90.886169151533139, 25.945444102644416 ], [ 90.886374237810827, 25.945426273432648 ], [ 90.886579174069851, 25.945307426222719 ], [ 90.886665191351582, 25.945100492417588 ], [ 90.886786136928166, 25.944841455696665 ], [ 90.886855141016696, 25.944531486191234 ], [ 90.886932730304437, 25.944376949451758 ], [ 90.886976174628202, 25.944290499745424 ], [ 90.887079212289606, 25.944204468407513 ], [ 90.887082594446639, 25.944203621850367 ], [ 90.887083190029699, 25.944203124255701 ], [ 90.887359193807498, 25.944134099132025 ], [ 90.887685762854289, 25.944082333089959 ], [ 90.887925362405184, 25.943979837325788 ], [ 90.888045231800078, 25.943928521960167 ], [ 90.888048601380717, 25.943927403177373 ], [ 90.888049204150263, 25.94392714549382 ], [ 90.888308239650627, 25.943841120352737 ], [ 90.888635211142685, 25.943823159229169 ], [ 90.88896321300237, 25.943841135700666 ], [ 90.889274215143629, 25.943841141355172 ], [ 90.889425429453752, 25.943807030969854 ], [ 90.889511237427996, 25.943635493394421 ], [ 90.889443193638485, 25.943259542060662 ], [ 90.889322248960198, 25.942863506993444 ], [ 90.889133220068246, 25.942001550224116 ], [ 90.889046279318393, 25.941277526155371 ], [ 90.889012317610749, 25.940795495832322 ], [ 90.889012269101741, 25.940433529923713 ], [ 90.88902926612522, 25.940260511564869 ], [ 90.889133308103126, 25.940122514010245 ], [ 90.889253292482366, 25.939847486984213 ], [ 90.889271357602723, 25.939554550857306 ], [ 90.889357364104669, 25.939324602741422 ], [ 90.889426334955559, 25.939140519683104 ], [ 90.889702304597336, 25.938916497732958 ], [ 90.889788320082445, 25.938847542214777 ], [ 90.889892338704115, 25.93876152224955 ], [ 90.889895518740232, 25.938760884878896 ], [ 90.889896353275134, 25.938760194192046 ], [ 90.8902403577233, 25.938691203038207 ], [ 90.89084436246246, 25.938639215684152 ], [ 90.89286238103584, 25.938501259044681 ], [ 90.89500939498906, 25.93848127431853 ], [ 90.896302407551147, 25.9383093339605 ], [ 90.896923446144726, 25.938206316164624 ], [ 90.897162738471792, 25.938171739648062 ], [ 90.897281429277015, 25.938086689387724 ], [ 90.897333415680805, 25.938000720567786 ], [ 90.897333453410056, 25.937845683292498 ], [ 90.896937410455806, 25.937086671506993 ], [ 90.895660455279454, 25.935052719515237 ], [ 90.894711483996446, 25.933490626057992 ], [ 90.894452504191591, 25.932783595563738 ], [ 90.894400474668672, 25.932214667981995 ], [ 90.894452521259609, 25.931921594926305 ], [ 90.894607547121439, 25.93169760852869 ], [ 90.89461120236632, 25.931696810353824 ], [ 90.894611570675593, 25.931696277160093 ], [ 90.895870585597436, 25.931421303978397 ], [ 90.89764760504471, 25.931179343075922 ], [ 90.898785619592729, 25.930886368429508 ], [ 90.900216639433594, 25.930542399855565 ], [ 90.901057022365023, 25.930445012640128 ], [ 90.902303660298884, 25.930300507433792 ], [ 90.90350111457262, 25.930022833481097 ], [ 90.903980695458372, 25.929833850625563 ], [ 90.904429673437392, 25.929644880393077 ], [ 90.904430664279161, 25.929644797988963 ], [ 90.904433690703343, 25.929643523956884 ], [ 90.904847695471716, 25.929608500591286 ], [ 90.905103750361974, 25.929574762558502 ], [ 90.905308689315973, 25.92947187365753 ], [ 90.905429722029126, 25.929334919371712 ], [ 90.905584684110593, 25.929075904533349 ], [ 90.905757712210729, 25.928730877994518 ], [ 90.905895738354118, 25.928386880507819 ], [ 90.90601669920207, 25.927955911349645 ], [ 90.906067720815258, 25.927369883092005 ], [ 90.905981797856654, 25.926903886853282 ], [ 90.90594779392822, 25.926559926852661 ], [ 90.905929749469095, 25.926197880851326 ], [ 90.905964849342183, 25.925869901660043 ], [ 90.906119788067457, 25.925611877784188 ], [ 90.906343775797026, 25.925386888892749 ], [ 90.906930843699811, 25.925076902129906 ], [ 90.907309855494589, 25.924611937423258 ], [ 90.907765904113219, 25.923997919855324 ], [ 90.907884778174761, 25.923894141410177 ], [ 90.908041856687035, 25.9237568930218 ], [ 90.908317894600785, 25.923566944343179 ], [ 90.908766869884829, 25.923395014538205 ], [ 90.909093855749944, 25.923204988523317 ], [ 90.909473908692149, 25.923015997966807 ], [ 90.909749873842387, 25.922773973755074 ], [ 90.909887897290858, 25.922499007225074 ], [ 90.909956942701896, 25.922256976296367 ], [ 90.910059930955967, 25.921999012378102 ], [ 90.910146960638983, 25.921568000471762 ], [ 90.910232951869588, 25.921051059127503 ], [ 90.910276541720393, 25.920926880757385 ], [ 90.910335899699433, 25.920757989012085 ], [ 90.910339877439526, 25.920756821532581 ], [ 90.910339933135077, 25.920756665599349 ], [ 90.910632968970646, 25.920670671208629 ], [ 90.911046971942369, 25.92067068009603 ], [ 90.911615977419757, 25.920601662999676 ], [ 90.911924463379904, 25.920533257477949 ], [ 90.912146932956617, 25.92041301649444 ], [ 90.912837019656195, 25.919551020714032 ], [ 90.913705044647259, 25.918179089892046 ], [ 90.914932114579273, 25.916887763268821 ], [ 90.916758149701707, 25.914646102083406 ], [ 90.916760880580185, 25.914646365486892 ], [ 90.916762168764294, 25.914644783449962 ], [ 90.917060015078221, 25.914673225368094 ], [ 90.919090163602874, 25.915454861957269 ], [ 90.919253162911176, 25.915531864910221 ], [ 90.919384160635801, 25.915592869008201 ], [ 90.91940115765928, 25.915730836306615 ], [ 90.91936615300763, 25.915919866821195 ], [ 90.919246146170508, 25.916126863996983 ], [ 90.91845212529087, 25.916747845264318 ], [ 90.91776210416829, 25.917367799566321 ], [ 90.917538095777488, 25.917643855082719 ], [ 90.91740008760037, 25.917901852769774 ], [ 90.917348077840344, 25.918246820515986 ], [ 90.917314068522046, 25.918608819838155 ], [ 90.917193059165029, 25.918936784490704 ], [ 90.916055019464224, 25.920142788731081 ], [ 90.915534998220963, 25.920828777029733 ], [ 90.915327985955315, 25.921242772363627 ], [ 90.915103955106602, 25.922327764221802 ], [ 90.914724905582588, 25.924137722609672 ], [ 90.914517872655665, 25.925327747254631 ], [ 90.91432784753205, 25.926240741117937 ], [ 90.914293826535612, 25.927016740228758 ], [ 90.914293808569312, 25.927688707870402 ], [ 90.914344797843157, 25.928153708104688 ], [ 90.914451782701917, 25.928751739318944 ], [ 90.914709766275109, 25.929441712899418 ], [ 90.915279738339706, 25.930630754930341 ], [ 90.915520723092783, 25.931268726902342 ], [ 90.915554707258281, 25.93188872762963 ], [ 90.915468677400156, 25.93302672376128 ], [ 90.915210649809538, 25.933974716409235 ], [ 90.915106632984461, 25.934612743789717 ], [ 90.915003651018594, 25.935043741919003 ], [ 90.914812598222312, 25.93584673442135 ], [ 90.914777586384105, 25.936294703132695 ], [ 90.915001557943995, 25.937398706839698 ], [ 90.915398524366367, 25.938794743069991 ], [ 90.915847471802664, 25.940914749882992 ], [ 90.916140412416809, 25.943220721281865 ], [ 90.916295392464562, 25.944047754259419 ], [ 90.916502383170652, 25.944461724563034 ], [ 90.916796377508618, 25.944736761816383 ], [ 90.91712337505183, 25.944891770634293 ], [ 90.917951372012155, 25.945219787344598 ], [ 90.918365374085568, 25.945253764845372 ], [ 90.918762377338837, 25.945236774076765 ], [ 90.919137904568643, 25.945134767214785 ], [ 90.919724364312003, 25.944721143391384 ], [ 90.920810429287116, 25.943583156027195 ], [ 90.921189462641493, 25.943394212695473 ], [ 90.921527480716577, 25.943164160600805 ], [ 90.921751477429297, 25.942906208524903 ], [ 90.921820424025682, 25.94271624063245 ], [ 90.921838490044351, 25.942320240089121 ], [ 90.92180351593538, 25.942113258221713 ], [ 90.921786467707946, 25.941940197901392 ], [ 90.921790516414916, 25.941939201885134 ], [ 90.921790484075558, 25.941938874726535 ], [ 90.921928486862797, 25.941904878497752 ], [ 90.922255486202616, 25.942007855092328 ], [ 90.92292847796233, 25.942473899838252 ], [ 90.92327346965898, 25.942886905515294 ], [ 90.92341146346304, 25.943162876213627 ], [ 90.923514459801964, 25.943352878120599 ], [ 90.923687456461053, 25.943507912993681 ], [ 90.923911456767058, 25.94355994908944 ], [ 90.924256461040102, 25.943455925342295 ], [ 90.924634498162789, 25.943370378876015 ], [ 90.925080462294048, 25.943164312465434 ], [ 90.925494463469136, 25.94295726907368 ], [ 90.925873500416756, 25.942819299720288 ], [ 90.925874415800038, 25.942819049304454 ], [ 90.925877488936607, 25.942817930511115 ], [ 90.926377495715329, 25.94268097316036 ], [ 90.926909866098782, 25.942525753021382 ], [ 90.927391462804067, 25.942337294286631 ], [ 90.927393166908161, 25.942336882310489 ], [ 90.927395511511051, 25.942335963846052 ], [ 90.927895518289787, 25.942214976086092 ], [ 90.928464525563797, 25.94211201905976 ], [ 90.930616572777538, 25.941389380244164 ], [ 90.930617007562134, 25.941389259073748 ], [ 90.930620559500767, 25.941388066756744 ], [ 90.931603573339785, 25.941112087052822 ], [ 90.932034225687005, 25.941078094624419 ], [ 90.932677568550758, 25.940836473446442 ], [ 90.933505573595895, 25.940457441887173 ], [ 90.933508477849202, 25.940456613074904 ], [ 90.933509602539942, 25.94045609850043 ], [ 90.93366360432239, 25.940412101969756 ], [ 90.933992609600224, 25.940318141565459 ], [ 90.934302642459272, 25.940335116079652 ], [ 90.934665610343103, 25.940490124228504 ], [ 90.934934543481276, 25.940740817793166 ], [ 90.935165600952146, 25.94095616447856 ], [ 90.936217569472362, 25.942421153210176 ], [ 90.937700514631572, 25.944885212277896 ], [ 90.938442495208491, 25.94583322742648 ], [ 90.939080475130027, 25.946730208362844 ], [ 90.939592457349789, 25.947536218956387 ], [ 90.939747450872261, 25.947812251457467 ], [ 90.939902480327376, 25.947950256156723 ], [ 90.940351450221542, 25.948019233809106 ], [ 90.942455460923796, 25.948122277755161 ], [ 90.944525468595941, 25.948381385611111 ], [ 90.946542475666305, 25.948622396802769 ], [ 90.947181476972304, 25.948743378787515 ], [ 90.94733356983474, 25.948743382018527 ], [ 90.947418465120677, 25.948640740069305 ], [ 90.947452437608106, 25.948485730532195 ], [ 90.947384499819776, 25.948244806298426 ], [ 90.946745465276095, 25.947192782041355 ], [ 90.945642547007935, 25.94586569906302 ], [ 90.945504543322414, 25.945658705655909 ], [ 90.945366516280686, 25.945348741532754 ], [ 90.945297516683738, 25.945107709908296 ], [ 90.945296496197571, 25.944407757458688 ], [ 90.945607601645079, 25.942960763582189 ], [ 90.9461246764142, 25.94140875620149 ], [ 90.946366686144984, 25.940977750663432 ], [ 90.946590666688039, 25.940788703791625 ], [ 90.946814662502462, 25.940598756717979 ], [ 90.94731466119633, 25.94021977770926 ], [ 90.947317834944215, 25.940219052295092 ], [ 90.947318701818489, 25.940218395544886 ], [ 90.947922710150905, 25.940080410058091 ], [ 90.949233718663066, 25.940097469426796 ], [ 90.950009724727991, 25.940063485591502 ], [ 90.950595730822101, 25.939977498018937 ], [ 90.950991983083853, 25.939856706558345 ], [ 90.951333732760645, 25.93973684799926 ], [ 90.951764741739012, 25.939461920241953 ], [ 90.953138783238046, 25.93843089686332 ], [ 90.954345841400453, 25.937724907418023 ], [ 90.955656902014908, 25.936896921229781 ], [ 90.95646789296859, 25.936138937364994 ], [ 90.95727786343609, 25.935052978833887 ], [ 90.957950913586302, 25.933691013202157 ], [ 90.958367951965386, 25.93304495878003 ], [ 90.959057992850887, 25.932114055530107 ], [ 90.959748043617836, 25.93075204461547 ], [ 90.960506090563598, 25.929011056211927 ], [ 90.961024129224995, 25.927770071935281 ], [ 90.961300185105102, 25.92632208517691 ], [ 90.961615213495449, 25.924809129813497 ], [ 90.962097264748266, 25.922706059100026 ], [ 90.962580318520921, 25.920931131346126 ], [ 90.963408371176811, 25.919310139107306 ], [ 90.96406740401531, 25.918179144833456 ], [ 90.965137441249141, 25.916852220627455 ], [ 90.965930433557773, 25.915697197722945 ], [ 90.966413533144532, 25.914456237299749 ], [ 90.966741508953078, 25.913060224639018 ], [ 90.967154592049951, 25.911543209329388 ], [ 90.96724163790266, 25.910940233049413 ], [ 90.967535645715401, 25.909407286980837 ], [ 90.967709862286654, 25.908663845351676 ], [ 90.967944194116711, 25.907663594794958 ], [ 90.968173719061696, 25.906684214722194 ], [ 90.968404250119789, 25.90582848518336 ], [ 90.968535731138061, 25.905340289902103 ], [ 90.96874272723403, 25.904892322333744 ], [ 90.96882980273115, 25.904392316666577 ], [ 90.968846829399041, 25.90372031160101 ], [ 90.968656837513095, 25.90247929222912 ], [ 90.968415850065071, 25.9016692951053 ], [ 90.96787990798002, 25.899501289775863 ], [ 90.967616841738973, 25.898165027955244 ], [ 90.967448934035943, 25.897312283989336 ], [ 90.967069041892188, 25.894131286458457 ], [ 90.967052037682194, 25.893025261310996 ], [ 90.967019052443277, 25.892707582497049 ], [ 90.967000041396886, 25.892525291020235 ], [ 90.966879050006241, 25.892301317872811 ], [ 90.966741057100506, 25.892128276552103 ], [ 90.966604073002813, 25.891973296940868 ], [ 90.966448125469483, 25.891801266933882 ], [ 90.966293100505965, 25.89150822919936 ], [ 90.966224103603935, 25.891232281421527 ], [ 90.966172108216995, 25.890905312961145 ], [ 90.966138138424526, 25.890525260183768 ], [ 90.966103169705448, 25.890232281509373 ], [ 90.966017173084978, 25.889767210949334 ], [ 90.96596517140982, 25.889474265144383 ], [ 90.965879192755665, 25.889267296360607 ], [ 90.96584516636932, 25.889164209043656 ], [ 90.965845138521559, 25.889060246397843 ], [ 90.965896199660619, 25.88892324760479 ], [ 90.966103149942512, 25.888750259519917 ], [ 90.967259170322095, 25.888164256266041 ], [ 90.9674480087712, 25.88802034255167 ], [ 90.967621175211917, 25.887888303904088 ], [ 90.967828192867458, 25.887682284365123 ], [ 90.967949224682314, 25.887423258861382 ], [ 90.968018274584949, 25.88700927413899 ], [ 90.968104279290216, 25.88673432606636 ], [ 90.968402231605339, 25.885984310877454 ], [ 90.968678263230927, 25.885726374313577 ], [ 90.969006306413121, 25.885554355407947 ], [ 90.969007668259081, 25.885554356216154 ], [ 90.969010285949821, 25.885552984725503 ], [ 90.969269287314233, 25.885552990382784 ], [ 90.969631288610771, 25.885621967371463 ], [ 90.970062287707705, 25.885759006363646 ], [ 90.970493285906272, 25.885931984284131 ], [ 90.971011278753608, 25.886362993861404 ], [ 90.971821264492476, 25.887104042370222 ], [ 90.97378723018673, 25.888879051622325 ], [ 90.97458121872701, 25.88951709673281 ], [ 90.975081212030986, 25.889931106603743 ], [ 90.975391208059122, 25.890155082632155 ], [ 90.975397395654795, 25.890157518408039 ], [ 90.975736207840626, 25.890292121211488 ], [ 90.976167209632479, 25.890275098275996 ], [ 90.976874218795359, 25.890137114136724 ], [ 90.977668227996915, 25.889999163778644 ], [ 90.978185233595752, 25.889931173680626 ], [ 90.978772238616472, 25.8898791874539 ], [ 90.980855255690543, 25.889747200991028 ], [ 90.984977294847667, 25.889351321533006 ], [ 90.986381995847353, 25.889214288326837 ], [ 90.988513327910667, 25.889006396974693 ], [ 90.989786369127344, 25.888899612894647 ], [ 90.991600355146872, 25.88874743337205 ], [ 90.99412443963557, 25.888584236753079 ], [ 90.996919869238951, 25.888403546350659 ], [ 91.000378421710394, 25.888507652620003 ], [ 91.000554863408581, 25.888493904112984 ], [ 91.000624437927357, 25.888341949545818 ], [ 91.000846443075091, 25.886745015019251 ], [ 91.000916503582417, 25.886439950339991 ], [ 91.000999454914066, 25.886371062728955 ], [ 91.00100200972274, 25.886370893819379 ], [ 91.001003482061492, 25.886369669426927 ], [ 91.001996458216979, 25.886303502917951 ], [ 91.002878496926456, 25.886244710212608 ], [ 91.005031513422452, 25.886188724290868 ], [ 91.00644778292633, 25.886077815126868 ], [ 91.006927492271217, 25.885894111214689 ], [ 91.009052536127527, 25.885047175142574 ], [ 91.010275613048094, 25.8845751797719 ], [ 91.010276082867009, 25.884575193511171 ], [ 91.010279591686512, 25.884573839789368 ], [ 91.010765594628253, 25.884587882126588 ], [ 91.011390596588868, 25.884684863512916 ], [ 91.01193259870881, 25.884753905664009 ], [ 91.01266860279415, 25.884767892214619 ], [ 91.014953648280652, 25.884818909247162 ], [ 91.015807621824052, 25.884837957486138 ], [ 91.017889632785, 25.88497900196651 ], [ 91.01916762192225, 25.885729029198714 ], [ 91.019351526823868, 25.885841189758352 ], [ 91.020556608692672, 25.886576057361218 ], [ 91.021834602321505, 25.887187083109716 ], [ 91.022806590238716, 25.887867103193521 ], [ 91.023640582555231, 25.888353120828402 ], [ 91.024723572597154, 25.889061173358979 ], [ 91.025043569569348, 25.889255148099014 ], [ 91.025292347207483, 25.889310911939045 ], [ 91.025525550753557, 25.889173544107457 ], [ 91.026331584803515, 25.888701600791968 ], [ 91.027646618666424, 25.887938573648235 ], [ 91.029577637201186, 25.886758655434178 ], [ 91.030535715604529, 25.886211588539123 ], [ 91.030424742225904, 25.884712586897781 ], [ 91.030063749737408, 25.882477647232704 ], [ 91.029885260778656, 25.881021410229824 ], [ 91.029882508340634, 25.880998810071585 ], [ 91.029869821433877, 25.880895663809493 ], [ 91.029062907034955, 25.876092688826493 ], [ 91.028784976370886, 25.87406563176388 ], [ 91.028340067760126, 25.872140632646733 ], [ 91.02820662032974, 25.871204025605699 ], [ 91.02816004358057, 25.870877593353899 ], [ 91.028075132124954, 25.869916648317581 ], [ 91.0280330765966, 25.869694606949697 ], [ 91.027908125432177, 25.869430646146647 ], [ 91.027755096525226, 25.869222618930774 ], [ 91.027575126244571, 25.869041659648499 ], [ 91.027338078807389, 25.868958658689905 ], [ 91.027047075859315, 25.868889541833269 ], [ 91.026727071700577, 25.868847645240962 ], [ 91.026394070716336, 25.868805664570591 ], [ 91.026130126821229, 25.868791604999306 ], [ 91.025908136944878, 25.868708535159481 ], [ 91.025728953588398, 25.868559623448252 ], [ 91.025602105182088, 25.868375594832674 ], [ 91.025352116614926, 25.86797257267493 ], [ 91.024657126910512, 25.866515528788351 ], [ 91.024352127312, 25.865987573797906 ], [ 91.024130211995796, 25.865529521001001 ], [ 91.023693210356157, 25.864979551693864 ], [ 91.022985224724536, 25.864216512752765 ], [ 91.022096221376657, 25.863549466903603 ], [ 91.021151201782601, 25.862966483866426 ], [ 91.01998019480915, 25.862408479820463 ], [ 91.01921626838984, 25.862047438990714 ], [ 91.018258221427558, 25.861492419075983 ], [ 91.017536276874736, 25.86099241957081 ], [ 91.016966286843797, 25.860423377786514 ], [ 91.016424244299685, 25.859757429302952 ], [ 91.015753292613951, 25.859180416744948 ], [ 91.01486433957173, 25.858431381770195 ], [ 91.014516322349209, 25.858000290488953 ], [ 91.01423931964483, 25.857681352596991 ], [ 91.01403027898327, 25.857514332276772 ], [ 91.01386436104859, 25.857292307217588 ], [ 91.01380832144622, 25.857042365133697 ], [ 91.013780351501524, 25.856737304586652 ], [ 91.013780373061095, 25.855904312742933 ], [ 91.013948407426597, 25.853937306693297 ], [ 91.014143476590547, 25.851730338953892 ], [ 91.014365501501217, 25.850814378169041 ], [ 91.014726500277902, 25.849925405357805 ], [ 91.015044522753101, 25.849166344563297 ], [ 91.015058582285647, 25.848930357501001 ], [ 91.014961535488851, 25.848722360497405 ], [ 91.014016604828001, 25.847542346520907 ], [ 91.013558609560178, 25.847167326692471 ], [ 91.013294598291452, 25.846973289317067 ], [ 91.013030585226076, 25.846848293287049 ], [ 91.012711581790569, 25.846765321209652 ], [ 91.012085568326953, 25.846654318447449 ], [ 91.011724574940146, 25.846598294363151 ], [ 91.011433609721294, 25.846501353668369 ], [ 91.011266554519494, 25.84634835069415 ], [ 91.011155607192009, 25.846057315133024 ], [ 91.011169610130665, 25.845043297308379 ], [ 91.011349657666429, 25.843947351789236 ], [ 91.011780692695936, 25.843036333577686 ], [ 91.0120716875592, 25.842383310176473 ], [ 91.01201670796884, 25.842203323645883 ], [ 91.011029748729143, 25.841175326350303 ], [ 91.010585715975751, 25.840523337249735 ], [ 91.010377783835281, 25.839815287344837 ], [ 91.010182811689376, 25.839065271886028 ], [ 91.010109789436555, 25.838307269268284 ], [ 91.010095795481064, 25.838057269272767 ], [ 91.009998778328679, 25.837863260613677 ], [ 91.008233755882046, 25.838418275012053 ], [ 91.008053756855304, 25.83847428599173 ], [ 91.007858782014452, 25.838501212518796 ], [ 91.007733801205603, 25.838474229396226 ], [ 91.00762277123313, 25.838390218980493 ], [ 91.00759481027157, 25.838154288036183 ], [ 91.007608760209635, 25.837724266074815 ], [ 91.007553802178876, 25.836419244487466 ], [ 91.007553833619909, 25.83604426378097 ], [ 91.007483858452545, 25.835655236970577 ], [ 91.007400810102837, 25.835364220380669 ], [ 91.007289896911317, 25.835072189177662 ], [ 91.007067859424239, 25.83479523962075 ], [ 91.006872862125533, 25.834642210187241 ], [ 91.006789886539366, 25.834489273537358 ], [ 91.006882922358386, 25.833330228634512 ], [ 91.006854919176035, 25.833136262355016 ], [ 91.006701932489889, 25.832886251434662 ], [ 91.005896922519383, 25.83217821323742 ], [ 91.004576941634141, 25.831178184165591 ], [ 91.004350964136236, 25.830975180333922 ], [ 91.004239960214875, 25.830836207621285 ], [ 91.004197939720839, 25.830669122709804 ], [ 91.004197997213012, 25.83048916849123 ], [ 91.004127907061289, 25.830294170680205 ], [ 91.004072955318733, 25.830128171714147 ], [ 91.003933985045975, 25.82990614699527 ], [ 91.003808989864083, 25.829753173499689 ], [ 91.003740003741811, 25.829600157760872 ], [ 91.003725964870569, 25.829378134477292 ], [ 91.003725966667204, 25.828976168812666 ], [ 91.003684045886146, 25.828656113639298 ], [ 91.003434026776262, 25.828004155015826 ], [ 91.002864032253768, 25.827115136133287 ], [ 91.002364077577326, 25.826532117424918 ], [ 91.001596148265122, 25.825809137215849 ], [ 91.001407508343675, 25.825631459081528 ], [ 91.001394444144481, 25.825505073978324 ], [ 91.001379056003671, 25.825357074944336 ], [ 91.001534062102593, 25.825030162767977 ], [ 91.002375146618263, 25.824119124250785 ], [ 91.00422419208671, 25.822431177436407 ], [ 91.004931224605798, 25.821861223999889 ], [ 91.005685251590648, 25.820994273316078 ], [ 91.005688775681534, 25.820993397573247 ], [ 91.005689225737484, 25.820992879243477 ], [ 91.005818227405555, 25.820960881067755 ], [ 91.005963229865444, 25.820923853221814 ], [ 91.006305226578945, 25.821129891273209 ], [ 91.007150216969507, 25.821676877703208 ], [ 91.007401217039657, 25.821745914606591 ], [ 91.007811454273707, 25.821745923501432 ], [ 91.008242228791801, 25.821564253567125 ], [ 91.00974823190775, 25.820903335920104 ], [ 91.009750072555775, 25.820902924328731 ], [ 91.009752255461891, 25.820901966105225 ], [ 91.010163260755519, 25.820809943459516 ], [ 91.010688296394676, 25.820786986506743 ], [ 91.011259262894328, 25.82101599707303 ], [ 91.011921257478363, 25.821403011624074 ], [ 91.013755247182615, 25.822263048864858 ], [ 91.014341246988522, 25.822417030681425 ], [ 91.014972249695262, 25.82249407488327 ], [ 91.015758247721081, 25.822725091556155 ], [ 91.016251249437218, 25.822832101188126 ], [ 91.016745250978246, 25.82289411218127 ], [ 91.017191253737025, 25.822879121288654 ], [ 91.017491258702591, 25.822817128077162 ], [ 91.01763825991398, 25.822786099923277 ], [ 91.017993231893456, 25.822755108148936 ], [ 91.018563265043525, 25.822848151371208 ], [ 91.018979264071788, 25.823002159919675 ], [ 91.020073263865839, 25.82329418208932 ], [ 91.021275259123328, 25.823726207652228 ], [ 91.022230252711992, 25.82423419602889 ], [ 91.023016237263093, 25.825019243443403 ], [ 91.023756217291876, 25.825989226306962 ], [ 91.024473231890383, 25.826846270805788 ], [ 91.025922163239727, 25.82864829957537 ], [ 91.027540124287825, 25.830542330618727 ], [ 91.028048110801208, 25.831204340180857 ], [ 91.028341105314283, 25.831497314809354 ], [ 91.028711101616878, 25.831697322862649 ], [ 91.029158100607305, 25.831897332195059 ], [ 91.030137098078669, 25.832219352275022 ], [ 91.030815096149453, 25.83248039805542 ], [ 91.031432095019213, 25.832680410915714 ], [ 91.031786090529977, 25.832958418147548 ], [ 91.032033085012273, 25.833235391408145 ], [ 91.032187077811557, 25.833558424991917 ], [ 91.032248062639567, 25.834159394187328 ], [ 91.032325037479623, 25.835114426002018 ], [ 91.032418035569393, 25.835206396293295 ], [ 91.032664033820055, 25.835345432599137 ], [ 91.032957034621347, 25.835422407747046 ], [ 91.03341903727366, 25.835452448610102 ], [ 91.033866037162397, 25.835483458081878 ], [ 91.034282069428357, 25.835576467043779 ], [ 91.034698036117291, 25.835745506511273 ], [ 91.035376033289779, 25.836068489582932 ], [ 91.03586903051432, 25.836315468290614 ], [ 91.036147028552051, 25.836438505891987 ], [ 91.036486029384079, 25.836484481638276 ], [ 91.036902032903953, 25.836469490849726 ], [ 91.037179034710036, 25.836453496684467 ], [ 91.037426036378847, 25.836469501360508 ], [ 91.037765035414239, 25.836607508553165 ], [ 91.038496061934595, 25.83701452417117 ], [ 91.038989022328209, 25.837445502758989 ], [ 91.039714008576581, 25.838154579099644 ], [ 91.03996000143735, 25.838431583857744 ], [ 91.04012996538404, 25.838708555627079 ], [ 91.040329985163538, 25.839185621591199 ], [ 91.04048400670888, 25.839616593079398 ], [ 91.040668968029237, 25.839955565746415 ], [ 91.041238955365216, 25.840571607529085 ], [ 91.041762944467095, 25.841126587393472 ], [ 91.04208693984063, 25.841418593143427 ], [ 91.04238095214491, 25.842181598926569 ], [ 91.042519912536179, 25.842535601158048 ], [ 91.042981905307045, 25.84295164081313 ], [ 91.043736862946531, 25.843582656075085 ], [ 91.044137885262415, 25.843998663751268 ], [ 91.044969876132484, 25.844598650184086 ], [ 91.045539866163409, 25.84512266161968 ], [ 91.046017856132835, 25.845630670533158 ], [ 91.046325841731345, 25.846231677041803 ], [ 91.046725817509909, 25.847232714755371 ], [ 91.046987797687805, 25.848063749816831 ], [ 91.047057781838348, 25.848720687840519 ], [ 91.047088771020668, 25.849121719789185 ], [ 91.047227765547973, 25.849382691089083 ], [ 91.047458762831695, 25.849536726547431 ], [ 91.047828762727562, 25.84966070272997 ], [ 91.048336762715678, 25.84976771387592 ], [ 91.048783766197673, 25.849798723637623 ], [ 91.049138768719857, 25.849767730852971 ], [ 91.049646774996219, 25.84966074234309 ], [ 91.050028561686887, 25.849537818738764 ], [ 91.050382771894988, 25.849400116857549 ], [ 91.05038351120848, 25.84940003197212 ], [ 91.050386787364317, 25.849398757882156 ], [ 91.050786791888967, 25.849352797664352 ], [ 91.0515577970327, 25.849336814942067 ], [ 91.052204798734635, 25.849413797963603 ], [ 91.052990803946983, 25.849413814132259 ], [ 91.053899781335204, 25.849367833709511 ], [ 91.055070821546337, 25.849321889648365 ], [ 91.055779825867475, 25.849321905008587 ], [ 91.056210158414416, 25.849275955270546 ], [ 91.056530821038265, 25.849153231758006 ], [ 91.056730830936274, 25.849030281756256 ], [ 91.057839824510708, 25.84827231469546 ], [ 91.058194834219393, 25.848087357933391 ], [ 91.058196565272979, 25.848087162290515 ], [ 91.05819887484158, 25.84808595852083 ], [ 91.058737880181695, 25.848024939750928 ], [ 91.059754886271051, 25.848024961578872 ], [ 91.060155885230742, 25.848210000899464 ], [ 91.060571882462398, 25.848424978061527 ], [ 91.061095880547398, 25.848610019990009 ], [ 91.061326881424407, 25.848640993675545 ], [ 91.061509241223717, 25.8486104710985 ], [ 91.06169287752904, 25.848488334630481 ], [ 91.06178489645518, 25.848288396191311 ], [ 91.061784869505701, 25.84810338367194 ], [ 91.061722910903924, 25.847872329225734 ], [ 91.06169293142797, 25.847733394953341 ], [ 91.061707935089828, 25.847610314124339 ], [ 91.061800910721729, 25.847548380757349 ], [ 91.061803060390218, 25.847548240896288 ], [ 91.061804913614637, 25.84754700559176 ], [ 91.062035915389956, 25.847532041266774 ], [ 91.062420916252748, 25.847578018361059 ], [ 91.062898913408688, 25.847825028823888 ], [ 91.063391911531568, 25.848056038089755 ], [ 91.063745906143993, 25.848317107945629 ], [ 91.063899905231438, 25.848410080139665 ], [ 91.064238906063494, 25.848456056084167 ], [ 91.064516908592779, 25.848425062947658 ], [ 91.064916914015754, 25.848333071403129 ], [ 91.065298103326782, 25.848211329976209 ], [ 91.065636942462064, 25.848041406098815 ], [ 91.065806928866664, 25.847887447920275 ], [ 91.065991891085332, 25.847672409147826 ], [ 91.066160908207706, 25.847441454915401 ], [ 91.066330980850566, 25.847317461045964 ], [ 91.066576951253467, 25.847225432259773 ], [ 91.066577517192101, 25.847225395071188 ], [ 91.06658095414636, 25.847224108022615 ], [ 91.067258960301999, 25.847178122706289 ], [ 91.067705962885682, 25.847209132338531 ], [ 91.068291995030961, 25.847301175689424 ], [ 91.068541961140255, 25.847495149468159 ], [ 91.068753955462455, 25.847790184904635 ], [ 91.068801946159894, 25.848143185669553 ], [ 91.068836939133462, 25.848390186059195 ], [ 91.06893093614984, 25.848544156518276 ], [ 91.069107933006919, 25.848685190967561 ], [ 91.06942593392256, 25.848756198446257 ], [ 91.069803837196289, 25.848732182202344 ], [ 91.070034920718257, 25.848651547831935 ], [ 91.070353948408282, 25.848533589417311 ], [ 91.070354237665768, 25.848533590225731 ], [ 91.070357945911297, 25.848532218305351 ], [ 91.07048694757934, 25.848532220730679 ], [ 91.070840949378294, 25.848567197823634 ], [ 91.071111947743319, 25.848661233725217 ], [ 91.071370944616163, 25.848862239478578 ], [ 91.07164194387947, 25.848991213308175 ], [ 91.071936942533966, 25.849086282860782 ], [ 91.072195944796661, 25.849097225834548 ], [ 91.072443942697163, 25.849168231448978 ], [ 91.072714941960513, 25.849274236540776 ], [ 91.072903936716486, 25.849521270947609 ], [ 91.073245926243473, 25.850028277110805 ], [ 91.073669918481144, 25.850452255019775 ], [ 91.07395291205016, 25.850747260443278 ], [ 91.074140911472824, 25.850864264327949 ], [ 91.074494910576846, 25.850982302876879 ], [ 91.074694908796772, 25.851100275825914 ], [ 91.074989904756279, 25.851324281822933 ], [ 91.075213900570688, 25.851536286429354 ], [ 91.075366894443334, 25.851830289137819 ], [ 91.075484887257602, 25.852101353980032 ], [ 91.075657880323433, 25.85245035802274 ], [ 91.075775876730944, 25.85259129646305 ], [ 91.075916876297967, 25.852674299214659 ], [ 91.076069875560506, 25.85274530187284 ], [ 91.076281875272613, 25.85280333840992 ], [ 91.076481567167036, 25.85278049275664 ], [ 91.076631902924774, 25.852710745580474 ], [ 91.076633368077012, 25.852710511949955 ], [ 91.076635880664853, 25.852709345414201 ], [ 91.076930883810874, 25.852662320998167 ], [ 91.077201884870846, 25.852674326700594 ], [ 91.077543886974269, 25.852721334135261 ], [ 91.07780288564372, 25.852815340056008 ], [ 91.078050883544208, 25.852957345160366 ], [ 91.078238880271911, 25.853157348462371 ], [ 91.078415122544115, 25.853262930415376 ], [ 91.078541897288588, 25.853193700095694 ], [ 91.078600851924065, 25.85298176070825 ], [ 91.07861189042228, 25.852746714164827 ], [ 91.078588887262796, 25.852510765775392 ], [ 91.078494873178428, 25.852321710522443 ], [ 91.078293920049362, 25.852086745933658 ], [ 91.077797931434915, 25.85157468628347 ], [ 91.077196918085662, 25.851020711803528 ], [ 91.07650091508161, 25.850526666523642 ], [ 91.07609995564782, 25.850278670572401 ], [ 91.075758899470415, 25.85009067079152 ], [ 91.07547589961321, 25.849878621555074 ], [ 91.075239911289742, 25.84976060454051 ], [ 91.074991910694294, 25.849642698163258 ], [ 91.074803934627838, 25.849536687742706 ], [ 91.074685983136106, 25.849383684653017 ], [ 91.074579958576379, 25.849159630516141 ], [ 91.074520966211651, 25.848982589726251 ], [ 91.074484906937826, 25.848806664314118 ], [ 91.074461944202525, 25.848629649674315 ], [ 91.074402945549636, 25.848488618392558 ], [ 91.074319993319662, 25.848358640741001 ], [ 91.073821991580644, 25.847764684970016 ], [ 91.073550977944279, 25.847422650457521 ], [ 91.073044000238951, 25.846621630324037 ], [ 91.072937973882588, 25.846433585115562 ], [ 91.072891038705649, 25.84623359954626 ], [ 91.072867059975763, 25.846068664231741 ], [ 91.072867042907774, 25.845856576254153 ], [ 91.07287902014545, 25.845655657556797 ], [ 91.072950021188873, 25.845431606058963 ], [ 91.073080072987494, 25.845172598687146 ], [ 91.07329206281814, 25.844948613376733 ], [ 91.073528040361808, 25.844736677807546 ], [ 91.073657052809651, 25.844536680476054 ], [ 91.073704085004692, 25.844324583283775 ], [ 91.073704108360872, 25.844089662633156 ], [ 91.073586073325799, 25.84384568421925 ], [ 91.073457114776872, 25.843727640164516 ], [ 91.073268110139395, 25.843609612161465 ], [ 91.07303207600188, 25.84351559811472 ], [ 91.072796101153131, 25.843397667725387 ], [ 91.072631129144483, 25.843268675669215 ], [ 91.072537110568533, 25.843126637102369 ], [ 91.072478113712265, 25.842914669163648 ], [ 91.072478075084675, 25.842749600673198 ], [ 91.07258410593262, 25.842561663304711 ], [ 91.072726124189145, 25.842396584619948 ], [ 91.073127175251102, 25.841748676205963 ], [ 91.073233132437181, 25.841194591023008 ], [ 91.073221136334865, 25.840782619986538 ], [ 91.073150182902168, 25.84058267579853 ], [ 91.072962180784558, 25.840311686427405 ], [ 91.072726166409964, 25.839993580473333 ], [ 91.071978193171816, 25.839290618534058 ], [ 91.071165172025601, 25.838678574611613 ], [ 91.070776167371577, 25.838477563680652 ], [ 91.070387228294578, 25.838277635809906 ], [ 91.070139169308689, 25.83819555112375 ], [ 91.069774243995866, 25.838112543870867 ], [ 91.069502234127825, 25.838041601960299 ], [ 91.068890149042701, 25.837841591693213 ], [ 91.068135190504876, 25.837464502846299 ], [ 91.067840190952083, 25.837335581129992 ], [ 91.067676758655821, 25.837323661190215 ], [ 91.067526217183868, 25.837416174703296 ], [ 91.067491211633865, 25.837628112067879 ], [ 91.067585198768796, 25.838123174966555 ], [ 91.067573192785019, 25.838358143848186 ], [ 91.067467186191593, 25.838559171960657 ], [ 91.067314183335796, 25.838665168772987 ], [ 91.067184211487231, 25.838759165653133 ], [ 91.067031173597101, 25.838936161915385 ], [ 91.06692516880031, 25.839101128195708 ], [ 91.066783164916842, 25.839230156327627 ], [ 91.066618161467119, 25.839325121343823 ], [ 91.06661507665244, 25.839326000185022 ], [ 91.066614178337147, 25.839326517626027 ], [ 91.066449153327895, 25.83937350611075 ], [ 91.066261188041196, 25.839384541343705 ], [ 91.06607218609868, 25.83937345032415 ], [ 91.065872148352895, 25.839302466319005 ], [ 91.065702150270198, 25.838785416204981 ], [ 91.065584202371738, 25.838537461933825 ], [ 91.065419204311937, 25.838360449713498 ], [ 91.065206205673221, 25.838196425122277 ], [ 91.064935179460434, 25.838090469932567 ], [ 91.064629204291492, 25.83801942694495 ], [ 91.064334137365066, 25.837960441238348 ], [ 91.063698183144538, 25.837807473302504 ], [ 91.062716133197824, 25.837769376213465 ], [ 91.062327141120235, 25.837745414334787 ], [ 91.061750173874515, 25.837627339129266 ], [ 91.061479094661081, 25.837580400887486 ], [ 91.061101141980018, 25.83754539143932 ], [ 91.060677156928861, 25.837498395760491 ], [ 91.060359146131759, 25.837439366942881 ], [ 91.060017117977225, 25.837380376904552 ], [ 91.059640131883398, 25.837321370666487 ], [ 91.059519194391669, 25.837282752736925 ], [ 91.059380172016589, 25.837238387055848 ], [ 91.059262195372014, 25.837144304073306 ], [ 91.059192196848457, 25.837003301141117 ], [ 91.059133152381477, 25.83672030029383 ], [ 91.059145189806287, 25.835448388182233 ], [ 91.059083246475851, 25.833755374090806 ], [ 91.058977260543671, 25.833637354735927 ], [ 91.058800281652907, 25.833414328348134 ], [ 91.058659296458984, 25.833213352944465 ], [ 91.058505301863093, 25.83301328519525 ], [ 91.058128268158541, 25.832459345071761 ], [ 91.057904280428971, 25.832259335072045 ], [ 91.057645307810688, 25.83207130988843 ], [ 91.057327300606815, 25.831917332543728 ], [ 91.057044307936138, 25.831835300852841 ], [ 91.056761296400808, 25.831729351287226 ], [ 91.056419266449637, 25.831646346775525 ], [ 91.056030251015855, 25.83163527524454 ], [ 91.055547289769649, 25.831635307586684 ], [ 91.05514630338638, 25.831682283763001 ], [ 91.054757243036832, 25.831729238898284 ], [ 91.054478799434762, 25.831752264881889 ], [ 91.054211271261664, 25.831856898911944 ], [ 91.053621258681389, 25.832233885962651 ], [ 91.053617976237334, 25.832234773750585 ], [ 91.053617232432259, 25.832235248369429 ], [ 91.053358237356065, 25.832305241289628 ], [ 91.053122204116846, 25.832329241463189 ], [ 91.052768237352183, 25.832282170134814 ], [ 91.052580246014372, 25.832235245943799 ], [ 91.052356256488167, 25.832081164509262 ], [ 91.051590299876324, 25.831422175763823 ], [ 91.050517266761034, 25.830656178460586 ], [ 91.049880244443585, 25.830326157439188 ], [ 91.04956229024036, 25.830220086046602 ], [ 91.04893727839827, 25.829895186883594 ], [ 91.048913335601, 25.829695142633703 ], [ 91.049806707456113, 25.829087395154936 ], [ 91.050092324105762, 25.828893131644463 ], [ 91.051943399766756, 25.827609257349057 ], [ 91.054477430402244, 25.826031266650315 ], [ 91.055939479849641, 25.825100237574127 ], [ 91.058731497651621, 25.82328934416908 ], [ 91.058735063963297, 25.823288310764067 ], [ 91.058735526595669, 25.823288009960731 ], [ 91.059180092948296, 25.823159017007974 ], [ 91.059544553832126, 25.822900398344959 ], [ 91.060841589948367, 25.822017381526294 ], [ 91.062149590900944, 25.821227456796212 ], [ 91.062150199060383, 25.821228111782634 ], [ 91.062153603675327, 25.821226054640107 ], [ 91.063969564191865, 25.823182090749569 ], [ 91.065147543888529, 25.824301144433715 ], [ 91.066313520296404, 25.825544137244226 ], [ 91.06685551073825, 25.826039178726674 ], [ 91.067185508654489, 25.826204154898928 ], [ 91.067751506572293, 25.826381197430617 ], [ 91.070061503664164, 25.827087214072961 ], [ 91.071747534552927, 25.827594280799367 ], [ 91.072902498513727, 25.828077336237097 ], [ 91.074619492533699, 25.828718309979624 ], [ 91.075834491803249, 25.829046460405991 ], [ 91.07610449213999, 25.829119403262922 ], [ 91.076641743070383, 25.829238008485159 ], [ 91.079039495684043, 25.829767401851878 ], [ 91.080831499030268, 25.830097440602518 ], [ 91.082560501728949, 25.830453476135848 ], [ 91.084081506710163, 25.830677509101264 ], [ 91.085649514241936, 25.830807541755181 ], [ 91.088195526606711, 25.830972626905734 ], [ 91.089020531278805, 25.831030613483232 ], [ 91.090717540478664, 25.831125680489603 ], [ 91.09296855239235, 25.831266698510621 ], [ 91.09390055360133, 25.831420717129575 ], [ 91.094866558738744, 25.831502738596583 ], [ 91.096252565797343, 25.831578767809464 ], [ 91.099041582327914, 25.831717857699015 ], [ 91.102075597284269, 25.831926891247328 ], [ 91.104184604416162, 25.832187967589153 ], [ 91.105684613074203, 25.832292967506987 ], [ 91.106503614305268, 25.832396984944701 ], [ 91.107532620988479, 25.832432037960565 ], [ 91.108351626711126, 25.832432055748644 ], [ 91.109257634269028, 25.83241507541673 ], [ 91.11126667597776, 25.832521118160063 ], [ 91.112566683720956, 25.832589146140524 ], [ 91.116349672638705, 25.832799226025809 ], [ 91.119260687571412, 25.832990287756054 ], [ 91.120115688787493, 25.833164275162368 ], [ 91.120632686301477, 25.833378316692162 ], [ 91.12138167822917, 25.833883301162377 ], [ 91.122549658778411, 25.83496338677703 ], [ 91.123927625016933, 25.836636382421094 ], [ 91.125548586438114, 25.83851838359357 ], [ 91.126245540758021, 25.839249427785077 ], [ 91.12668655696865, 25.839943435861304 ], [ 91.126965544949798, 25.840466409599625 ], [ 91.127296539996038, 25.840780416846858 ], [ 91.127784535401105, 25.841076427091856 ], [ 91.128203528514234, 25.841424465994837 ], [ 91.129301501556768, 25.842783456500353 ], [ 91.129632497501277, 25.8430274637848 ], [ 91.130364499592005, 25.843097478617899 ], [ 91.133014518002071, 25.843114565752632 ], [ 91.136083537610119, 25.843167632467342 ], [ 91.136182538242608, 25.84318960278199 ], [ 91.13905950522944, 25.845175692669699 ], [ 91.141203481080368, 25.846674736696411 ], [ 91.141506196263123, 25.846882148749536 ], [ 91.143923451301603, 25.848538791719843 ], [ 91.146678421682921, 25.85042081615541 ], [ 91.147233414340192, 25.850813827632926 ], [ 91.147420414836262, 25.850878831295809 ], [ 91.14763441419818, 25.850952866615014 ], [ 91.148122413196504, 25.851092877964245 ], [ 91.148959415767536, 25.851231864070897 ], [ 91.150859424458645, 25.851405903875833 ], [ 91.1519924273057, 25.851597928294371 ], [ 91.152585433970827, 25.851527940320448 ], [ 91.156211470140448, 25.851058018839385 ], [ 91.158321492368628, 25.850779096965109 ], [ 91.160134512699202, 25.850500104099986 ], [ 91.160655511309471, 25.850361681414704 ], [ 91.161141482810208, 25.850153449250808 ], [ 91.161664547545641, 25.849752490325791 ], [ 91.163073553272142, 25.849220503990914 ], [ 91.165270597996781, 25.848418588156505 ], [ 91.168216606801408, 25.847216700217132 ], [ 91.170797685801617, 25.846188673728893 ], [ 91.173227743629525, 25.845226841598151 ], [ 91.173447732059444, 25.845139716123384 ], [ 91.174247756380126, 25.844876414362066 ], [ 91.180175804517035, 25.844615572983454 ], [ 91.180284804296988, 25.844641543315291 ], [ 91.181976742507061, 25.847453606668171 ], [ 91.183283695125724, 25.84962459981579 ], [ 91.183845892271535, 25.850577328891632 ], [ 91.184085665197316, 25.85098361494563 ], [ 91.185026666627081, 25.851140666153679 ], [ 91.186447795118369, 25.851413321119967 ], [ 91.18720567138422, 25.851558712754109 ], [ 91.188296671703526, 25.851845735543293 ], [ 91.189098668724554, 25.852193720122454 ], [ 91.18941266225572, 25.852542758654216 ], [ 91.189883646264221, 25.853221797886842 ], [ 91.190185575421125, 25.853654710140603 ], [ 91.190685621725692, 25.854371782195695 ], [ 91.191574596327499, 25.855591767606509 ], [ 91.192637563820043, 25.857106820524255 ], [ 91.193439537484878, 25.858378803693959 ], [ 91.194142516805414, 25.859352817611683 ], [ 91.195066486177453, 25.860763834776535 ], [ 91.195467471662383, 25.861390874100923 ], [ 91.195641467248095, 25.861634846224668 ], [ 91.19579846581027, 25.861721881136077 ], [ 91.195988053454357, 25.861756420244291 ], [ 91.196160459920307, 25.861566251320106 ], [ 91.196195497809668, 25.861079223766332 ], [ 91.196240489032363, 25.860863264018668 ], [ 91.196369482615566, 25.860235254290114 ], [ 91.196439498207141, 25.859346219739081 ], [ 91.196439526054917, 25.85898123199911 ], [ 91.196369556277432, 25.858615284405747 ], [ 91.196265528672583, 25.858249275859983 ], [ 91.196178601397492, 25.857900265491701 ], [ 91.196178604092452, 25.857656218564703 ], [ 91.196178584329516, 25.857343217284029 ], [ 91.196247564163528, 25.857064286793147 ], [ 91.196422591913489, 25.856785229536538 ], [ 91.196648604445727, 25.856594262824181 ], [ 91.196979638119501, 25.856297287401876 ], [ 91.19743360893483, 25.855792267653445 ], [ 91.197659617873811, 25.855357250897949 ], [ 91.19769466564459, 25.855026272119449 ], [ 91.197625629216702, 25.854799328149749 ], [ 91.197468660298924, 25.854555318475011 ], [ 91.197189689385723, 25.854067279021571 ], [ 91.197049688745352, 25.85387627719982 ], [ 91.196913721540582, 25.853392270503477 ], [ 91.196913668539977, 25.853043256306364 ], [ 91.196878700719239, 25.852642274843394 ], [ 91.19693069700449, 25.852311235918073 ], [ 91.197070719204461, 25.851980208192213 ], [ 91.197192753539156, 25.851701303853037 ], [ 91.197349730541816, 25.851353247492305 ], [ 91.197436776394525, 25.850848272917293 ], [ 91.197540744710565, 25.850377263019148 ], [ 91.197697758544138, 25.849907273907977 ], [ 91.197924800545678, 25.849506294745936 ], [ 91.19836084008962, 25.849053305181325 ], [ 91.198918794492386, 25.848513286287584 ], [ 91.200539861914748, 25.847433368028749 ], [ 91.202248959743415, 25.845812362544393 ], [ 91.20273361880551, 25.845427921907415 ], [ 91.20357995666896, 25.844756432638217 ], [ 91.203736895942342, 25.844512430537133 ], [ 91.203770934905094, 25.844181437574683 ], [ 91.203753962136105, 25.843867411866839 ], [ 91.203719005095152, 25.843589447243723 ], [ 91.203632018531252, 25.84329242703436 ], [ 91.203527005474527, 25.843083362629667 ], [ 91.203301020790065, 25.842839405586126 ], [ 91.203090996473264, 25.842595465826026 ], [ 91.202917051193253, 25.842386360574029 ], [ 91.202778038699648, 25.842108370641778 ], [ 91.202656022331254, 25.841794400067091 ], [ 91.20244599981109, 25.84146345447656 ], [ 91.20216700284675, 25.84127136832852 ], [ 91.201819034133251, 25.841114439841654 ], [ 91.201453029943778, 25.840975428101448 ], [ 91.201069083703146, 25.840853341960997 ], [ 91.200668037132772, 25.840714344466853 ], [ 91.200319006610599, 25.840557308520022 ], [ 91.200041019352653, 25.840418391527496 ], [ 91.19981408514893, 25.840243373445173 ], [ 91.199622050494028, 25.840034399863232 ], [ 91.199465071694775, 25.839721346281642 ], [ 91.199361118650089, 25.839372307911884 ], [ 91.199002060234378, 25.838400328563644 ], [ 91.198566136573092, 25.837773339540224 ], [ 91.198270120127418, 25.837424263891769 ], [ 91.19816515557973, 25.837180267689288 ], [ 91.1980261529676, 25.836745321540263 ], [ 91.197939169996957, 25.836449291565661 ], [ 91.197782166044874, 25.836187320695959 ], [ 91.197607142786495, 25.835996245531216 ], [ 91.197450146020898, 25.8358913168152 ], [ 91.197189107277438, 25.835769302238642 ], [ 91.196893168985184, 25.835665265934733 ], [ 91.196579157487719, 25.835630229238561 ], [ 91.196091165675938, 25.835612254068863 ], [ 91.195602123733579, 25.835647245492865 ], [ 91.195306145017156, 25.835665228742506 ], [ 91.195114116650416, 25.83563026077109 ], [ 91.194923151889, 25.835525268665421 ], [ 91.194835111601279, 25.835386175165343 ], [ 91.194731175624597, 25.83519426672984 ], [ 91.194748123240743, 25.834576234637787 ], [ 91.19487014949064, 25.834340292854758 ], [ 91.194992155079248, 25.834062291294728 ], [ 91.195045192511941, 25.833765291637512 ], [ 91.19504519790182, 25.833434239500818 ], [ 91.195027228002886, 25.833068214475439 ], [ 91.194975215547913, 25.83268525087783 ], [ 91.194870217762571, 25.832406233126829 ], [ 91.194626224551641, 25.832110235150921 ], [ 91.194522221201282, 25.831901267419163 ], [ 91.194434210557958, 25.831744214116235 ], [ 91.194274225097459, 25.831262252257616 ], [ 91.19423921954747, 25.830913255238183 ], [ 91.194309239630584, 25.830635239968107 ], [ 91.194466297481583, 25.830356230321247 ], [ 91.194605247093122, 25.830094233835169 ], [ 91.194710264641401, 25.829694268572393 ], [ 91.194762282486252, 25.829258263982858 ], [ 91.194762288774427, 25.828683253438218 ], [ 91.194710365252718, 25.82821319593128 ], [ 91.194605336924639, 25.827882281086527 ], [ 91.194449292373264, 25.827585300690405 ], [ 91.194239379447566, 25.827342253694344 ], [ 91.193594411531464, 25.826923216712174 ], [ 91.192723393353887, 25.826436200944467 ], [ 91.192200364551042, 25.826296206504441 ], [ 91.191659348781272, 25.82596518926978 ], [ 91.190997406299587, 25.825495206681026 ], [ 91.189881360950139, 25.824502136586794 ], [ 91.188915449237541, 25.823443149182527 ], [ 91.188461423624929, 25.82276410237073 ], [ 91.188304456503786, 25.822259067229112 ], [ 91.188130469901239, 25.821840103629285 ], [ 91.187938418178319, 25.821684096272808 ], [ 91.187729491602809, 25.82147507940811 ], [ 91.187485430119906, 25.821213094803081 ], [ 91.18739843097957, 25.820969135532135 ], [ 91.187154447650101, 25.820621139978524 ], [ 91.187049466034409, 25.820116120764322 ], [ 91.186962502826702, 25.819697067910027 ], [ 91.186902503450568, 25.819500197309505 ], [ 91.186840543052156, 25.819297073989794 ], [ 91.186701473066378, 25.819070154476648 ], [ 91.186491483783868, 25.818861032726467 ], [ 91.18642255335719, 25.818635077088803 ], [ 91.186422566831922, 25.818321083057207 ], [ 91.186561530816476, 25.818042126870917 ], [ 91.186683543591641, 25.817607090181944 ], [ 91.187084585670448, 25.816579133976088 ], [ 91.187470603426135, 25.81600812779989 ], [ 91.187958623984002, 25.815381169769907 ], [ 91.188359620248733, 25.81499807617697 ], [ 91.188533670631656, 25.814823166876028 ], [ 91.188829641263283, 25.814667196369726 ], [ 91.188832609296966, 25.814666347266215 ], [ 91.188833645054487, 25.814665801413977 ], [ 91.189078648870151, 25.814595806151914 ], [ 91.189496652938132, 25.814543815097487 ], [ 91.189827655170902, 25.814543822375512 ], [ 91.19010485011475, 25.814509026072702 ], [ 91.19027666459094, 25.814423215527277 ], [ 91.190416638281874, 25.814266201306488 ], [ 91.190503693117719, 25.813987225865397 ], [ 91.190521680084672, 25.813691235211458 ], [ 91.190451654611635, 25.813342161328503 ], [ 91.190381699207194, 25.813064209118519 ], [ 91.190381690224058, 25.8127671818526 ], [ 91.190503720067198, 25.812454163712289 ], [ 91.190521731288641, 25.812297165481151 ], [ 91.19053871214247, 25.812105134704979 ], [ 91.190399760734309, 25.811827136731825 ], [ 91.190172711546253, 25.811269154295186 ], [ 91.189614719414251, 25.810415166346925 ], [ 91.189422759319498, 25.810189214814137 ], [ 91.189196775533361, 25.81003215454605 ], [ 91.189091733730578, 25.809893207391713 ], [ 91.18898681140368, 25.809649116437036 ], [ 91.188969792820643, 25.809335179454315 ], [ 91.189021788207597, 25.809074179689112 ], [ 91.189074790605972, 25.80888214692331 ], [ 91.189074839115023, 25.808603171741971 ], [ 91.18896878940248, 25.808206174651794 ], [ 91.188759811622987, 25.807980190600947 ], [ 91.188480857777805, 25.807770121672359 ], [ 91.188271802743188, 25.807614174228345 ], [ 91.188044783199544, 25.807439138377905 ], [ 91.187904796932187, 25.80730011620642 ], [ 91.187782857818874, 25.807126119907885 ], [ 91.187678850875301, 25.806795124300972 ], [ 91.187591860718115, 25.806324083840533 ], [ 91.187538887065813, 25.805871158679341 ], [ 91.187451874450744, 25.805488117631498 ], [ 91.187364905853158, 25.8051400951951 ], [ 91.187259872135201, 25.8047740668142 ], [ 91.187120864133178, 25.804425124360822 ], [ 91.186928927394646, 25.804112165054157 ], [ 91.186736913400964, 25.803815090273194 ], [ 91.186388906059918, 25.803345125731493 ], [ 91.185673945010123, 25.80200314597057 ], [ 91.185167975214526, 25.801010079478189 ], [ 91.18483695052393, 25.800209091427178 ], [ 91.184484987002335, 25.799498094272479 ], [ 91.184327976762049, 25.799306058119321 ], [ 91.184224017429145, 25.799097084263494 ], [ 91.184206087056083, 25.798957055891769 ], [ 91.184241015350963, 25.798818049650258 ], [ 91.184416061067211, 25.798679077214459 ], [ 91.184468007945156, 25.798470065858059 ], [ 91.184416025134624, 25.79810406621198 ], [ 91.184276048748728, 25.79782505675972 ], [ 91.184084021280327, 25.79754611863277 ], [ 91.183893067298683, 25.797337050280984 ], [ 91.183736044481975, 25.797076059676126 ], [ 91.183631088019141, 25.796884040627482 ], [ 91.183561092190502, 25.796675039855383 ], [ 91.183561111953438, 25.796501119350381 ], [ 91.183614116148462, 25.796309088047281 ], [ 91.183753048691997, 25.796187085257884 ], [ 91.18396207947211, 25.796030036356552 ], [ 91.184102091790564, 25.795891078445578 ], [ 91.184137129679925, 25.795734022681707 ], [ 91.184171105760612, 25.795490128216979 ], [ 91.184119097797222, 25.795142089362113 ], [ 91.183858148885278, 25.793521110374893 ], [ 91.183736126228681, 25.793138080368216 ], [ 91.183648177569083, 25.792877048166119 ], [ 91.18352621509959, 25.792598083028768 ], [ 91.183457207417788, 25.792389094112238 ], [ 91.183457216400924, 25.792232051503085 ], [ 91.183474217017704, 25.792093092375666 ], [ 91.183561206276565, 25.791953111539378 ], [ 91.183596216318108, 25.791814014584606 ], [ 91.183577202576814, 25.79147008834461 ], [ 91.183507178900427, 25.791209100191157 ], [ 91.183228222360299, 25.790808045156535 ], [ 91.183089232324591, 25.790616051544212 ], [ 91.18301919966504, 25.790442068767387 ], [ 91.182967267160137, 25.790181035482743 ], [ 91.18282723867199, 25.789135041917945 ], [ 91.182688335772852, 25.787724073501074 ], [ 91.182513367311699, 25.786225106564224 ], [ 91.182392764891546, 25.785355983771698 ], [ 91.18232238548228, 25.78484904686405 ], [ 91.182285388367319, 25.784369061992457 ], [ 91.182180414836481, 25.784055018415884 ], [ 91.182110427092709, 25.783846016869436 ], [ 91.182023392918097, 25.783655033602891 ], [ 91.181831367246318, 25.783480066718401 ], [ 91.181675381983752, 25.783341019682219 ], [ 91.181483372481651, 25.783219031860206 ], [ 91.181274385719007, 25.783132031437535 ], [ 91.180995430975543, 25.782975020248816 ], [ 91.180803393625666, 25.782871082364284 ], [ 91.18064645345396, 25.782713971336925 ], [ 91.180419391689483, 25.782469970819843 ], [ 91.179792422418373, 25.781790000823133 ], [ 91.178937472406304, 25.781023960855784 ], [ 91.178536420446022, 25.780587973708933 ], [ 91.178397461851333, 25.78044895644754 ], [ 91.178327455242936, 25.780117929224179 ], [ 91.178327496565444, 25.779786966598664 ], [ 91.178378491229168, 25.777858959177713 ], [ 91.17837853075504, 25.777667980832401 ], [ 91.178413527321894, 25.77747599668746 ], [ 91.178518515225775, 25.777335972712685 ], [ 91.17930254504283, 25.776778990344713 ], [ 91.18013956917342, 25.776326006506398 ], [ 91.180278604124879, 25.776239026105245 ], [ 91.180366581530549, 25.776012053269323 ], [ 91.180435636823049, 25.775715979918658 ], [ 91.180592613825723, 25.775315047224698 ], [ 91.180784657463761, 25.775018976988431 ], [ 91.180941664110833, 25.774810016147701 ], [ 91.181220660176834, 25.77461810341892 ], [ 91.181534663589431, 25.774427078600816 ], [ 91.181778647817225, 25.774148082200483 ], [ 91.181952656877641, 25.773956119055267 ], [ 91.182423682208679, 25.773765068902993 ], [ 91.182424365826606, 25.773765034118192 ], [ 91.182427666236975, 25.773763695307505 ], [ 91.182776668911387, 25.773745733401213 ], [ 91.183194672081072, 25.773710710750173 ], [ 91.183471535546573, 25.773642246914118 ], [ 91.183800701622857, 25.773486050722322 ], [ 91.184253657341955, 25.773207131386776 ], [ 91.18470765600506, 25.772946094148104 ], [ 91.185003671552437, 25.772737147454048 ], [ 91.185160703352324, 25.772650115075734 ], [ 91.185286748664794, 25.772395093644388 ], [ 91.185373700194376, 25.772186156496627 ], [ 91.185373743313548, 25.771994184514863 ], [ 91.185251730538383, 25.771768109597417 ], [ 91.184641789731828, 25.770635113148632 ], [ 91.184397794724234, 25.770165091524497 ], [ 91.184188812453172, 25.769782059708646 ], [ 91.184066744880781, 25.769538111875406 ], [ 91.183961765061753, 25.769241127640051 ], [ 91.18385772847374, 25.768963107623009 ], [ 91.183787782052448, 25.768649051580265 ], [ 91.18378777666257, 25.768266100624214 ], [ 91.183769840001275, 25.767970112306848 ], [ 91.183787857510922, 25.767726107355951 ], [ 91.183822811856956, 25.767482134263101 ], [ 91.183996829002211, 25.767186104349996 ], [ 91.184469898000515, 25.766783153514524 ], [ 91.184589842853867, 25.766680135028441 ], [ 91.185182902519642, 25.766349168090549 ], [ 91.18551391463383, 25.766227119921204 ], [ 91.185514468894382, 25.766227060864168 ], [ 91.185517882492448, 25.766225802868473 ], [ 91.18600588688065, 25.766173813252777 ], [ 91.186406891230206, 25.766103822528347 ], [ 91.186981900148623, 25.765929834542291 ], [ 91.187398145315328, 25.765826529737474 ], [ 91.188395928355888, 25.765273204263273 ], [ 91.189145976702363, 25.76471528750098 ], [ 91.189372957618474, 25.764541212533473 ], [ 91.18945997203015, 25.764262234152621 ], [ 91.189424959293646, 25.763931284743723 ], [ 91.189355192535402, 25.76365333400037 ], [ 91.189319997440904, 25.763513271063243 ], [ 91.189162987200589, 25.762955257846137 ], [ 91.188884015389092, 25.762276227755823 ], [ 91.188675026829827, 25.761108164492402 ], [ 91.188658026213091, 25.760690162715722 ], [ 91.188693065000734, 25.760342215117113 ], [ 91.188797059367928, 25.760011279860866 ], [ 91.188937084262832, 25.759505248406271 ], [ 91.189163136320929, 25.758530238509316 ], [ 91.189251091268702, 25.75797220349018 ], [ 91.189408156306257, 25.75642926249866 ], [ 91.189495169819622, 25.755017221487776 ], [ 91.189443206771998, 25.753728275025157 ], [ 91.189426257359216, 25.752526228269225 ], [ 91.18932126316713, 25.751742229984387 ], [ 91.188707307789556, 25.751137284444834 ], [ 91.188758352758967, 25.750010272711283 ], [ 91.188758294368483, 25.749808191422158 ], [ 91.188775360562232, 25.749371297485848 ], [ 91.188741371905152, 25.749000197802591 ], [ 91.188589354501175, 25.748412280023153 ], [ 91.188320414176488, 25.747957206390662 ], [ 91.188202404294259, 25.747739216612484 ], [ 91.188129380244803, 25.747438209885029 ], [ 91.188101365384341, 25.746695242360275 ], [ 91.188118393848868, 25.746342195850559 ], [ 91.188202402497623, 25.745686183865352 ], [ 91.188236445951929, 25.745349233869934 ], [ 91.188185471949453, 25.744727193294651 ], [ 91.188118484578709, 25.7442721953622 ], [ 91.188000489069523, 25.743869272769732 ], [ 91.187899453752877, 25.74344823910042 ], [ 91.18781553224072, 25.743145201034867 ], [ 91.187713472844678, 25.742629205725912 ], [ 91.187595517759675, 25.742191263414966 ], [ 91.187545538192182, 25.741585210848065 ], [ 91.187478526566935, 25.741148263206867 ], [ 91.187343568170235, 25.740845221703321 ], [ 91.187259520893932, 25.740610234295762 ], [ 91.18700659932739, 25.740054181730645 ], [ 91.18685559252809, 25.739785237929119 ], [ 91.186653572200484, 25.739482171911018 ], [ 91.186602564960367, 25.739247234405202 ], [ 91.186602613469375, 25.739011217790221 ], [ 91.186653633285914, 25.73887719307486 ], [ 91.186737601510472, 25.73877616040285 ], [ 91.186905565807365, 25.73869124505276 ], [ 91.186907218707489, 25.738691083215173 ], [ 91.186909608226145, 25.738689874288283 ], [ 91.187246611204984, 25.738656880451483 ], [ 91.187633613514208, 25.738656890161717 ], [ 91.187936615259545, 25.738639864839904 ], [ 91.18829061975346, 25.738589872363413 ], [ 91.188643624422454, 25.738504849258074 ], [ 91.18882862706532, 25.738454884237274 ], [ 91.189132630432198, 25.738387890600741 ], [ 91.189451633867691, 25.738370929166425 ], [ 91.189704635384302, 25.738370934021553 ], [ 91.190142638645483, 25.738336943982791 ], [ 91.190394642133811, 25.738319916996758 ], [ 91.19061364331526, 25.738302953934305 ], [ 91.190832646293316, 25.738252926520907 ], [ 91.191051648373048, 25.738202932263292 ], [ 91.191352816656888, 25.738135343728786 ], [ 91.191619681873277, 25.73801834343902 ], [ 91.191855691756317, 25.737917300326558 ], [ 91.192141685698374, 25.737766333896001 ], [ 91.192367645230007, 25.737661374065485 ], [ 91.192569736524533, 25.737542308241334 ], [ 91.192737693634882, 25.737392403000751 ], [ 91.192906668536466, 25.737240343486324 ], [ 91.193057711268338, 25.737089325216353 ], [ 91.193141713628847, 25.736920326330406 ], [ 91.193259731595944, 25.736719348377026 ], [ 91.193327674774153, 25.736449334545075 ], [ 91.193344706831923, 25.736214340064112 ], [ 91.193428701107621, 25.735877375348895 ], [ 91.193512756468763, 25.735574348727496 ], [ 91.193562743222714, 25.735339401878523 ], [ 91.193579769890647, 25.735137349855034 ], [ 91.193579721381596, 25.734901422993548 ], [ 91.193512746587302, 25.734531356803853 ], [ 91.193391792925851, 25.734285354785122 ], [ 91.193239802471354, 25.733999345238843 ], [ 91.193071751037891, 25.733612411234077 ], [ 91.192886778039437, 25.733192414259669 ], [ 91.192717811222678, 25.73285537947654 ], [ 91.19260084428447, 25.732552295788295 ], [ 91.192566840356051, 25.732317389092398 ], [ 91.19256678376216, 25.732098339661146 ], [ 91.192515845692327, 25.731896346867345 ], [ 91.192398799702374, 25.731745342038753 ], [ 91.192263821542738, 25.73164438503747 ], [ 91.192111804138747, 25.731610367988861 ], [ 91.191977801549527, 25.731526391089599 ], [ 91.191859824904924, 25.731290353479 ], [ 91.191876859657683, 25.731055359319363 ], [ 91.191993862528477, 25.730948324334477 ], [ 91.192111813121926, 25.730887332654977 ], [ 91.192113262104471, 25.730887332654977 ], [ 91.192115845659231, 25.730885996597845 ], [ 91.192553818377689, 25.730886006308751 ], [ 91.192839850048998, 25.730918980453097 ], [ 91.193008850103382, 25.730970015220745 ], [ 91.193210848871431, 25.731053988466822 ], [ 91.193344848765733, 25.731121022652605 ], [ 91.193462847868204, 25.731188024431056 ], [ 91.19383384489403, 25.731424032303032 ], [ 91.194035874204801, 25.731508035979424 ], [ 91.194220842711673, 25.731559040552462 ], [ 91.194439843893122, 25.731592013700876 ], [ 91.194641843559481, 25.731626017806953 ], [ 91.194978845639994, 25.73162602509008 ], [ 91.19528114580109, 25.731592111618475 ], [ 91.195580892950147, 25.731475402687302 ], [ 91.195583731626442, 25.731474506861797 ], [ 91.195584854520547, 25.731474069873723 ], [ 91.195904858679285, 25.731373076226355 ], [ 91.19607789306761, 25.731325143441616 ], [ 91.196207864017879, 25.731289082165482 ], [ 91.196510866661498, 25.731222089345597 ], [ 91.196712869921143, 25.731205093709939 ], [ 91.196947870996098, 25.731205098565361 ], [ 91.19720087341102, 25.731188103736493 ], [ 91.19743687520922, 25.731172109124838 ], [ 91.197781877685642, 25.731152116868799 ], [ 91.198219067971507, 25.731067253528156 ], [ 91.198518860036302, 25.730951463379167 ], [ 91.198871896146343, 25.730816473861577 ], [ 91.198873985627699, 25.73081583941617 ], [ 91.198875894547697, 25.730815109480194 ], [ 91.199263900275071, 25.73069714869748 ], [ 91.199616904944079, 25.730630155544034 ], [ 91.199936908204492, 25.730579131959917 ], [ 91.200407911975915, 25.730529142567175 ], [ 91.200525913773347, 25.730512206716455 ], [ 91.201199923324296, 25.730327160055154 ], [ 91.201653928275618, 25.730226169479703 ], [ 91.202024932487973, 25.73019217711192 ], [ 91.202377903919285, 25.730176184794029 ], [ 91.202680938003951, 25.730159222187922 ], [ 91.20303494070123, 25.73014219888594 ], [ 91.203438945423855, 25.73005823875306 ], [ 91.203739414818401, 25.729974917866304 ], [ 91.203939944840968, 25.729891567788187 ], [ 91.204209951465927, 25.729790562276293 ], [ 91.204394999024544, 25.729655564157376 ], [ 91.204597003182485, 25.729436656296098 ], [ 91.204747958777773, 25.729218653585324 ], [ 91.204815988194255, 25.729066599800145 ], [ 91.204883042040308, 25.728864620468258 ], [ 91.205000985447214, 25.728595576897373 ], [ 91.205119008804189, 25.728359569075518 ], [ 91.205219992916867, 25.728174615365777 ], [ 91.205362999320215, 25.727916620697897 ], [ 91.205481038846841, 25.72783260315434 ], [ 91.205632051036005, 25.727714603804944 ], [ 91.205784030710703, 25.72763064195782 ], [ 91.205969037845165, 25.727563694823083 ], [ 91.205969222898105, 25.727563674591497 ], [ 91.205973028161679, 25.727562295606052 ], [ 91.206125029395949, 25.727545267885912 ], [ 91.206360031369201, 25.727511273133143 ], [ 91.206647034119328, 25.727478310991945 ], [ 91.206798034630395, 25.727478313419752 ], [ 91.207015258045857, 25.7274277262952 ], [ 91.207165000915523, 25.727361623919045 ], [ 91.207282052295355, 25.727277682863548 ], [ 91.207400051397812, 25.727075698065025 ], [ 91.207468087102498, 25.726873639279969 ], [ 91.207552080479871, 25.726637661220384 ], [ 91.207670026581738, 25.726570698150468 ], [ 91.207672348726732, 25.726570308082078 ], [ 91.207674065407261, 25.726569333720374 ], [ 91.207876067768566, 25.726535337879309 ], [ 91.208632068352117, 25.726535354874006 ], [ 91.208882058715915, 25.726419716500949 ], [ 91.209151075397415, 25.726301718986569 ], [ 91.209337073373604, 25.726217720533754 ], [ 91.209338327421762, 25.72621761532827 ], [ 91.209341086147973, 25.726216369857241 ], [ 91.209543087610982, 25.726199343562904 ], [ 91.21009809194635, 25.726199354083491 ], [ 91.210317092229459, 25.726233359731872 ], [ 91.210620093974782, 25.726249366337704 ], [ 91.210940096336884, 25.726266373202325 ], [ 91.211176097236745, 25.726266378057964 ], [ 91.211496099598818, 25.726283384110857 ], [ 91.211866100392996, 25.726350392661839 ], [ 91.212540101859105, 25.726434437149379 ], [ 91.212944100293512, 25.726586414992109 ], [ 91.213398100753253, 25.726737423945128 ], [ 91.213617098341416, 25.726855459872048 ], [ 91.213870097163124, 25.726990464407251 ], [ 91.214282095095115, 25.727192472819269 ], [ 91.214451095149514, 25.727225445560162 ], [ 91.214788094535109, 25.727309483764387 ], [ 91.215023095610064, 25.727360457767968 ], [ 91.215377097409018, 25.727410464678279 ], [ 91.215596096793817, 25.727478501169063 ], [ 91.215831097868758, 25.727511474639908 ], [ 91.216000097923171, 25.727528508838979 ], [ 91.216219099104592, 25.727528514503838 ], [ 91.216488102311374, 25.72751148920667 ], [ 91.216774106134906, 25.72744452581955 ], [ 91.21704231523097, 25.727377977547704 ], [ 91.217292122338435, 25.727277871422455 ], [ 91.217293561439519, 25.727277561473684 ], [ 91.217296114451543, 25.727276536943322 ], [ 91.21753098976238, 25.727225755509071 ], [ 91.217831102525736, 25.727109911444362 ], [ 91.217832016112382, 25.727109717220319 ], [ 91.217835121588323, 25.727108517886862 ], [ 91.218155124848721, 25.72704055563695 ], [ 91.218424128055517, 25.727007530242421 ], [ 91.218946130982275, 25.727007541572181 ], [ 91.219115131036688, 25.727074545668707 ], [ 91.219249099489943, 25.727141578861087 ], [ 91.219384128853562, 25.727225550764757 ], [ 91.219738127957584, 25.727377589100492 ], [ 91.219854439125612, 25.727377591528288 ], [ 91.219969156682353, 25.727310968766538 ], [ 91.220104108790864, 25.727210899001861 ], [ 91.220205162972121, 25.726991999587984 ], [ 91.220239178578652, 25.726688972977438 ], [ 91.220256129788069, 25.726234920819099 ], [ 91.220373118285835, 25.72539290428789 ], [ 91.220357207325506, 25.724904964982279 ], [ 91.22035717947773, 25.724652968913837 ], [ 91.220407235401993, 25.724265929227748 ], [ 91.22044121417764, 25.72376099911909 ], [ 91.220441228550669, 25.723323978675417 ], [ 91.220464301778748, 25.723121002250537 ], [ 91.220448256071151, 25.722851932735665 ], [ 91.220448241698108, 25.722598944164652 ], [ 91.220532248550199, 25.722464947076237 ], [ 91.220633265002206, 25.722413921606943 ], [ 91.220635001445672, 25.722413727375237 ], [ 91.220637262505221, 25.722412584645323 ], [ 91.220788263914585, 25.722395618503814 ], [ 91.220974234043027, 25.722429622811983 ], [ 91.221159262737046, 25.722513594805736 ], [ 91.221277260941193, 25.722665628644972 ], [ 91.221378255833628, 25.722850599825438 ], [ 91.221479253421037, 25.723001601383007 ], [ 91.221563249493371, 25.72316963352581 ], [ 91.221731243434661, 25.723422606315623 ], [ 91.222085231758896, 25.723977644138799 ], [ 91.222220228783144, 25.724128615940295 ], [ 91.222354224185878, 25.724347617739433 ], [ 91.222573221774041, 25.724532653474458 ], [ 91.222893217847911, 25.724768629237047 ], [ 91.223162214766475, 25.724936634604745 ], [ 91.223449213025035, 25.725121640289203 ], [ 91.223684211405057, 25.725239676201415 ], [ 91.224240204785517, 25.725575657043819 ], [ 91.224526202320831, 25.725744662345988 ], [ 91.225004198578475, 25.726039703018294 ], [ 91.225139194704425, 25.726207705780965 ], [ 91.225223192573395, 25.726342676252912 ], [ 91.225290189825586, 25.726443677410359 ], [ 91.225408186233096, 25.726628679131668 ], [ 91.225576177479425, 25.727032713836387 ], [ 91.225677172371903, 25.727217683889169 ], [ 91.225795138236677, 25.727351717704146 ], [ 91.225997168445758, 25.727469690707899 ], [ 91.226199168112146, 25.727520726146871 ], [ 91.226923204841242, 25.727520741522909 ], [ 91.22719317373695, 25.727604715586594 ], [ 91.227395174301634, 25.72762072119858 ], [ 91.227580172452917, 25.727721724507507 ], [ 91.227681172735274, 25.727772757410509 ], [ 91.227934166167017, 25.728075731084971 ], [ 91.228253160619388, 25.728394737010014 ], [ 91.228472159105849, 25.728512772910268 ], [ 91.228691156694055, 25.728647777182285 ], [ 91.229045154899751, 25.728815753600905 ], [ 91.229365152770228, 25.728983792094791 ], [ 91.229769152102975, 25.729101768334772 ], [ 91.229971153565941, 25.729101773190283 ], [ 91.230139151998827, 25.729168776915945 ], [ 91.230341150766876, 25.72932081195766 ], [ 91.230510148126342, 25.729438784626232 ], [ 91.230745146506322, 25.729572819983701 ], [ 91.230930146454256, 25.72964082367643 ], [ 91.23145214399112, 25.729875803637817 ], [ 91.23170514460945, 25.729926839662507 ], [ 91.232008143659826, 25.730043846298244 ], [ 91.232328141530346, 25.730212821781453 ], [ 91.232631140580722, 25.730329827326475 ], [ 91.232783139120045, 25.730397830586227 ], [ 91.233046137987472, 25.730522836941073 ], [ 91.233231137935419, 25.730589840675147 ], [ 91.23345013732019, 25.730673875692151 ], [ 91.233837139629429, 25.730673883784601 ], [ 91.234006142378789, 25.730640886913488 ], [ 91.234208144740109, 25.730606892236533 ], [ 91.234410113863731, 25.730606896282758 ], [ 91.234612146767773, 25.730657869681945 ], [ 91.23474714558867, 25.730724871721392 ], [ 91.234864143069572, 25.730808874273329 ], [ 91.235016137117341, 25.731044877233298 ], [ 91.235151131446642, 25.731313911215484 ], [ 91.235235123925733, 25.731633881153957 ], [ 91.235285151103881, 25.731834882271965 ], [ 91.235353114943365, 25.732003914283631 ], [ 91.235454111632436, 25.732188916254998 ], [ 91.235588108831777, 25.732322887819624 ], [ 91.235824106138409, 25.732491892432847 ], [ 91.236464099184445, 25.732928936636782 ], [ 91.236666128495244, 25.733063940749467 ], [ 91.237023096531246, 25.733220947545419 ], [ 91.237175095070597, 25.73327091962177 ], [ 91.237411093275526, 25.733405924964515 ], [ 91.237579093504991, 25.733472959442565 ], [ 91.237798091093154, 25.733624963894137 ], [ 91.238017086884739, 25.733842937485313 ], [ 91.238185083520946, 25.734028940027198 ], [ 91.238370078078987, 25.734246975187414 ], [ 91.238589074768839, 25.734482979414196 ], [ 91.238791069943602, 25.734701952431159 ], [ 91.239044066070363, 25.734936988744405 ], [ 91.239313061192277, 25.735172963278764 ], [ 91.239549059397206, 25.735306998644912 ], [ 91.239768058781991, 25.735408002706741 ], [ 91.239953057831613, 25.735491976054725 ], [ 91.240121056264485, 25.735525979854426 ], [ 91.24034005744592, 25.735559983644421 ], [ 91.240542056213968, 25.735644019194091 ], [ 91.240761056497092, 25.735711024087717 ], [ 91.240963056163437, 25.735761996916732 ], [ 91.241148057009681, 25.735778000621341 ], [ 91.241283056728889, 25.735829034112161 ], [ 91.241468055778498, 25.735913007162683 ], [ 91.241569054264204, 25.736014009900344 ], [ 91.241687047976782, 25.736317042683698 ], [ 91.241670042868463, 25.736502041988501 ], [ 91.241586035118033, 25.736771039344156 ], [ 91.241502024672641, 25.737141037061779 ], [ 91.241502021079384, 25.737310006502774 ], [ 91.241569015636657, 25.737511006924112 ], [ 91.241670013224052, 25.73764597832001 ], [ 91.241805011146639, 25.7377640430669 ], [ 91.241940009069211, 25.737882015448434 ], [ 91.242966999034621, 25.738571036067412 ], [ 91.243269995390079, 25.738773041794431 ], [ 91.243711990764353, 25.73908205065991 ], [ 91.243896987119044, 25.739250085970344 ], [ 91.244132952984614, 25.739419089635355 ], [ 91.244300982858505, 25.739536093401238 ], [ 91.244502979829917, 25.739722097553283 ], [ 91.244755975058339, 25.739940072100776 ], [ 91.244957972029766, 25.740109107151667 ], [ 91.245091971025744, 25.740209078667764 ], [ 91.245293968895453, 25.740361113345227 ], [ 91.245512964686995, 25.740529086968166 ], [ 91.245681962046476, 25.740681152794046 ], [ 91.246371948134737, 25.741404104278779 ], [ 91.246556943591088, 25.741606138366052 ], [ 91.246657940280159, 25.741757140377246 ], [ 91.24674193994575, 25.741825111206101 ], [ 91.246809937921171, 25.741909112386725 ], [ 91.24878491641266, 25.743302183994405 ], [ 91.249327909374358, 25.743678163683064 ], [ 91.249975901019738, 25.744221176015941 ], [ 91.250539893897809, 25.744638219467465 ], [ 91.251626886832625, 25.745160241456897 ], [ 91.252462883290548, 25.745536258959639 ], [ 91.252964881634242, 25.745745206595419 ], [ 91.253591880549735, 25.745975281278525 ], [ 91.254238877760059, 25.746246294596617 ], [ 91.2548038722597, 25.74660130677816 ], [ 91.255325863508361, 25.74708231744258 ], [ 91.256036852207984, 25.74766733137459 ], [ 91.256537843540229, 25.748168373239881 ], [ 91.25680987227291, 25.748356316290913 ], [ 91.257227838611655, 25.748523355404085 ], [ 91.257540840402754, 25.748565361725209 ], [ 91.257896838258247, 25.748732368988744 ], [ 91.258126835717064, 25.748878342980451 ], [ 91.258439834813217, 25.749003349316407 ], [ 91.258732835614495, 25.749087386687009 ], [ 91.259944841697504, 25.749170412602332 ], [ 91.262190847300104, 25.749492459200372 ], [ 91.263088853563758, 25.749534447378288 ], [ 91.263841853774281, 25.749701462988781 ], [ 91.264489853504458, 25.749951477033164 ], [ 91.265116851521626, 25.750160520469439 ], [ 91.265260748155413, 25.750160523705869 ], [ 91.265404857689916, 25.750057928526068 ], [ 91.265613833672802, 25.749806884705784 ], [ 91.265718830559834, 25.749702895927935 ], [ 91.265906837168998, 25.749576879744914 ], [ 91.26591028939464, 25.749575899098904 ], [ 91.265910872401264, 25.74957550748778 ], [ 91.266202876970894, 25.749492544966472 ], [ 91.267017885190498, 25.749346532082892 ], [ 91.267788098020162, 25.749096811283891 ], [ 91.268435900121005, 25.748804954279358 ], [ 91.26958490196327, 25.74811496703321 ], [ 91.270575909011669, 25.747248987765666 ], [ 91.270931004958641, 25.747061047008454 ], [ 91.270932744097024, 25.747060829352208 ], [ 91.27093497281723, 25.747059648830053 ], [ 91.271436977449156, 25.746996659581566 ], [ 91.272104277483209, 25.746996674145937 ], [ 91.272351954685149, 25.746894060051044 ], [ 91.272850029187694, 25.746379002628192 ], [ 91.272999988551348, 25.746297021784219 ], [ 91.273001574976121, 25.746297022593367 ], [ 91.273004005817299, 25.746295693182574 ], [ 91.273192007036585, 25.746295698037386 ], [ 91.273339005553055, 25.746400670470003 ], [ 91.273485002447956, 25.746567703432429 ], [ 91.273588995916839, 25.74685970591327 ], [ 91.273756932365913, 25.748175707943915 ], [ 91.274027938815806, 25.749177680896928 ], [ 91.2739659263151, 25.749658678702339 ], [ 91.273944891364408, 25.750974676426463 ], [ 91.274489887569175, 25.751292687185806 ], [ 91.274767882013649, 25.751542724581327 ], [ 91.275116876603207, 25.751904700214403 ], [ 91.27532489947356, 25.752252736454395 ], [ 91.275631857399389, 25.752753741178662 ], [ 91.275826846613285, 25.753240713379459 ], [ 91.275909834775845, 25.753714746304109 ], [ 91.276063827575115, 25.754020748590584 ], [ 91.276494822180453, 25.754368757593795 ], [ 91.276801821428805, 25.754451795190047 ], [ 91.277051819877414, 25.75459076846801 ], [ 91.277288817008952, 25.754785711212627 ], [ 91.277525810547189, 25.755022746673223 ], [ 91.277820793031978, 25.755822720262582 ], [ 91.277931783478593, 25.75622678516935 ], [ 91.278071740999863, 25.756685755940683 ], [ 91.278238730624679, 25.75711782199474 ], [ 91.278502754469827, 25.757492764430726 ], [ 91.27880974742996, 25.757854770472502 ], [ 91.279143741052607, 25.758161809009049 ], [ 91.280513723064843, 25.759279803412564 ], [ 91.281362710958419, 25.759919820774307 ], [ 91.28215669860036, 25.760643806437884 ], [ 91.282880674244026, 25.761742850192743 ], [ 91.283246697298139, 25.762193890586069 ], [ 91.283386662005938, 25.762374860285078 ], [ 91.283594658825109, 25.762541897480087 ], [ 91.283831656854943, 25.762680870189087 ], [ 91.284221657740616, 25.762777909414055 ], [ 91.284583656342221, 25.76290388570072 ], [ 91.284973654532934, 25.763070893835661 ], [ 91.285294653126684, 25.763237931669387 ], [ 91.285711649284934, 25.763501940752633 ], [ 91.286018644940029, 25.763752947532506 ], [ 91.286241638234586, 25.764058951457276 ], [ 91.286547629573164, 25.764489957572096 ], [ 91.286728625729864, 25.764684960920693 ], [ 91.287202585856932, 25.765130970242144 ], [ 91.287792609216993, 25.765555981782761 ], [ 91.287987605617417, 25.765764954063858 ], [ 91.28822360022906, 25.766042958920046 ], [ 91.288418593036226, 25.766348961795664 ], [ 91.288558587388422, 25.76661396469024 ], [ 91.288641581839187, 25.766877997815971 ], [ 91.288753572110735, 25.767253999143293 ], [ 91.288836533323845, 25.767602000911161 ], [ 91.288948554138088, 25.768033003060225 ], [ 91.289031545893934, 25.768380972611631 ], [ 91.28918453886827, 25.768673975563392 ], [ 91.289379531675436, 25.768993979172855 ], [ 91.289505522190638, 25.769411012486092 ], [ 91.289644506836467, 25.770049015083121 ], [ 91.289658495402065, 25.770452951484046 ], [ 91.289700479065189, 25.771107014568848 ], [ 91.289686468940019, 25.771483013824138 ], [ 91.28965845946945, 25.771844043662465 ], [ 91.289644449344294, 25.772234012122663 ], [ 91.289672439051913, 25.772637979916386 ], [ 91.289798429567128, 25.773027981361555 ], [ 91.289937425891054, 25.773235984304698 ], [ 91.290118420251133, 25.773500988000698 ], [ 91.2905644113318, 25.773974028348093 ], [ 91.290814374746148, 25.774211033586706 ], [ 91.291093404948143, 25.774364039154221 ], [ 91.291469400200185, 25.774656015346494 ], [ 91.29188739528503, 25.774934023644427 ], [ 91.292513388985725, 25.775338068802725 ], [ 91.292917386521793, 25.775533076977919 ], [ 91.293307385610831, 25.775686084885354 ], [ 91.293641384623342, 25.775811091310239 ], [ 91.293896382196536, 25.775959097219747 ], [ 91.294104378117453, 25.776195068722249 ], [ 91.294313372066597, 25.776501072925239 ], [ 91.294634360778858, 25.776989079406746 ], [ 91.294829349094414, 25.777490114832844 ], [ 91.294926341093969, 25.777838115704888 ], [ 91.294968328350365, 25.7783391159976 ], [ 91.294940307201713, 25.779146083243443 ], [ 91.294954295767297, 25.77959111444282 ], [ 91.295010287758956, 25.779925083513412 ], [ 91.295121278205571, 25.780301085563949 ], [ 91.295330270358093, 25.780663089183008 ], [ 91.295553266347611, 25.780900125549032 ], [ 91.295863264172368, 25.781081099888933 ], [ 91.296323228547323, 25.781349140458769 ], [ 91.29665725810257, 25.781503147941098 ], [ 91.297019254907553, 25.781725123435383 ], [ 91.297242249998732, 25.781962160105873 ], [ 91.297368243208894, 25.782212162024521 ], [ 91.297479234553805, 25.782630163227164 ], [ 91.297646224178607, 25.783075165986769 ], [ 91.297855215432847, 25.783451170185444 ], [ 91.298050209138296, 25.783716174521768 ], [ 91.298370205212194, 25.783980117825084 ], [ 91.298579234195628, 25.784105153527584 ], [ 91.299069200504434, 25.78436416424368 ], [ 91.299291193974085, 25.784671168174395 ], [ 91.299431185631335, 25.785046202329042 ], [ 91.29948617869637, 25.785311203101529 ], [ 91.299584173215777, 25.785575173592253 ], [ 91.299723168641364, 25.785756207126269 ], [ 91.300071166999288, 25.785923183100014 ], [ 91.301018162886962, 25.786355234120517 ], [ 91.301297159851273, 25.786522239178769 ], [ 91.301492156251683, 25.786731212552194 ], [ 91.301645149226047, 25.787009215199923 ], [ 91.301756108231629, 25.787399217123461 ], [ 91.301885106306415, 25.788728217642209 ], [ 91.301885098221589, 25.789062248340642 ], [ 91.30189909127877, 25.789312217498352 ], [ 91.301968086384178, 25.789521218308948 ], [ 91.302094078696015, 25.789827220487592 ], [ 91.302261070117439, 25.790231254550221 ], [ 91.302637058182995, 25.790774231086591 ], [ 91.303514034885865, 25.791943278653264 ], [ 91.304591010706943, 25.793176268653465 ], [ 91.305648981769863, 25.79458128973728 ], [ 91.307097973306298, 25.796474349075165 ], [ 91.308857896017102, 25.79871138308345 ], [ 91.309497882774934, 25.799406396302064 ], [ 91.309985864705283, 25.800228374088618 ], [ 91.310444838238439, 25.801383412889031 ], [ 91.310892796629616, 25.803090420205294 ], [ 91.311393759215775, 25.804649428972525 ], [ 91.311950734454868, 25.805749407543424 ], [ 91.312229726029287, 25.806152413628233 ], [ 91.31243872087677, 25.806431447956072 ], [ 91.312688717528772, 25.806626453523094 ], [ 91.312953716045996, 25.806765427961576 ], [ 91.31319071407583, 25.806876432549025 ], [ 91.313315711952683, 25.806987496877973 ], [ 91.313482707865674, 25.807238469868704 ], [ 91.313764684541781, 25.808178443841793 ], [ 91.314001661012043, 25.809153478352137 ], [ 91.314210648673026, 25.809682451221871 ], [ 91.314516634621725, 25.810308456844641 ], [ 91.314948622763751, 25.810865496014635 ], [ 91.315213619484354, 25.81110150156341 ], [ 91.315547615801947, 25.811296508339474 ], [ 91.315867614570763, 25.811421515230666 ], [ 91.316550610867807, 25.81175549734321 ], [ 91.317135604560633, 25.812159540760906 ], [ 91.31751659714061, 25.812531516843766 ], [ 91.318575570723382, 25.813839569061663 ], [ 91.319898539405244, 25.815440595320432 ], [ 91.320608519296783, 25.816344608673582 ], [ 91.320845511038414, 25.816734581998897 ], [ 91.320984503769083, 25.817082615659242 ], [ 91.321068489061616, 25.817639585774817 ], [ 91.321153464297581, 25.818634586242528 ], [ 91.321264443066113, 25.819497618566086 ], [ 91.321362433093924, 25.819915620093109 ], [ 91.321515420678395, 25.820416591348344 ], [ 91.321598412434241, 25.820750624107635 ], [ 91.321974387923362, 25.821780598810612 ], [ 91.322253408243853, 25.822267635346833 ], [ 91.322545371490989, 25.822587609949153 ], [ 91.322768367480506, 25.822796645873925 ], [ 91.323513361905185, 25.823207660670956 ], [ 91.324794346923937, 25.824126717864399 ], [ 91.325560331383528, 25.824919702400752 ], [ 91.326563348008975, 25.825754691340709 ], [ 91.327356300791735, 25.826603706636874 ], [ 91.328291282610806, 25.82755875656467 ], [ 91.32877927172764, 25.828114766943479 ], [ 91.329336259543155, 25.828755715417543 ], [ 91.330088232979278, 25.829952760003348 ], [ 91.330394225216196, 25.830327798013617 ], [ 91.330659219241866, 25.830620772386158 ], [ 91.331202175372624, 25.831246782950466 ], [ 91.3315232000175, 25.831608850884486 ], [ 91.331820192033589, 25.831961825545271 ], [ 91.332057159520673, 25.832087800287738 ], [ 91.332753186779243, 25.832435813882817 ], [ 91.333533179567425, 25.832936860716725 ], [ 91.333825174255551, 25.833242835665008 ], [ 91.333965167709451, 25.833492838555227 ], [ 91.33404816126189, 25.833799839719557 ], [ 91.334048154075376, 25.834077838661976 ], [ 91.333965146149851, 25.834328868245677 ], [ 91.333895141338076, 25.834509866912317 ], [ 91.333422106475766, 25.835730854401557 ], [ 91.333004074560009, 25.836816844744472 ], [ 91.332865066557986, 25.8371088101946 ], [ 91.332851092365445, 25.837303808905045 ], [ 91.332976057004601, 25.837498811336701 ], [ 91.333143053815917, 25.837665815456614 ], [ 91.333408047841587, 25.837985851116208 ], [ 91.333882024138319, 25.838945829200092 ], [ 91.334284995798356, 25.840156836119011 ], [ 91.334535987783667, 25.840560871549293 ], [ 91.334939979031574, 25.841005849161981 ], [ 91.335078976253783, 25.841158850961701 ], [ 91.335231975516365, 25.841214885707114 ], [ 91.335510134352504, 25.841186976675232 ], [ 91.335716000367867, 25.841105247317401 ], [ 91.336036017102998, 25.840951232409839 ], [ 91.336503018879867, 25.840657285932881 ], [ 91.337186004397097, 25.839989251780281 ], [ 91.338133060471904, 25.839084329925463 ], [ 91.338453042172745, 25.838820284606349 ], [ 91.338801097124502, 25.838625336096939 ], [ 91.338803812731641, 25.838624639164472 ], [ 91.338805068576406, 25.838623934955429 ], [ 91.339237073786435, 25.838512974681034 ], [ 91.339724077451393, 25.838498985081433 ], [ 91.340198080697576, 25.838512995702214 ], [ 91.340741085337385, 25.83848500679926 ], [ 91.341770802587988, 25.838248296641328 ], [ 91.342227125192778, 25.838068416202898 ], [ 91.342228289409363, 25.838068151011569 ], [ 91.342231107424425, 25.83806703931009 ], [ 91.343257088581794, 25.837833061894333 ], [ 91.343563123937813, 25.837763067392537 ], [ 91.343883127198225, 25.837749043746751 ], [ 91.344176127999503, 25.837805080915643 ], [ 91.344343125709131, 25.837930053352231 ], [ 91.344496121378455, 25.838125056368842 ], [ 91.344705115327599, 25.838403028979972 ], [ 91.345290092850718, 25.839517103121249 ], [ 91.345875077560365, 25.840338083780793 ], [ 91.346042074371681, 25.840505087127081 ], [ 91.346154073626366, 25.840547089166069 ], [ 91.346418076810281, 25.840505095212013 ], [ 91.347059084054294, 25.840407139714479 ], [ 91.347491121603667, 25.84029614877268 ], [ 91.347978097420892, 25.840157128794534 ], [ 91.348364919168731, 25.840047073857267 ], [ 91.349116076036267, 25.839671540315369 ], [ 91.350035160369757, 25.839323566595287 ], [ 91.350035916751239, 25.839323422682007 ], [ 91.350039132719942, 25.839322204270118 ], [ 91.351198147184363, 25.839100199225634 ], [ 91.351853154672099, 25.839003212769477 ], [ 91.352257158496386, 25.838975221556957 ], [ 91.353106162559641, 25.839044270201104 ], [ 91.353538162379778, 25.839156248690653 ], [ 91.353928162367097, 25.839253256850927 ], [ 91.354248160237589, 25.839420294877041 ], [ 91.354814154562135, 25.83977227442286 ], [ 91.355970140805738, 25.840635298169573 ], [ 91.35709812207034, 25.841651320826021 ], [ 91.35740411879884, 25.841887327262157 ], [ 91.357683117559773, 25.842013364201541 ], [ 91.357906119837494, 25.84199933782558 ], [ 91.357969520235258, 25.841977373757718 ], [ 91.358306093819436, 25.841860703070374 ], [ 91.358765089810476, 25.841624719218721 ], [ 91.358768077607124, 25.841623931753468 ], [ 91.358769135822499, 25.841623387642493 ], [ 91.359034139729644, 25.8415533929576 ], [ 91.359229139723311, 25.841553397000034 ], [ 91.35952114069967, 25.841581402963811 ], [ 91.359869140854201, 25.841678410752547 ], [ 91.360176141000878, 25.841748416682279 ], [ 91.36051014360666, 25.841776424216881 ], [ 91.360956147263778, 25.841748434468947 ], [ 91.361457152070784, 25.841665445069967 ], [ 91.362126192141545, 25.84151145918872 ], [ 91.363086457942586, 25.841275656550273 ], [ 91.363840155245754, 25.840997823280595 ], [ 91.364995188376838, 25.840496895470537 ], [ 91.364996133404517, 25.840496825131577 ], [ 91.36499920833775, 25.840495491117188 ], [ 91.365557213046145, 25.840453502804266 ], [ 91.365821215331721, 25.840426539530785 ], [ 91.366058216056516, 25.840467514002111 ], [ 91.366267214497256, 25.840607548274019 ], [ 91.366490212283395, 25.840760521483134 ], [ 91.366726208691659, 25.84096855755072 ], [ 91.367771184725711, 25.842165547322757 ], [ 91.36802218299924, 25.84229158396575 ], [ 91.368314183975613, 25.842346589786931 ], [ 91.368599186177576, 25.842336565431488 ], [ 91.368822190251933, 25.842266570360067 ], [ 91.369114192126602, 25.842196576055681 ], [ 91.369407194724531, 25.842210612918528 ], [ 91.369769195122757, 25.842294620621477 ], [ 91.370117192582356, 25.842461596951445 ], [ 91.370590188817118, 25.842753638213132 ], [ 91.371175178916658, 25.843310587794843 ], [ 91.371440169349057, 25.84372862326585 ], [ 91.37164916329823, 25.844048627972708 ], [ 91.371774155785161, 25.844354660692971 ], [ 91.37196913152431, 25.845356663424731 ], [ 91.371983122784869, 25.845676663727243 ], [ 91.372053115020265, 25.846010634090984 ], [ 91.372178108405492, 25.846289666651362 ], [ 91.372572092421123, 25.847016674741042 ], [ 91.372781091760189, 25.84708667912842 ], [ 91.373088093703473, 25.847127653718164 ], [ 91.37329709483916, 25.847141689187396 ], [ 91.373516520923715, 25.847073770630054 ], [ 91.373710124037132, 25.846962015490949 ], [ 91.373713912232688, 25.846960776138047 ], [ 91.37371410177721, 25.846960666997376 ], [ 91.373882103803339, 25.846905702127405 ], [ 91.374313108290124, 25.846863712047501 ], [ 91.374741942447187, 25.846752542836771 ], [ 91.375326132147805, 25.846406057287904 ], [ 91.375688111884813, 25.846225075203176 ], [ 91.375689955227799, 25.846224800328688 ], [ 91.375692135438982, 25.846223711340567 ], [ 91.376068108233142, 25.846167750111764 ], [ 91.376681142837569, 25.846181732336923 ], [ 91.378287151800819, 25.846267765631094 ], [ 91.378733154559612, 25.846267775332521 ], [ 91.379179191454355, 25.846197785012659 ], [ 91.37966616547493, 25.846114827031084 ], [ 91.380376171417623, 25.846086841543539 ], [ 91.381093174338048, 25.846169856944989 ], [ 91.381455172939667, 25.84632386424968 ], [ 91.382528139579634, 25.846671886905394 ], [ 91.384073169104795, 25.847158888112165 ], [ 91.384965169232473, 25.847422906734977 ], [ 91.385974172230959, 25.847577959344559 ], [ 91.386531175317828, 25.84763394011722 ], [ 91.387102178648377, 25.847674951705834 ], [ 91.387589181415038, 25.847702992600297 ], [ 91.387924181150808, 25.847786968915457 ], [ 91.388286181549063, 25.847883945744929 ], [ 91.391294199261083, 25.847982041379122 ], [ 91.393160209413637, 25.848121111177594 ], [ 91.39363420726994, 25.84830209036102 ], [ 91.395274199500392, 25.849070123863683 ], [ 91.397028196025246, 25.849696160505445 ], [ 91.399675190706091, 25.850615248044626 ], [ 91.402172181107488, 25.851675299501057 ], [ 91.402534180607404, 25.85180030659761 ], [ 91.402827180510386, 25.851842280373262 ], [ 91.403088676496338, 25.851800717273083 ], [ 91.403394161185076, 25.851592718850654 ], [ 91.403644169515175, 25.851397707315272 ], [ 91.40385322005821, 25.851244668637669 ], [ 91.404160193255422, 25.851077722492096 ], [ 91.404162918743978, 25.851077045035094 ], [ 91.404164209623048, 25.851076342517 ], [ 91.404498246364838, 25.850993317624749 ], [ 91.404832187885177, 25.850923325250907 ], [ 91.405109858936115, 25.850868599090418 ], [ 91.405343242145264, 25.850771741929801 ], [ 91.405566252507796, 25.850632662313544 ], [ 91.405569455900121, 25.850631825594398 ], [ 91.405570232044511, 25.850631340539824 ], [ 91.405891236926436, 25.850547379987592 ], [ 91.406141235375074, 25.850645353765781 ], [ 91.406773228923541, 25.851077398315166 ], [ 91.407108226862661, 25.851244405092711 ], [ 91.408305217605687, 25.85189843051149 ], [ 91.409392212337181, 25.852413452398579 ], [ 91.410450210349552, 25.852775441813307 ], [ 91.411810206689125, 25.853322533389033 ], [ 91.41284120044574, 25.853795524268183 ], [ 91.413342198066246, 25.854018534059538 ], [ 91.413802197475434, 25.854157480349397 ], [ 91.414233199267287, 25.854240521613185 ], [ 91.415055202668057, 25.854338569937752 ], [ 91.416295242476124, 25.854352564131222 ], [ 91.417005215181163, 25.854393579048565 ], [ 91.417534217780599, 25.854421623200324 ], [ 91.418230220784636, 25.854505605253635 ], [ 91.418976224017399, 25.854616653192071 ], [ 91.420299228631876, 25.854769649510864 ], [ 91.421037229672052, 25.854950696125105 ], [ 91.422625239091957, 25.85500669927621 ], [ 91.423279244958167, 25.854964744408548 ], [ 91.423819851096155, 25.854840308959488 ], [ 91.424139238112289, 25.854674144759681 ], [ 91.424919256053258, 25.854117125813318 ], [ 91.425434311409603, 25.853811133714245 ], [ 91.425782276529858, 25.853672204802276 ], [ 91.42578387912431, 25.853671765030757 ], [ 91.425786297389067, 25.853670798988571 ], [ 91.426343304069192, 25.853517811757115 ], [ 91.426928310338411, 25.853447824111168 ], [ 91.427573315983764, 25.853431838708733 ], [ 91.427863422413211, 25.853390258382348 ], [ 91.428057302207719, 25.853224160050864 ], [ 91.428265316094908, 25.852973231192735 ], [ 91.429115376576917, 25.851540242827515 ], [ 91.429407371265043, 25.851122244667085 ], [ 91.429672393138503, 25.850927259033771 ], [ 91.430020416649228, 25.850440274152902 ], [ 91.430763461729754, 25.849364272562354 ], [ 91.431906443961296, 25.84786131984626 ], [ 91.432929498407432, 25.846629289595278 ], [ 91.434238584524905, 25.845390317199133 ], [ 91.435352592495263, 25.844457381257374 ], [ 91.436731635813786, 25.843650405241039 ], [ 91.436887650720749, 25.843572474172255 ], [ 91.437789624843049, 25.843121397371906 ], [ 91.437792846201631, 25.843120441753708 ], [ 91.437793655583718, 25.843120036707422 ], [ 91.439339678645553, 25.842661102193812 ], [ 91.440571696498154, 25.842339129124689 ], [ 91.441138705020663, 25.842182109078763 ], [ 91.441774646664797, 25.842014929425016 ], [ 91.44322172478968, 25.841207521992175 ], [ 91.444523804946257, 25.840447572501617 ], [ 91.444527097271759, 25.840446612010858 ], [ 91.444527773703172, 25.840446215848832 ], [ 91.444938779895111, 25.840326224780615 ], [ 91.445263783178376, 25.840302168017349 ], [ 91.445505783926023, 25.840314204888806 ], [ 91.445867784324292, 25.840422244001822 ], [ 91.446204781913224, 25.840591251483296 ], [ 91.447230771155418, 25.841242240109342 ], [ 91.447978730918848, 25.84184522382996 ], [ 91.448581744816252, 25.842677299256568 ], [ 91.448717738072162, 25.842984301654074 ], [ 91.448717727292404, 25.843370270163987 ], [ 91.448705720410302, 25.843660269407703 ], [ 91.448416694654185, 25.844540292701915 ], [ 91.448392687178213, 25.844853261578194 ], [ 91.448404680585554, 25.845082261151987 ], [ 91.448452675774547, 25.845299292638657 ], [ 91.448609671641805, 25.845468264856393 ], [ 91.448874669260746, 25.845673301349677 ], [ 91.44923666516739, 25.845926278156966 ], [ 91.449863658693019, 25.846336290991516 ], [ 91.450973644007519, 25.847180313600099 ], [ 91.451979629564974, 25.8480423641026 ], [ 91.453781597922628, 25.849749369784767 ], [ 91.454794583152776, 25.850569420881268 ], [ 91.456230566185567, 25.851642450273506 ], [ 91.457581552422837, 25.852558446681549 ], [ 91.458908541963893, 25.853342474335715 ], [ 91.460440532442703, 25.854089536718938 ], [ 91.461634521016052, 25.854849530326881 ], [ 91.462037513337336, 25.855277537762227 ], [ 91.462134508031838, 25.855506539785839 ], [ 91.462170500830339, 25.855783571004128 ], [ 91.4621704927455, 25.856097570729947 ], [ 91.462206484645677, 25.856446539533863 ], [ 91.462242477444136, 25.85671154143186 ], [ 91.462315471849195, 25.856928573402531 ], [ 91.462423468210986, 25.85713357466657 ], [ 91.462520465600406, 25.857266576518942 ], [ 91.462640462556053, 25.857375579900864 ], [ 91.462845461697142, 25.857483552501002 ], [ 91.463147461820952, 25.857555589418748 ], [ 91.463509462219193, 25.857604597261631 ], [ 91.464172466509595, 25.857628610895109 ], [ 91.466014481762627, 25.857594650995242 ], [ 91.466267482380914, 25.857606656196847 ], [ 91.466400482450311, 25.857679659049062 ], [ 91.466496480913136, 25.857763629895906 ], [ 91.466605477099819, 25.857920632488018 ], [ 91.46676247027213, 25.858209665614854 ], [ 91.466918433076827, 25.858462638237921 ], [ 91.467148461078352, 25.858691642983985 ], [ 91.467473457175117, 25.858933649070551 ], [ 91.467775452807317, 25.859125655604743 ], [ 91.468077452032787, 25.859270661056875 ], [ 91.468463450025553, 25.85945169996991 ], [ 91.469126450722669, 25.859620714209107 ], [ 91.469958455965781, 25.85962073199309 ], [ 91.470429461533882, 25.859584711339657 ], [ 91.470840465929172, 25.859536751148308 ], [ 91.47094846588422, 25.859523752663957 ], [ 91.472393487765402, 25.859077784147434 ], [ 91.474082513637356, 25.858547821083892 ], [ 91.4748295229832, 25.858378836837172 ], [ 91.47651854975345, 25.857860842672601 ], [ 91.477447559572539, 25.857703894162309 ], [ 91.47776156118853, 25.857727869781979 ], [ 91.477942560938487, 25.857775873551123 ], [ 91.478026557909132, 25.857932874510198 ], [ 91.478123519365937, 25.858245908181299 ], [ 91.478268542487072, 25.858607910457017 ], [ 91.478666529395625, 25.859234886848252 ], [ 91.479353507026019, 25.860271900414684 ], [ 91.479948492679725, 25.860977942767896 ], [ 91.481155470892091, 25.862110967712976 ], [ 91.482783435579208, 25.863931969247503 ], [ 91.483278392927716, 25.864510009438046 ], [ 91.483491423905761, 25.864595044851718 ], [ 91.483672424554058, 25.864619017456945 ], [ 91.483913427273421, 25.864595053743329 ], [ 91.484697436429201, 25.864438008283372 ], [ 91.486109455105165, 25.864113039012693 ], [ 91.487906481830464, 25.863582109122106 ], [ 91.488546490147897, 25.863450122371521 ], [ 91.490608473169587, 25.86347413562584 ], [ 91.491815511569087, 25.863498161808668 ], [ 91.492104512172403, 25.863582198847372 ], [ 91.492261509836297, 25.863691201255396 ], [ 91.49241850750019, 25.863847204148598 ], [ 91.49256350546851, 25.863980207338699 ], [ 91.492764505309964, 25.864041180691057 ], [ 91.493150506895986, 25.864065219691927 ], [ 91.493886543320656, 25.864065235858586 ], [ 91.494140515017776, 25.864053241012908 ], [ 91.494489515895552, 25.864065248791878 ], [ 91.494839518394869, 25.864089286979532 ], [ 91.495117518229208, 25.864137230773686 ], [ 91.495442519715823, 25.86420923696156 ], [ 91.495611552109608, 25.864209241811551 ], [ 91.495788534593615, 25.86415059734999 ], [ 91.495897500237589, 25.864042624373095 ], [ 91.496042557494718, 25.863776680225474 ], [ 91.496645590256719, 25.862535679919393 ], [ 91.496994552506962, 25.861591987549659 ], [ 91.496997738831269, 25.861592912301315 ], [ 91.496998599417324, 25.86159058587187 ], [ 91.498203598641098, 25.861940330640394 ], [ 91.498785598249086, 25.862112341900826 ], [ 91.499259597003672, 25.862284352102588 ], [ 91.499647594646248, 25.862457360358171 ], [ 91.499949591176801, 25.862694366416029 ], [ 91.500273585651996, 25.862974372455763 ], [ 91.500790578674426, 25.863426383138513 ], [ 91.501243571224421, 25.863814393061496 ], [ 91.501523568013653, 25.864051367298096 ], [ 91.501825566340798, 25.86418137296473 ], [ 91.50234356367973, 25.86441835293213 ], [ 91.502968562047059, 25.864676396652367 ], [ 91.503378561227578, 25.864806436389497 ], [ 91.503960561733848, 25.864935448600601 ], [ 91.50467256463142, 25.864999433283035 ], [ 91.505383572195669, 25.864913448376566 ], [ 91.505940586960619, 25.864720790032003 ], [ 91.505941411614018, 25.864720556425251 ], [ 91.505944581768674, 25.864719460332534 ], [ 91.50639758869174, 25.864590469710539 ], [ 91.506677591769161, 25.86456847588887 ], [ 91.507992599580959, 25.864568504180387 ], [ 91.50939461012635, 25.864590533568506 ], [ 91.510968619302574, 25.864676567209624 ], [ 91.511475622160731, 25.864680578134362 ], [ 91.511993628482799, 25.864615589335102 ], [ 91.512661633694378, 25.864529603340983 ], [ 91.51322263967414, 25.864465645887407 ], [ 91.513502642751547, 25.864443622134324 ], [ 91.513761644115959, 25.864465658012353 ], [ 91.513955643386396, 25.864529631632514 ], [ 91.514365638973672, 25.864831639225894 ], [ 91.515313620313208, 25.86582268948067 ], [ 91.51559460974083, 25.866296663374044 ], [ 91.51587459395364, 25.86702969969847 ], [ 91.516284578761102, 25.867654676118402 ], [ 91.516995557579236, 25.868688690567858 ], [ 91.518117521928048, 25.870347743015451 ], [ 91.518319517102853, 25.870639716208309 ], [ 91.518449515900869, 25.870704719476855 ], [ 91.518664515087735, 25.870790722801331 ], [ 91.518880514099479, 25.870876759202915 ], [ 91.519203514139662, 25.87096376548417 ], [ 91.519397513410098, 25.871092770164548 ], [ 91.519462511012492, 25.871178770781725 ], [ 91.519548510327894, 25.871243772137088 ], [ 91.519807535048471, 25.871544777275801 ], [ 91.520066500480269, 25.871781782890253 ], [ 91.520346498167797, 25.871911788134867 ], [ 91.520885498118076, 25.872040800671151 ], [ 91.521252498539198, 25.872148776847517 ], [ 91.521511497208635, 25.872277813373287 ], [ 91.521705492885815, 25.872449786146692 ], [ 91.521834490960615, 25.872600788809603 ], [ 91.522050482785858, 25.872988823570388 ], [ 91.522265475684492, 25.873311827777123 ], [ 91.52243847324192, 25.873462830954765 ], [ 91.522718472726069, 25.873527806805424 ], [ 91.523063475202505, 25.873527814079836 ], [ 91.523319834621688, 25.873485257969072 ], [ 91.523706521622231, 25.87322720438787 ], [ 91.523965483460756, 25.873055269118346 ], [ 91.524180475461108, 25.872839200316179 ], [ 91.524482515110748, 25.872710216941293 ], [ 91.524483674835807, 25.872710085192772 ], [ 91.524486506325545, 25.872708876015892 ], [ 91.524680508290942, 25.872686848949563 ], [ 91.524831508802023, 25.872730851348624 ], [ 91.525047507813767, 25.872837856159116 ], [ 91.525306471448928, 25.873117862411707 ], [ 91.525780496254669, 25.87348487161697 ], [ 91.526137336729917, 25.873708379331333 ], [ 91.526535523962764, 25.873807886591432 ], [ 91.527182499613517, 25.873764900583971 ], [ 91.527806809871393, 25.873636058049989 ], [ 91.528213506844907, 25.87348628123636 ], [ 91.528737477980471, 25.873171340809858 ], [ 91.529008541922508, 25.872832352632013 ], [ 91.52931355230082, 25.872290344887762 ], [ 91.529483552180125, 25.871985352795452 ], [ 91.529652527081694, 25.871816287535374 ], [ 91.529655839170147, 25.871815684558921 ], [ 91.529656566805542, 25.871814956299172 ], [ 91.530029571566018, 25.871746963814211 ], [ 91.530301573349192, 25.871781000475558 ], [ 91.53057260405356, 25.871883006941101 ], [ 91.530708570360034, 25.87201800965752 ], [ 91.530708557783612, 25.872459008565027 ], [ 91.530843521570219, 25.873915978351153 ], [ 91.531047503818414, 25.87466098219004 ], [ 91.531250461088874, 25.875169985224915 ], [ 91.53127510277541, 25.875718954170065 ], [ 91.53118245772356, 25.876458014100322 ], [ 91.530911391984858, 25.877744974987174 ], [ 91.530801412142964, 25.87808700339313 ], [ 91.530640398111444, 25.878592999585944 ], [ 91.530301377516452, 25.8792699599082 ], [ 91.53009736562386, 25.879710955180702 ], [ 91.529961351706703, 25.880218982751821 ], [ 91.529928339518307, 25.880659950234083 ], [ 91.529961325655563, 25.881167950284617 ], [ 91.530165311497001, 25.881811985499059 ], [ 91.530577332785214, 25.882274961808772 ], [ 91.530708299068806, 25.882421995738849 ], [ 91.53145428613189, 25.883134010891727 ], [ 91.532166275554715, 25.88371002553902 ], [ 91.532539271332055, 25.883981064943807 ], [ 91.532674270152924, 25.884049005127512 ], [ 91.53308045329014, 25.884015113435542 ], [ 91.533484236128885, 25.883846454945012 ], [ 91.533485555754012, 25.883846192280966 ], [ 91.533488282140908, 25.883845053531235 ], [ 91.534167289918102, 25.883710068373524 ], [ 91.534438293672991, 25.883676073943111 ], [ 91.534743294169843, 25.883744080574495 ], [ 91.53494728989277, 25.883947084330782 ], [ 91.53511628276064, 25.884286056773149 ], [ 91.535082275238935, 25.884557086773771 ], [ 91.534845261937733, 25.884997049641377 ], [ 91.534641241960315, 25.885709044417869 ], [ 91.534092206031701, 25.886909032054859 ], [ 91.533448170566857, 25.888095047202068 ], [ 91.532871152117153, 25.888671002896015 ], [ 91.532750617070604, 25.888754188810946 ], [ 91.531888126600037, 25.889348981103307 ], [ 91.531006108551793, 25.88982299313507 ], [ 91.53100385827203, 25.889823423074144 ], [ 91.531002075116191, 25.889824380739249 ], [ 91.530290052455669, 25.889960323843937 ], [ 91.529511761974987, 25.890128963094849 ], [ 91.528903077911494, 25.890398947672157 ], [ 91.528259061311275, 25.890873902638489 ], [ 91.527716044095087, 25.89138195329793 ], [ 91.527712694277383, 25.891382712146587 ], [ 91.527712011557753, 25.891383349773374 ], [ 91.526965987663772, 25.891552238324238 ], [ 91.526288043491874, 25.891620269512046 ], [ 91.525575986695401, 25.891519248251115 ], [ 91.525304023539775, 25.891383255220344 ], [ 91.525033009005071, 25.891078208183618 ], [ 91.524728027372845, 25.890129241907996 ], [ 91.524287090213946, 25.889180244567079 ], [ 91.523643058342344, 25.888197134941535 ], [ 91.522897147636087, 25.887181122824614 ], [ 91.522524167130129, 25.886401152876019 ], [ 91.521879139925176, 25.885249143794898 ], [ 91.521552202569126, 25.88456622338661 ], [ 91.521506160317543, 25.884470164859025 ], [ 91.521337206975531, 25.884232134051331 ], [ 91.521303206640354, 25.883995209184231 ], [ 91.521303185080782, 25.883792206318894 ], [ 91.521472189626749, 25.88338512948409 ], [ 91.521811193153724, 25.882775156547766 ], [ 91.521947204375962, 25.882301218054334 ], [ 91.522083252429113, 25.881216108599283 ], [ 91.522083285666767, 25.880030142356894 ], [ 91.52198132149212, 25.879217189046624 ], [ 91.521778340865481, 25.87803113968867 ], [ 91.521540387926493, 25.877116156211827 ], [ 91.5214723683915, 25.87674321849094 ], [ 91.521460397442013, 25.87631019520996 ], [ 91.521426399801797, 25.876073179282535 ], [ 91.521359426804096, 25.875768220395827 ], [ 91.521087435800695, 25.875327131193252 ], [ 91.520680439688178, 25.875022134008908 ], [ 91.520273434592511, 25.874751166184886 ], [ 91.520002445210636, 25.874514080043614 ], [ 91.51979941427831, 25.874311084320784 ], [ 91.519629420687224, 25.8740391021107 ], [ 91.519290479144004, 25.873497134658457 ], [ 91.518951490888384, 25.873091102188553 ], [ 91.518171501693473, 25.872040149199179 ], [ 91.517662459659633, 25.871599069516613 ], [ 91.516814528184852, 25.870989073700919 ], [ 91.515797480773003, 25.870209995052885 ], [ 91.515458498805586, 25.869871020202012 ], [ 91.515017496967999, 25.869261023547566 ], [ 91.514746544417051, 25.868753049077778 ], [ 91.514271572786996, 25.867465008945317 ], [ 91.514067593233747, 25.866991025996725 ], [ 91.51389859677262, 25.866752987446965 ], [ 91.51338956282359, 25.866347006165419 ], [ 91.512880608824645, 25.866211001121894 ], [ 91.512033619682612, 25.866108987334627 ], [ 91.51040555797745, 25.865871954983277 ], [ 91.509252528987773, 25.865837910961492 ], [ 91.505420542361179, 25.866075876180904 ], [ 91.503758486609016, 25.866108845878909 ], [ 91.502216530220451, 25.866170746890461 ], [ 91.501504474322275, 25.866272794573725 ], [ 91.500728102643052, 25.866508610414247 ], [ 91.50001547990793, 25.866983362386343 ], [ 91.49906646370917, 25.867356310709376 ], [ 91.499065938194747, 25.867356342233457 ], [ 91.499062485969091, 25.867357698577528 ], [ 91.498519484922554, 25.867390624269163 ], [ 91.498112487013429, 25.867424593479161 ], [ 91.497977454056539, 25.867255668805658 ], [ 91.498044438732336, 25.866747731788848 ], [ 91.498044505207659, 25.86647585664814 ], [ 91.497608471951892, 25.866644280472908 ], [ 91.496883361736025, 25.867058201590211 ], [ 91.496882406826884, 25.867057805517327 ], [ 91.496879381300985, 25.867059532071703 ], [ 91.496756434277941, 25.867008614873821 ], [ 91.496236454357216, 25.86694564005354 ], [ 91.495755432573716, 25.866957624097573 ], [ 91.495425402318105, 25.867021629509576 ], [ 91.495045425732712, 25.867033665277873 ], [ 91.494665413214705, 25.866970601556559 ], [ 91.494133421920282, 25.866881590143194 ], [ 91.493500398004187, 25.866843609117584 ], [ 91.492415483770955, 25.866616525364414 ], [ 91.491654442740327, 25.866350557101214 ], [ 91.491148387604809, 25.866299533708325 ], [ 91.490858205716876, 25.866363179775817 ], [ 91.490442422284275, 25.86655215922433 ], [ 91.489986413191531, 25.866767149108355 ], [ 91.489983526006213, 25.866767969547016 ], [ 91.489982390535687, 25.866768504650839 ], [ 91.489539416896051, 25.86689450456209 ], [ 91.48900738877073, 25.866983470700223 ], [ 91.488374386414179, 25.8670344663152 ], [ 91.486537368489067, 25.867249460171639 ], [ 91.485072369872597, 25.867495393283665 ], [ 91.484603359462739, 25.867520373261652 ], [ 91.484211354435729, 25.867546336945949 ], [ 91.483818575959191, 25.867583365558417 ], [ 91.483543343834228, 25.867684010416312 ], [ 91.483290339622684, 25.867798005186074 ], [ 91.482923333811641, 25.867936965994609 ], [ 91.482922742720191, 25.867937004793291 ], [ 91.48291933810529, 25.86793829404127 ], [ 91.48253935612999, 25.867963384663529 ], [ 91.482209311501322, 25.867976361203731 ], [ 91.481905707884764, 25.8680142869005 ], [ 91.48156731700881, 25.868139937104065 ], [ 91.481566432168265, 25.868140129480565 ], [ 91.481563325793999, 25.868141282122867 ], [ 91.481158346399297, 25.86822929190706 ], [ 91.480790832141849, 25.868343160055517 ], [ 91.480579304045278, 25.868417915951284 ], [ 91.480364329112945, 25.868556941503201 ], [ 91.480060291610087, 25.868759935796739 ], [ 91.479832284817945, 25.868936899279685 ], [ 91.479515278337331, 25.869088923271374 ], [ 91.479160303662908, 25.869215915722208 ], [ 91.479159982066022, 25.869215955328777 ], [ 91.479156297176729, 25.869217272853209 ], [ 91.478751223458929, 25.86926727491559 ], [ 91.478257260545433, 25.869293235791183 ], [ 91.477801936867266, 25.86938111134851 ], [ 91.476826242501204, 25.86974086479411 ], [ 91.476823925746075, 25.869741581750564 ], [ 91.47682220457402, 25.869742216261031 ], [ 91.476455302069255, 25.869855908360254 ], [ 91.476116231168618, 25.869980850158299 ], [ 91.475749224459321, 25.870132842091742 ], [ 91.475483218930648, 25.870284835446245 ], [ 91.47512820562865, 25.870714827913922 ], [ 91.475065201387906, 25.870854795649581 ], [ 91.474989194033384, 25.871069793870873 ], [ 91.474951220449725, 25.871259792311701 ], [ 91.47496318600929, 25.871423792864267 ], [ 91.475039181685702, 25.871601824946183 ], [ 91.475204206694968, 25.871841797639345 ], [ 91.475432169469656, 25.872158801100216 ], [ 91.475597163936214, 25.87243680443984 ], [ 91.475698156133731, 25.87270283821411 ], [ 91.475749150797455, 25.872917837921978 ], [ 91.475698147150553, 25.873082806097838 ], [ 91.475533112259839, 25.87319683364754 ], [ 91.475229137639033, 25.873373796142822 ], [ 91.474989130252993, 25.873563821592487 ], [ 91.474786124473525, 25.873728817155591 ], [ 91.474634118747673, 25.873892781950133 ], [ 91.474621114735626, 25.87404478178313 ], [ 91.474621111142369, 25.874209812238103 ], [ 91.474660090839151, 25.874977813201465 ], [ 91.474698083287464, 25.875256812952781 ], [ 91.474748077228, 25.875521782371916 ], [ 91.474824072006086, 25.87573778403209 ], [ 91.474938068215607, 25.875926817187679 ], [ 91.47520409350723, 25.87624382181048 ], [ 91.475952033507724, 25.877534837547998 ], [ 91.476964993585042, 25.879332824705958 ], [ 91.477395972020716, 25.880294832738421 ], [ 91.477598949952394, 25.881206835947125 ], [ 91.47772692754107, 25.882088868571476 ], [ 91.47780291782756, 25.882493869551734 ], [ 91.477840912072494, 25.882708870026576 ], [ 91.477891906736232, 25.882924871473996 ], [ 91.477903894753695, 25.883392871234062 ], [ 91.477891886075, 25.883721901200271 ], [ 91.477853868473829, 25.884405868253001 ], [ 91.477878842537081, 25.885392867730623 ], [ 91.478082813107164, 25.886579870346935 ], [ 91.478246788884164, 25.887554841412069 ], [ 91.47829778175128, 25.887832843263944 ], [ 91.478373778325988, 25.888022843833252 ], [ 91.478487774535552, 25.888187876576403 ], [ 91.478956764284135, 25.8886558861861 ], [ 91.480590736903878, 25.890199888292859 ], [ 91.481938711988292, 25.891523945995392 ], [ 91.482938661765346, 25.8925109667789 ], [ 91.483534675091732, 25.893320977470292 ], [ 91.48378767211679, 25.893523982538049 ], [ 91.484041670763389, 25.893662957526132 ], [ 91.484269670369002, 25.893763962406062 ], [ 91.484699669640989, 25.893877971602834 ], [ 91.485117672810688, 25.893916011009726 ], [ 91.485561674123048, 25.89399198957889 ], [ 91.486042675245272, 25.894080999148269 ], [ 91.486655676612003, 25.894196044056681 ], [ 91.488454670647741, 25.894905081389133 ], [ 91.491172652897262, 25.896350137434617 ], [ 91.491641650730685, 25.896502115633368 ], [ 91.492070752585718, 25.896477208050264 ], [ 91.492308672287038, 25.896377490389352 ], [ 91.493030655467408, 25.895858586431295 ], [ 91.494348680720236, 25.895073547910862 ], [ 91.495906775342874, 25.894060638385938 ], [ 91.497207761351433, 25.893220787617413 ], [ 91.497209534625796, 25.893220861965638 ], [ 91.49721180916012, 25.893219394396233 ], [ 91.497636779663125, 25.893237247667649 ], [ 91.49787178163642, 25.893237252516428 ], [ 91.49803050765891, 25.893205708664215 ], [ 91.498252783199561, 25.8930886376072 ], [ 91.498456759159524, 25.892949670024223 ], [ 91.498563782645846, 25.89281069177186 ], [ 91.498659778413753, 25.892671597792319 ], [ 91.498723782479416, 25.892543636552407 ], [ 91.49881976387428, 25.892340637071765 ], [ 91.498916790009787, 25.892126637643369 ], [ 91.498958787147657, 25.891955663292798 ], [ 91.499023802716323, 25.891773645423289 ], [ 91.499055797113499, 25.891677667109114 ], [ 91.499059730836123, 25.891676610057413 ], [ 91.499059830549101, 25.891676311044307 ], [ 91.499219832179321, 25.891633313761719 ], [ 91.499433834236186, 25.891644319063364 ], [ 91.499690834154137, 25.89173032411075 ], [ 91.499968832191868, 25.891879330254721 ], [ 91.500300831554569, 25.891986337110815 ], [ 91.50111383473444, 25.892082353964764 ], [ 91.501540837226642, 25.892104332157697 ], [ 91.501872840182614, 25.892050338657771 ], [ 91.502021931773726, 25.892029469224369 ], [ 91.502178866555511, 25.891966751802958 ], [ 91.502328828614111, 25.891848703281156 ], [ 91.502478814927215, 25.891741756911031 ], [ 91.502606852702996, 25.891645776146454 ], [ 91.502609768634386, 25.89164520236443 ], [ 91.502610856494172, 25.891644386947405 ], [ 91.502925891172765, 25.89158236270907 ], [ 91.503235863844679, 25.891571368715681 ], [ 91.503524865346321, 25.891603374454867 ], [ 91.503706863124577, 25.891700409880954 ], [ 91.503834861374457, 25.891817412006471 ], [ 91.503941857911315, 25.891988447167915 ], [ 91.503963854957675, 25.892127383556961 ], [ 91.503963849567782, 25.892288383603884 ], [ 91.503920846316831, 25.892405382722199 ], [ 91.503738842250371, 25.892534409237378 ], [ 91.503000819650609, 25.8931753931661 ], [ 91.502722812629742, 25.893357386246354 ], [ 91.502497808905588, 25.893453381781733 ], [ 91.502494110541562, 25.893454606100683 ], [ 91.502493820385709, 25.893454729744786 ], [ 91.502333811569002, 25.893507776280938 ], [ 91.502196279498989, 25.893539400865489 ], [ 91.502069802096884, 25.893592341498493 ], [ 91.501930799484754, 25.893677368905681 ], [ 91.501791793279381, 25.893870304080099 ], [ 91.501631785360985, 25.894094331627311 ], [ 91.501481779284944, 25.894287359054584 ], [ 91.501342775774503, 25.894383356257983 ], [ 91.501181772522756, 25.894479352575178 ], [ 91.500914766270853, 25.894618315124621 ], [ 91.50071176228802, 25.894725279899586 ], [ 91.500129748307018, 25.895168329062944 ], [ 91.499926740730899, 25.895371324488341 ], [ 91.499819703769845, 25.895532322534692 ], [ 91.499702730543419, 25.895681257613365 ], [ 91.499244713716053, 25.896217308881383 ], [ 91.499060736050907, 25.896481274462882 ], [ 91.499007698618215, 25.896718302760554 ], [ 91.499034694789145, 25.89690227266583 ], [ 91.499271688327397, 25.897218307816011 ], [ 91.499587680610063, 25.89761331480501 ], [ 91.499824707385969, 25.897824288450778 ], [ 91.500061670381527, 25.898140324364153 ], [ 91.500189661444878, 25.898509294626127 ], [ 91.500320651084664, 25.898917328616982 ], [ 91.500418646502396, 25.899080329936361 ], [ 91.500647645932901, 25.899178304682913 ], [ 91.501006646856439, 25.899243311636333 ], [ 91.501202646675011, 25.899309346445985 ], [ 91.501643637732826, 25.899798324669465 ], [ 91.502214621300453, 25.900582366908729 ], [ 91.502737602492573, 25.901447376472589 ], [ 91.503309579596902, 25.902524356641599 ], [ 91.503570571627975, 25.902883392559673 ], [ 91.503733568241358, 25.903030365265511 ], [ 91.50392956536497, 25.903193399689972 ], [ 91.504027563477635, 25.903324370732633 ], [ 91.504044558704479, 25.903503371259013 ], [ 91.503995554707416, 25.903667369855178 ], [ 91.503880547893189, 25.903895366578645 ], [ 91.503701541504839, 25.904058394151367 ], [ 91.503570538390321, 25.904156391430266 ], [ 91.503439534377478, 25.904270388162455 ], [ 91.503309527494636, 25.904499385709613 ], [ 91.503260520802627, 25.904711322364452 ], [ 91.50326051631103, 25.904923383078696 ], [ 91.503292511606517, 25.905103353264952 ], [ 91.503374508927337, 25.905217354738443 ], [ 91.503537539676671, 25.905299388831921 ], [ 91.503701506470549, 25.905413392540122 ], [ 91.50389750359416, 25.905576333978043 ], [ 91.504125495114963, 25.905919370187608 ], [ 91.504223488736031, 25.906213402392829 ], [ 91.50456245633039, 25.907517407615213 ], [ 91.504649446487591, 25.907953378060324 ], [ 91.504853439515571, 25.908244382355146 ], [ 91.50517343469113, 25.908534419530515 ], [ 91.505609433810918, 25.908708429049774 ], [ 91.506335436952156, 25.908796444149971 ], [ 91.507033438707708, 25.908941459723991 ], [ 91.507673437143666, 25.909173472636002 ], [ 91.508457424739902, 25.909842487670609 ], [ 91.509411404130603, 25.91086350747841 ], [ 91.509740398628679, 25.911178513802799 ], [ 91.51025739254942, 25.911551493829297 ], [ 91.511131382353966, 25.912196542129564 ], [ 91.511963373224035, 25.912783558856411 ], [ 91.512952367147847, 25.913299548271109 ], [ 91.513253362955169, 25.913500587050958 ], [ 91.513554363254045, 25.913629560602168 ], [ 91.513827363963856, 25.913672598348814 ], [ 91.514128366059339, 25.913672604812746 ], [ 91.514343367941123, 25.913643609986007 ], [ 91.514615372419271, 25.913557615255236 ], [ 91.514859375511676, 25.913485620576758 ], [ 91.515089378360415, 25.913442594073814 ], [ 91.51530437934386, 25.913485630272689 ], [ 91.515433377418688, 25.913571633135913 ], [ 91.515504374868854, 25.91372963454981 ], [ 91.515504369478947, 25.91391560194598 ], [ 91.515433363943941, 25.914087632838203 ], [ 91.515304359580924, 25.914259629543892 ], [ 91.515175354319624, 25.914388626504568 ], [ 91.515103350756334, 25.914546592080356 ], [ 91.51514634771911, 25.914646625658452 ], [ 91.515261345550215, 25.914761596378366 ], [ 91.515461342871788, 25.914932632215791 ], [ 91.515719341716334, 25.915047605888795 ], [ 91.51599234152782, 25.915119643244694 ], [ 91.516215341110552, 25.915213615661692 ], [ 91.516430334907525, 25.915485652479141 ], [ 91.516573329632763, 25.915729654233722 ], [ 91.516731324426615, 25.915958657811924 ], [ 91.516903320362488, 25.916159629036244 ], [ 91.517103317684089, 25.916345665317834 ], [ 91.517448313872336, 25.916546639922394 ], [ 91.517906313631727, 25.916732681249147 ], [ 91.518279312103985, 25.916861690047821 ], [ 91.518752312830316, 25.916961699846691 ], [ 91.519398314707345, 25.917090713242604 ], [ 91.519928317131686, 25.917133692360181 ], [ 91.520129317871465, 25.917176728827855 ], [ 91.52030131740058, 25.917233732631107 ], [ 91.520473313336481, 25.917420735970602 ], [ 91.520573305709064, 25.917735737706419 ], [ 91.520602297038224, 25.918050705474194 ], [ 91.520573286844467, 25.91846670460896 ], [ 91.520573276064667, 25.918853703882625 ], [ 91.520602267393826, 25.919225736948292 ], [ 91.520702260664734, 25.919526705379194 ], [ 91.520846255214877, 25.919770708466363 ], [ 91.521104252262788, 25.919942746167024 ], [ 91.521405253459989, 25.919985721013141 ], [ 91.521821257878173, 25.919899761609873 ], [ 91.522208263780684, 25.919798737901047 ], [ 91.522538267086802, 25.919784777317261 ], [ 91.522853266731076, 25.919870782857529 ], [ 91.523312263620454, 25.920142792770843 ], [ 91.523605289574562, 25.920423798542039 ], [ 91.523777288205366, 25.920523770577624 ], [ 91.524050253880858, 25.920695775669508 ], [ 91.524293283199512, 25.920867812828174 ], [ 91.52448024506802, 25.921125816387153 ], [ 91.524666237654358, 25.921469788205808 ], [ 91.524982226343724, 25.922013825879787 ], [ 91.525254221838722, 25.922257831090537 ], [ 91.525584217060029, 25.92254380625781 ], [ 91.526043213051082, 25.922830815689746 ], [ 91.526573212780505, 25.922973795797699 ], [ 91.527364216219112, 25.923063875010634 ], [ 91.527753217279852, 25.923146883169835 ], [ 91.528031214419244, 25.92334188933793 ], [ 91.528198208535628, 25.923591860748683 ], [ 91.528393201342766, 25.923925896811312 ], [ 91.528699198071251, 25.924092870859891 ], [ 91.529033197982102, 25.924203909913381 ], [ 91.529505193493634, 25.924536919801021 ], [ 91.529811185730551, 25.924898893344562 ], [ 91.529978178050271, 25.925231927929779 ], [ 91.530089170293522, 25.925565898751152 ], [ 91.530276164501387, 25.925860933867028 ], [ 91.53050816250834, 25.925976906768121 ], [ 91.530842164215812, 25.926020913536856 ], [ 91.531147164712664, 25.926078952033006 ], [ 91.531655164700766, 25.926223931001857 ], [ 91.532003162160379, 25.9264129382282 ], [ 91.532250158439311, 25.926658975905362 ], [ 91.532410152882989, 25.926876978052857 ], [ 91.532613149679321, 25.927064950118559 ], [ 91.533252149188712, 25.927253995583225 ], [ 91.533528145779968, 25.927456968913411 ], [ 91.533673140155017, 25.927732972526886 ], [ 91.5337751348724, 25.927950973495591 ], [ 91.533992131912413, 25.928138977779827 ], [ 91.534254128259988, 25.928342015833003 ], [ 91.534413123777043, 25.928560018906676 ], [ 91.534588118289363, 25.928836021552577 ], [ 91.5347041419965, 25.929140024105131 ], [ 91.534805100058009, 25.92954702628677 ], [ 91.534864085236222, 25.930184995239433 ], [ 91.534878079191699, 25.930402994903716 ], [ 91.534994074152777, 25.930620028752049 ], [ 91.535648074629066, 25.930794042838432 ], [ 91.536054072713284, 25.930997081164257 ], [ 91.536362067294988, 25.93131405660499 ], [ 91.536608062850675, 25.931488062395598 ], [ 91.536783059159617, 25.931648034426569 ], [ 91.536884054950391, 25.931837004678151 ], [ 91.536899047832492, 25.932141036650521 ], [ 91.536797018080819, 25.933259063314004 ], [ 91.536636967043293, 25.935174057966211 ], [ 91.536709948871902, 25.935870059207904 ], [ 91.536723942827393, 25.936131027814572 ], [ 91.53672393923415, 25.93626205840355 ], [ 91.536665935914556, 25.936364056793373 ], [ 91.536663076577028, 25.936363337818186 ], [ 91.536661895292411, 25.936365411536517 ], [ 91.5363719137288, 25.936292437147721 ], [ 91.536139913925211, 25.93603140104004 ], [ 91.53570393636501, 25.935407340077344 ], [ 91.535064939550566, 25.934536433511166 ], [ 91.534411998187977, 25.933695349771114 ], [ 91.533652982858371, 25.932558302873908 ], [ 91.533218060818626, 25.931731335451389 ], [ 91.533058061883366, 25.931368304384687 ], [ 91.532927012954758, 25.931107380971703 ], [ 91.532782023969602, 25.930875291656751 ], [ 91.532681020093989, 25.930701325355084 ], [ 91.532593069637798, 25.930570276463627 ], [ 91.532506063310919, 25.93046929340753 ], [ 91.532260018347884, 25.930353341084807 ], [ 91.532042032262723, 25.930338315351364 ], [ 91.531795044966927, 25.930338338779837 ], [ 91.531403074974151, 25.930338337971953 ], [ 91.531040073852679, 25.930266329305024 ], [ 91.530793065895665, 25.930208312260152 ], [ 91.529980022291539, 25.929787293987996 ], [ 91.529167068518987, 25.929293249438263 ], [ 91.528594097877971, 25.928866266486104 ], [ 91.527592054127979, 25.9279082390747 ], [ 91.527157051239854, 25.927430208892591 ], [ 91.526895071960297, 25.927067217896781 ], [ 91.526750089263317, 25.926849203174747 ], [ 91.526503091187735, 25.926632228629803 ], [ 91.526271108452164, 25.926545202791814 ], [ 91.525589071555828, 25.926370195170527 ], [ 91.52481907611849, 25.926370119227379 ], [ 91.524427129481907, 25.926356199009224 ], [ 91.523948128009465, 25.92631214631502 ], [ 91.523542059856652, 25.926196083258233 ], [ 91.522743111717702, 25.925877075893986 ], [ 91.522162120917812, 25.925456124555293 ], [ 91.521117153866896, 25.92444111195206 ], [ 91.520297121369907, 25.923676069919466 ], [ 91.519774149160952, 25.92321210474865 ], [ 91.519571189195545, 25.922951068749832 ], [ 91.519367118014145, 25.922588024370615 ], [ 91.519150138940418, 25.922138014415999 ], [ 91.518961219642904, 25.921834065708993 ], [ 91.518104200810726, 25.920731052954334 ], [ 91.517799171567773, 25.920325001984938 ], [ 91.517495230184664, 25.919977000005041 ], [ 91.517190228789488, 25.919773045868759 ], [ 91.516972222941433, 25.919643003653366 ], [ 91.516580261931793, 25.919526976043365 ], [ 91.516232215064861, 25.919454000922634 ], [ 91.515825229732144, 25.919439995052638 ], [ 91.515549181936919, 25.919396007641708 ], [ 91.515252245616381, 25.91918599364546 ], [ 91.513815220537822, 25.917763892859444 ], [ 91.513553213410489, 25.917545930415564 ], [ 91.513306261148983, 25.917400963396592 ], [ 91.513132224240778, 25.917342944058806 ], [ 91.5129610790095, 25.9173852274245 ], [ 91.511568231279995, 25.91815354536385 ], [ 91.511278225461879, 25.918270539031369 ], [ 91.511277018126137, 25.918270762028683 ], [ 91.511274209094253, 25.918271894790472 ], [ 91.511042184137807, 25.918314912259596 ], [ 91.510882199575605, 25.918271929532828 ], [ 91.510737233946642, 25.91814082319133 ], [ 91.510577250282736, 25.91803889709665 ], [ 91.510345225326319, 25.917937855634005 ], [ 91.510069276345774, 25.917879868878941 ], [ 91.509526227688525, 25.917773822746536 ], [ 91.509163186142871, 25.91764381145256 ], [ 91.508684268213742, 25.917164826638398 ], [ 91.50791419462297, 25.916410792894567 ], [ 91.507014264167964, 25.91537984739568 ], [ 91.506607250089161, 25.914944742282508 ], [ 91.506462317697853, 25.914726800482754 ], [ 91.50627430030886, 25.914465809526977 ], [ 91.506027357030518, 25.913870783474803 ], [ 91.505519328296316, 25.912666773864601 ], [ 91.505136369304196, 25.912113759773586 ], [ 91.504933372507864, 25.911983764863066 ], [ 91.504773375369226, 25.911968755372119 ], [ 91.504616986763097, 25.911955055654719 ], [ 91.504559303243752, 25.912228402489802 ], [ 91.504501325077015, 25.912562432772713 ], [ 91.504443319062474, 25.912751368174462 ], [ 91.504008297309738, 25.913462357615643 ], [ 91.503296276445852, 25.914085372890153 ], [ 91.503166273156268, 25.914216338302925 ], [ 91.503064268557424, 25.914361335900832 ], [ 91.503006231101892, 25.914535304503453 ], [ 91.503035258363653, 25.914753335535536 ], [ 91.503485245150713, 25.915348344206631 ], [ 91.504254227288456, 25.916262390585825 ], [ 91.504400217895139, 25.916654393596318 ], [ 91.504414210952334, 25.916944361610625 ], [ 91.504298202516537, 25.91720539071073 ], [ 91.503209170406038, 25.918148365518462 ], [ 91.502335150058784, 25.918681315554679 ], [ 91.501914142922757, 25.918826337556396 ], [ 91.501910097809031, 25.918827720779664 ], [ 91.501653139213602, 25.91891330122483 ], [ 91.5016491129645, 25.918914652936767 ], [ 91.501419943752367, 25.918985446908998 ], [ 91.501290131803913, 25.91908729300572 ], [ 91.50127512724373, 25.919246322826606 ], [ 91.501290121024141, 25.919508292135099 ], [ 91.50133311529197, 25.919754293323624 ], [ 91.501420109042371, 25.920030293967265 ], [ 91.50147910050876, 25.920393264620934 ], [ 91.501537090353622, 25.920770296426788 ], [ 91.50163808344945, 25.921060328648938 ], [ 91.501754078410485, 25.92129229913451 ], [ 91.501972074377107, 25.921524334606666 ], [ 91.502219067062782, 25.921858309469492 ], [ 91.502350061194164, 25.922119343040581 ], [ 91.502393052767019, 25.922468342956442 ], [ 91.50236404616652, 25.922685310623805 ], [ 91.502277041636304, 25.922845309146627 ], [ 91.501987031326578, 25.923135333031766 ], [ 91.501827026103143, 25.923309329892266 ], [ 91.501696018497043, 25.92355632739978 ], [ 91.501568005874105, 25.92398829184749 ], [ 91.50155403168155, 25.924220292119685 ], [ 91.501538961544341, 25.924482291578588 ], [ 91.501554019105129, 25.924699321788136 ], [ 91.501654985251506, 25.924844324267788 ], [ 91.501915981774147, 25.925018330724289 ], [ 91.502845976146759, 25.925497349878174 ], [ 91.503237971292336, 25.92580232568719 ], [ 91.503338966184785, 25.925990360059984 ], [ 91.503338961693245, 25.92616529714947 ], [ 91.503222955952381, 25.926353325287842 ], [ 91.503048950485223, 25.926513320447405 ], [ 91.502903945330374, 25.926658348971969 ], [ 91.502845942010794, 25.926803347425672 ], [ 91.502845937519211, 25.926963316121441 ], [ 91.502917933895986, 25.927122317543013 ], [ 91.503062930965982, 25.92728232054553 ], [ 91.503338929353873, 25.927412325248813 ], [ 91.503658927224393, 25.92760136450099 ], [ 91.503890924333007, 25.927775369310726 ], [ 91.504238919996013, 25.928022376040701 ], [ 91.504529918452491, 25.928167382510892 ], [ 91.50492691721422, 25.928316358786386 ], [ 91.50523192040599, 25.928287397453204 ], [ 91.505478922973168, 25.928258402181367 ], [ 91.505783925266641, 25.928273409598503 ], [ 91.505986925656231, 25.928331413861834 ], [ 91.506262919552526, 25.928621418592275 ], [ 91.506494917559493, 25.928737391200613 ], [ 91.506654913799821, 25.928911395140876 ], [ 91.506741910245196, 25.929100427948971 ], [ 91.506813899435414, 25.929521429285959 ], [ 91.506886892942148, 25.929796430329656 ], [ 91.50706088673121, 25.930072401803933 ], [ 91.507234915554591, 25.930246406196549 ], [ 91.507452880978477, 25.93042041033226 ], [ 91.507801879161292, 25.930565449398291 ], [ 91.508018908540677, 25.930710453547096 ], [ 91.508134870264101, 25.93100042414726 ], [ 91.508164858723205, 25.931465424239654 ], [ 91.508134850501165, 25.931769422432456 ], [ 91.50804784597095, 25.931929453055787 ], [ 91.507931840230071, 25.932103449858964 ], [ 91.507844837496535, 25.932161415883005 ], [ 91.507742831999394, 25.932335413151495 ], [ 91.507728825467481, 25.932626413009469 ], [ 91.507815821912843, 25.932756414240654 ], [ 91.50801885284514, 25.932829419094876 ], [ 91.508330821573622, 25.932923457371977 ], [ 91.508620855239528, 25.932909432098167 ], [ 91.509055227510331, 25.932822792206458 ], [ 91.509342815962, 25.932692812860807 ], [ 91.509345778605834, 25.932691925019963 ], [ 91.509346835922912, 25.932691447573223 ], [ 91.50963683994442, 25.932604485183891 ], [ 91.50997084434681, 25.932532460936699 ], [ 91.510217846913989, 25.932532466591724 ], [ 91.510479844159846, 25.932648503211386 ], [ 91.510667842684214, 25.932735476070441 ], [ 91.51088584314239, 25.932807543818065 ], [ 91.511277844576199, 25.932836487883126 ], [ 91.511713848187568, 25.932836497577483 ], [ 91.512032849826397, 25.932851535918161 ], [ 91.512308818569892, 25.932952542784172 ], [ 91.51259884864254, 25.933083515510884 ], [ 91.512830847547789, 25.933185521499727 ], [ 91.513034847762313, 25.933228557761719 ], [ 91.51355685158741, 25.933228569071758 ], [ 91.513716852319263, 25.933272571516774 ], [ 91.513876850356226, 25.933388575093257 ], [ 91.513992845317262, 25.933591577441895 ], [ 91.514006836577821, 25.933910514643561 ], [ 91.513963829733584, 25.934171576454641 ], [ 91.513861854779165, 25.934403541330528 ], [ 91.513687815175999, 25.934679537559724 ], [ 91.513542807326246, 25.9348975337555 ], [ 91.513455800999409, 25.935158563489207 ], [ 91.513411793431928, 25.935419531248474 ], [ 91.513339784478759, 25.935738528936835 ], [ 91.513339779088881, 25.935970560201792 ], [ 91.513411773668992, 25.936188529773499 ], [ 91.513527797376156, 25.936478532130558 ], [ 91.514268749382055, 25.937363578337898 ], [ 91.514634732910295, 25.938026585540353 ], [ 91.51476472182685, 25.938519586923441 ], [ 91.514924709083985, 25.939042557945108 ], [ 91.515069704357359, 25.93928859267751 ], [ 91.51524369904476, 25.939521564517712 ], [ 91.515534689416398, 25.939970571026365 ], [ 91.515795677854229, 25.940478606487119 ], [ 91.515897670774947, 25.940797609055217 ], [ 91.515926662104135, 25.941146577078982 ], [ 91.515940686602349, 25.941392609032086 ], [ 91.515940681212442, 25.94159560889722 ], [ 91.516231526955352, 25.941624569382515 ], [ 91.517185628516927, 25.941277990642419 ], [ 91.518346650716012, 25.940640075295498 ], [ 91.518350294282797, 25.940638912051988 ], [ 91.518350693134778, 25.940638692328239 ], [ 91.519076703462574, 25.940406645216196 ], [ 91.519308705961109, 25.940391650653815 ], [ 91.519584707942258, 25.940391655500687 ], [ 91.519715705666897, 25.940478691307067 ], [ 91.519729733758354, 25.94063872221713 ], [ 91.519642691498902, 25.941044688652806 ], [ 91.519454668720059, 25.941857683621798 ], [ 91.519410636898101, 25.94307568083255 ], [ 91.519396610603252, 25.944048647669216 ], [ 91.519240570543431, 25.94558364246658 ], [ 91.518906524818505, 25.947208665084762 ], [ 91.518398477219677, 25.948877619889128 ], [ 91.518106460073653, 25.949479646023697 ], [ 91.517844444861453, 25.950001638663007 ], [ 91.517772435010002, 25.950335604694068 ], [ 91.517743411341471, 25.951234603786727 ], [ 91.517801376033489, 25.952569604162857 ], [ 91.517772355059918, 25.953382601950025 ], [ 91.517625334085594, 25.954145598169507 ], [ 91.51730531285888, 25.954884590758656 ], [ 91.516725285052971, 25.955813576661608 ], [ 91.516580274508215, 25.956176604266123 ], [ 91.51653626334749, 25.956582572055186 ], [ 91.516580254745278, 25.956959572852959 ], [ 91.516710244560159, 25.957351574539988 ], [ 91.517189228066286, 25.958077615103427 ], [ 91.51758121782197, 25.958584623409493 ], [ 91.517785209951654, 25.958962595897511 ], [ 91.517886197657546, 25.959426628640649 ], [ 91.517930184563767, 25.959992627785169 ], [ 91.518002178245567, 25.960209598221269 ], [ 91.518177177249456, 25.960311633212761 ], [ 91.518750179331533, 25.960378614324462 ], [ 91.520245222102702, 25.960349646337061 ], [ 91.520565194820378, 25.960320653304667 ], [ 91.520957198949105, 25.960262692256283 ], [ 91.521247202970599, 25.960175635536636 ], [ 91.521566207304403, 25.960088705557499 ], [ 91.521799210526183, 25.96003067978091 ], [ 91.522046243636012, 25.960030684626943 ], [ 91.522379213179235, 25.960103722649354 ], [ 91.522917204321431, 25.960567703240425 ], [ 91.523918191652626, 25.961380724126439 ], [ 91.524731182256119, 25.961960740533932 ], [ 91.525080179540637, 25.962163746933768 ], [ 91.525385148596442, 25.962207753912448 ], [ 91.525760241939963, 25.962178942253725 ], [ 91.525932200146613, 25.962078135718198 ], [ 91.526252163881139, 25.961831186680584 ], [ 91.526571167316604, 25.961628185360681 ], [ 91.526978245175826, 25.961382121388052 ], [ 91.527408219294969, 25.961195140176159 ], [ 91.527409255950815, 25.961195087677783 ], [ 91.52741222128958, 25.961193797833666 ], [ 91.52770222351441, 25.961178804303287 ], [ 91.527992225739283, 25.961178810764611 ], [ 91.528167259777462, 25.96113584609968 ], [ 91.528413231976984, 25.961077850723111 ], [ 91.528660232747484, 25.961106855684001 ], [ 91.528878229612459, 25.961265860280772 ], [ 91.529038217767919, 25.961788832039321 ], [ 91.529415192183635, 25.962832839094268 ], [ 91.529604185142986, 25.963152842351011 ], [ 91.529807182837644, 25.963311846606114 ], [ 91.53005421235423, 25.963456851624979 ], [ 91.530315181927449, 25.963514887826907 ], [ 91.53067818304892, 25.963529833408259 ], [ 91.531070187177647, 25.963500873465438 ], [ 91.53146219310301, 25.963384913282752 ], [ 91.531811199370694, 25.963268919872018 ], [ 91.532057201214613, 25.963268926333267 ], [ 91.532290231385829, 25.963355899191583 ], [ 91.532478197570825, 25.963485903650877 ], [ 91.532696196232379, 25.963630939145972 ], [ 91.532987197383861, 25.963659914402122 ], [ 91.533306201717664, 25.963601921077228 ], [ 91.533694264038928, 25.963473237256014 ], [ 91.534057201380008, 25.963255351305605 ], [ 91.534434172202481, 25.963052378287536 ], [ 91.534754250023042, 25.962921398509557 ], [ 91.534756657507998, 25.962920628006586 ], [ 91.534758229559742, 25.962919984305447 ], [ 91.535164234830503, 25.962789992951052 ], [ 91.535578237802255, 25.962822971156395 ], [ 91.535840237743074, 25.962895006760814 ], [ 91.536028234470777, 25.963069010309386 ], [ 91.536101229774147, 25.963258011713929 ], [ 91.536115223729624, 25.963476012345875 ], [ 91.535985212355172, 25.963924977575576 ], [ 91.53563619440942, 25.964461969532739 ], [ 91.535448186901917, 25.96470896473819 ], [ 91.53536017985185, 25.964969994611998 ], [ 91.535331168759754, 25.965375992639586 ], [ 91.535331150793454, 25.966057991901938 ], [ 91.535433128442804, 25.966957993505734 ], [ 91.535622106130845, 25.967842996350921 ], [ 91.535999080546532, 25.968931002606652 ], [ 91.53655206097757, 25.969870983032109 ], [ 91.53748103486403, 25.971090031811752 ], [ 91.537902026728659, 25.971511040506179 ], [ 91.538323020389953, 25.971859049317704 ], [ 91.538570019363846, 25.972018054727538 ], [ 91.538802017370799, 25.972134058894259 ], [ 91.539194018804565, 25.972193036505193 ], [ 91.539659021829934, 25.972207077289347 ], [ 91.540167026309618, 25.972193057502579 ], [ 91.540559025946791, 25.972294064537259 ], [ 91.540850022606648, 25.972541070756883 ], [ 91.541066984612385, 25.972802106672241 ], [ 91.541387011228977, 25.973092081830277 ], [ 91.541851040480594, 25.973310090889434 ], [ 91.542374005503007, 25.973556133145006 ], [ 91.542926002278818, 25.973876113694025 ], [ 91.543310995056757, 25.974230121461396 ], [ 91.543688978280528, 25.975014127971924 ], [ 91.54373196626014, 25.97546312911604 ], [ 91.543804957970224, 25.975826160700219 ], [ 91.543920951134666, 25.976087131987164 ], [ 91.544087948844307, 25.976254166130978 ], [ 91.544182978024935, 25.976349137183078 ], [ 91.544443944903193, 25.976494174585294 ], [ 91.544806945126368, 25.97656618162916 ], [ 91.545111946521502, 25.976624187944303 ], [ 91.545474945846365, 25.976682164351089 ], [ 91.545764946274574, 25.976755170231701 ], [ 91.545934988374711, 25.976698494033368 ], [ 91.546094919037998, 25.976567556906257 ], [ 91.546268982895668, 25.976437612935005 ], [ 91.546271408346939, 25.976437371473871 ], [ 91.546272958839097, 25.976436213429523 ], [ 91.5465639617872, 25.976407188021202 ], [ 91.546836018367628, 25.976349809075419 ], [ 91.546980932792636, 25.976248623822123 ], [ 91.547052934559275, 25.976146627687189 ], [ 91.547184031996892, 25.97598754791003 ], [ 91.547357941344316, 25.975856608376208 ], [ 91.547361395366593, 25.975855678867397 ], [ 91.547361981966489, 25.975855236321063 ], [ 91.547521953053931, 25.975812209180443 ], [ 91.547739984953196, 25.975855244396705 ], [ 91.547898982266929, 25.976029248157012 ], [ 91.548058978507228, 25.976203251659861 ], [ 91.548392978418065, 25.976305226749016 ], [ 91.548639943255964, 25.976494263417106 ], [ 91.548798972010729, 25.976668266231883 ], [ 91.54897301520711, 25.976725922015476 ], [ 91.549186976839806, 25.976611682053626 ], [ 91.549433947067584, 25.976466669023186 ], [ 91.549655983656365, 25.976392285261603 ], [ 91.549829984631955, 25.976450257744894 ], [ 91.550003982014289, 25.976610293048488 ], [ 91.550208010974885, 25.976769296072579 ], [ 91.550453978682839, 25.976827270792704 ], [ 91.550671980937679, 25.976813306470735 ], [ 91.550933980878497, 25.976871281169181 ], [ 91.551068980597691, 25.976962284187024 ], [ 91.551256975528773, 25.977166318561597 ], [ 91.551358971144438, 25.977383288819411 ], [ 91.551373965823203, 25.977615289684483 ], [ 91.551344957426025, 25.977920319475718 ], [ 91.551314950102295, 25.978181287730326 ], [ 91.551314942017441, 25.978515318337092 ], [ 91.551373931687209, 25.97890731926697 ], [ 91.551431919735407, 25.979385318920844 ], [ 91.551445901114505, 25.980067257143226 ], [ 91.551402885287118, 25.980662286324762 ], [ 91.55140286372756, 25.981533316770388 ], [ 91.551447800153028, 25.983968283561438 ], [ 91.551432784813045, 25.984562313493914 ], [ 91.55149077196296, 25.98504128257812 ], [ 91.551621765196003, 25.985346285836112 ], [ 91.55180975922876, 25.98563628900742 ], [ 91.55210075409201, 25.985912294307113 ], [ 91.552419749442663, 25.986188301381208 ], [ 91.5526087459953, 25.986362335876706 ], [ 91.552797773988928, 25.986536339429765 ], [ 91.552898737440373, 25.98673934136535 ], [ 91.553029729775091, 25.987058375190692 ], [ 91.553131739763813, 25.987943314787596 ], [ 91.553450691097026, 25.98865435091885 ], [ 91.554008672449228, 25.989537330876285 ], [ 91.554893657632846, 25.990349348888497 ], [ 91.555750645922302, 25.99104639733531 ], [ 91.556113639857259, 25.99136540412778 ], [ 91.556897616673695, 25.992453388951308 ], [ 91.557376601078147, 25.993178398933548 ], [ 91.557841567272561, 25.994629438190788 ], [ 91.558145535605135, 25.9959213808893 ], [ 91.558569512571495, 25.99692045066827 ], [ 91.558917494759726, 25.997704456842182 ], [ 91.559135484438158, 25.998168429574463 ], [ 91.559324479194146, 25.998400465313022 ], [ 91.559571474574753, 25.998661438965346 ], [ 91.559817466537226, 25.999024474803221 ], [ 91.560050452690987, 25.999604447641694 ], [ 91.560209436529959, 26.000257481566496 ], [ 91.560326422332807, 26.000838482590183 ], [ 91.560374819967066, 26.001208953433736 ], [ 91.561346213199528, 26.001972410445031 ], [ 91.562167613830709, 26.002425427078947 ], [ 91.563000864138814, 26.002591819872446 ], [ 91.565136948289975, 26.002361241667383 ], [ 91.564673165176771, 26.003503729966898 ], [ 91.563934661978323, 26.004621994169934 ], [ 91.563168225666118, 26.005566631886687 ], [ 91.563060329915672, 26.006311316973829 ], [ 91.563062032223144, 26.00695650328214 ], [ 91.563310923947313, 26.007601132205039 ], [ 91.564083457125349, 26.008939460811309 ], [ 91.564469258387064, 26.009434935806919 ], [ 91.565266228435775, 26.009631702696893 ], [ 91.565981193977137, 26.009977561744829 ], [ 91.566669896372872, 26.010770138535943 ], [ 91.566863415942962, 26.01124120446708 ], [ 91.567579217815862, 26.011884812830065 ], [ 91.568183934919034, 26.012081981695257 ], [ 91.568981337955705, 26.012427654301852 ], [ 91.569614423855569, 26.012947354913489 ], [ 91.569999978080531, 26.013343549590637 ], [ 91.57071701783191, 26.014433813308322 ], [ 91.571190855788103, 26.014767886178859 ], [ 91.57200875298966, 26.015344559358056 ], [ 91.572076061058951, 26.015535465887535 ], [ 91.571874921978647, 26.016044211539267 ], [ 91.571326781670379, 26.016467262286842 ], [ 91.570011028256872, 26.017413170630331 ], [ 91.569600262813438, 26.017860723781219 ], [ 91.569162153551034, 26.018357995254938 ], [ 91.569163639364504, 26.018903932546174 ], [ 91.569357902739654, 26.019647935667511 ], [ 91.569633984670872, 26.020168440638013 ], [ 91.569827845600742, 26.020763568644451 ], [ 91.570021861040871, 26.021408321957949 ], [ 91.570188871326906, 26.022226856121897 ], [ 91.570245480461196, 26.022847075731953 ], [ 91.569945984840402, 26.02381553690401 ], [ 91.56980984605741, 26.02426250138496 ], [ 91.569920744875844, 26.024634472423767 ], [ 91.570251949229529, 26.025229291217222 ], [ 91.570583185922573, 26.025824110224423 ], [ 91.570721521984765, 26.026196019000384 ], [ 91.571079731492489, 26.026617088569278 ], [ 91.57135466986837, 26.026715750674754 ], [ 91.572041980773704, 26.026937546175279 ], [ 91.572812905967396, 26.027605811096027 ], [ 91.573969945036481, 26.028843959878568 ], [ 91.575070622008013, 26.029561139784633 ], [ 91.576336267394993, 26.030327541106157 ], [ 91.577465311366566, 26.031342376278612 ], [ 91.578539602123257, 26.032431802837742 ], [ 91.578760747583289, 26.032927588711136 ], [ 91.579669018895686, 26.033570701205164 ], [ 91.580076374334325, 26.033691624828695 ], [ 91.580790745190953, 26.033395818104029 ], [ 91.581723094047945, 26.032822960351183 ], [ 91.583341490778977, 26.032025120331479 ], [ 91.583343033186324, 26.032024962124162 ], [ 91.583345492773574, 26.032023750546678 ], [ 91.584581222464905, 26.031896839956286 ], [ 91.585432729234526, 26.031894858326716 ], [ 91.586145644820434, 26.031893219749104 ], [ 91.58693838739741, 26.031495660589304 ], [ 91.587952652726813, 26.030773725252278 ], [ 91.589349407229491, 26.029355980763935 ], [ 91.590824943982582, 26.02667250887415 ], [ 91.591919057862654, 26.025081818025978 ], [ 91.593066951183829, 26.02342150787695 ], [ 91.593861607172386, 26.022471640786094 ], [ 91.594051785907922, 26.02175156714506 ], [ 91.594105244650464, 26.021255097929075 ], [ 91.594103825312317, 26.020758817932997 ], [ 91.594075036104101, 26.020312185615413 ], [ 91.594321587716962, 26.020088294855778 ], [ 91.5950889771417, 26.019515725711884 ], [ 91.595091786173583, 26.019515242966644 ], [ 91.595092968356496, 26.019514360624633 ], [ 91.595971416499808, 26.019363379133566 ], [ 91.596656068391937, 26.019361742802733 ], [ 91.597202262949281, 26.018989528208895 ], [ 91.59744880557902, 26.018765630889863 ], [ 91.597452558740258, 26.01876449102264 ], [ 91.597452818353389, 26.018764255299391 ], [ 91.597864417433399, 26.01863920162458 ], [ 91.598221606454985, 26.018687959245543 ], [ 91.598689259510451, 26.01893500034566 ], [ 91.599020250065095, 26.019405663786991 ], [ 91.599324575927142, 26.020149386837126 ], [ 91.599381992646869, 26.020992949879261 ], [ 91.599410855516936, 26.021464356620466 ], [ 91.599796628032522, 26.021885269609037 ], [ 91.600703969588622, 26.022205664255921 ], [ 91.602792505911808, 26.022572801572068 ], [ 91.606365079745601, 26.023209221485967 ], [ 91.60971848800628, 26.024019823304133 ], [ 91.610483136671078, 26.024552026659659 ], [ 91.611427386408948, 26.024793203806617 ], [ 91.613019540655571, 26.025325017800391 ], [ 91.613747917145815, 26.025493657745272 ], [ 91.614880669362904, 26.025661306983984 ], [ 91.616202269012248, 26.025877147983046 ], [ 91.617981096768176, 26.025750841811693 ], [ 91.619141191007557, 26.026040147078835 ], [ 91.619842165288389, 26.026062725865629 ], [ 91.620512933717791, 26.025964009127218 ], [ 91.621183859352371, 26.025378732239947 ], [ 91.621614353596058, 26.025085330274791 ], [ 91.622368089526802, 26.024742475043951 ], [ 91.623471702192688, 26.024228107577933 ], [ 91.624252372310565, 26.023885137636661 ], [ 91.625167843619977, 26.023541822002148 ], [ 91.625840205660666, 26.023052938747028 ], [ 91.626459508709118, 26.0228321732118 ], [ 91.626459686575544, 26.0228321732118 ], [ 91.626463516991933, 26.022830807355898 ], [ 91.626894832295804, 26.022829691745439 ], [ 91.627218954331795, 26.023023698019305 ], [ 91.627488984312933, 26.023169111295989 ], [ 91.628109484815667, 26.023313624319762 ], [ 91.628891240098412, 26.02331157796602 ], [ 91.629805577733919, 26.023211959646854 ], [ 91.630449279923795, 26.022846119955858 ], [ 91.630851963224657, 26.022333625062984 ], [ 91.631093073741866, 26.021870237806702 ], [ 91.631306708387754, 26.021260812482023 ], [ 91.631628904435772, 26.02084594118794 ], [ 91.632239755235716, 26.020407172723001 ], [ 91.632462168218609, 26.020113030984923 ], [ 91.63256904527951, 26.019820503845303 ], [ 91.632567569347515, 26.019357796880048 ], [ 91.632377454392369, 26.018919931838312 ], [ 91.631971936906794, 26.018555669095843 ], [ 91.631566821866514, 26.018313176189377 ], [ 91.631538724361064, 26.01797234439184 ], [ 91.631576545231127, 26.01771635258245 ], [ 91.631580520276287, 26.017715073045835 ], [ 91.631580532852666, 26.017714985859733 ], [ 91.631995938992887, 26.017581276223286 ], [ 91.63223774750108, 26.017410297518243 ], [ 91.632451674997753, 26.016873896996838 ], [ 91.632314954106491, 26.016265395908526 ], [ 91.632124443892607, 26.01570576112476 ], [ 91.632122614922679, 26.015145654633912 ], [ 91.632309417789358, 26.014560616039258 ], [ 91.63290136803576, 26.014242438366516 ], [ 91.634139404600731, 26.013654698059611 ], [ 91.634839327852674, 26.013360549895935 ], [ 91.635269710705288, 26.013091473637967 ], [ 91.635322736459898, 26.01282343819619 ], [ 91.634917182143425, 26.012434903182971 ], [ 91.633513932821231, 26.011951459394027 ], [ 91.633216378459778, 26.011635699840816 ], [ 91.633161512955496, 26.011343537475984 ], [ 91.633160081040913, 26.01090520174154 ], [ 91.633319656869688, 26.010222868461064 ], [ 91.633318046190382, 26.009735788214901 ], [ 91.633019468647831, 26.009103281885757 ], [ 91.63230272893378, 26.008319418802468 ], [ 91.631185305568692, 26.007248690287355 ], [ 91.630665885298384, 26.006430490886967 ], [ 91.630448726561582, 26.005968357658663 ], [ 91.630374407141517, 26.005500445932419 ], [ 91.630473303569445, 26.005213259430874 ], [ 91.63079407848268, 26.004384423279532 ], [ 91.630711657157065, 26.00389747948461 ], [ 91.630279077923575, 26.00348466619506 ], [ 91.629306356981104, 26.002756584749221 ], [ 91.628036788651301, 26.001883062557621 ], [ 91.627415521885638, 26.001446335358377 ], [ 91.627414681960843, 26.001178423511544 ], [ 91.627656598266853, 26.000982951243756 ], [ 91.627658749731935, 26.000983094959828 ], [ 91.627660628109211, 26.000981577059711 ], [ 91.628011068088071, 26.001005022962527 ], [ 91.628334972731764, 26.001150310914667 ], [ 91.628497064741623, 26.001271657911193 ], [ 91.628710208009082, 26.001271106462667 ], [ 91.628869968890783, 26.00112588567351 ], [ 91.628922873372829, 26.000833570400953 ], [ 91.628705989520498, 26.000420089929133 ], [ 91.62838078770956, 25.999885078840762 ], [ 91.628299174867706, 25.999641765001851 ], [ 91.628487432106823, 25.999519527370129 ], [ 91.628488710409499, 25.999519909272092 ], [ 91.628491452966031, 25.999518127332056 ], [ 91.628815203099492, 25.9996146976242 ], [ 91.629031109584773, 25.99971157707208 ], [ 91.629323229138748, 25.999614704890824 ], [ 91.629460931888644, 25.999127261723423 ], [ 91.629311994807807, 25.999013291406481 ], [ 91.629174997235395, 25.998864319837239 ], [ 91.629025952356713, 25.998646273389287 ], [ 91.628967956223661, 25.998497327999203 ], [ 91.628967939155686, 25.99831427249724 ], [ 91.629117001102344, 25.998119271030067 ], [ 91.629312007384229, 25.998004317112237 ], [ 91.629472972008415, 25.997912329190118 ], [ 91.629586987980915, 25.99779832297569 ], [ 91.629598994862988, 25.997672337821133 ], [ 91.629576027636119, 25.997557303531689 ], [ 91.629448042860957, 25.997242332075349 ], [ 91.629309978988317, 25.997036304305951 ], [ 91.629171995964029, 25.996887324577862 ], [ 91.629022994204504, 25.996715312114535 ], [ 91.628943064805455, 25.996497288323162 ], [ 91.628943064805455, 25.996348352320016 ], [ 91.629012037452966, 25.996119283052888 ], [ 91.629115006842426, 25.995970330422015 ], [ 91.62921806067348, 25.995821288785105 ], [ 91.629322044260903, 25.99568435033677 ], [ 91.629379065721864, 25.995569352050161 ], [ 91.629390061100935, 25.995374304848077 ], [ 91.629333036945027, 25.995191340564805 ], [ 91.62929903391489, 25.995076292542183 ], [ 91.629287030626074, 25.994939337884329 ], [ 91.629333013588834, 25.994824325949583 ], [ 91.629494043790032, 25.994733331107078 ], [ 91.629734103278338, 25.994618352075626 ], [ 91.629906101909157, 25.994526288025657 ], [ 91.629998099275738, 25.994435359969749 ], [ 91.630055101872088, 25.9942863325346 ], [ 91.630078101438315, 25.993965299725286 ], [ 91.630101143225332, 25.993690301648204 ], [ 91.630124144588194, 25.993461338626577 ], [ 91.630090119100188, 25.993220281217948 ], [ 91.629941161358076, 25.993087355984454 ], [ 91.629815106164131, 25.992961325406089 ], [ 91.629712136774714, 25.992812317095169 ], [ 91.629666171778268, 25.992606349383792 ], [ 91.629666143032154, 25.992296382170977 ], [ 91.629689123733769, 25.991998275661217 ], [ 91.629781138168298, 25.991735304901599 ], [ 91.629907202345407, 25.991505332784573 ], [ 91.630033150639818, 25.991299368434674 ], [ 91.63010214125363, 25.991139352319113 ], [ 91.630125183938986, 25.991013380211239 ], [ 91.630079179416668, 25.99091031407789 ], [ 91.629976167806404, 25.990864386387045 ], [ 91.629758127822299, 25.990807350402036 ], [ 91.629609190741476, 25.990772360576671 ], [ 91.629414153018558, 25.990692344112684 ], [ 91.629276156519538, 25.990566381215228 ], [ 91.629150224394806, 25.990451365000496 ], [ 91.629024172794161, 25.990325334017513 ], [ 91.628863200983446, 25.990234356685374 ], [ 91.628657207407329, 25.990211281683287 ], [ 91.628451166220501, 25.990199308551702 ], [ 91.628244146768338, 25.990165301233834 ], [ 91.628038191819769, 25.990096281270379 ], [ 91.627717204005805, 25.98992435172481 ], [ 91.627591181151232, 25.989810326455437 ], [ 91.627407181926515, 25.989638341583447 ], [ 91.627235229109772, 25.989592299541982 ], [ 91.627017163074584, 25.989580300508251 ], [ 91.626811174888346, 25.989592246248851 ], [ 91.62659319688801, 25.989615270501751 ], [ 91.626410165148883, 25.989615247085059 ], [ 91.626249167287057, 25.989569308390958 ], [ 91.626028170947379, 25.989462231888616 ], [ 91.625893124515756, 25.989260201202473 ], [ 91.625871184961582, 25.988979270892493 ], [ 91.625837181931445, 25.988496304681838 ], [ 91.625725216812754, 25.98832825274021 ], [ 91.625579229799285, 25.98823822588254 ], [ 91.625455191323169, 25.988159238847505 ], [ 91.625399229874205, 25.988013292075035 ], [ 91.625410200100475, 25.98785624625603 ], [ 91.625478190889382, 25.987676273304626 ], [ 91.625747219248993, 25.987371299509537 ], [ 91.626422260964191, 25.986697208063788 ], [ 91.626624266020428, 25.986439255320658 ], [ 91.62677028716989, 25.986214259123344 ], [ 91.626894312171245, 25.98604628063109 ], [ 91.627107288352079, 25.985900268250241 ], [ 91.62732126705275, 25.985788294967069 ], [ 91.627489296926669, 25.985675254063761 ], [ 91.62754531856271, 25.985518364198409 ], [ 91.627557285020615, 25.985282347072708 ], [ 91.62754530329137, 25.984945276059385 ], [ 91.627535349059698, 25.984256284280924 ], [ 91.627557373055495, 25.984076235564256 ], [ 91.62763632059594, 25.98387434016507 ], [ 91.62777137062082, 25.983728309743693 ], [ 91.627973377473694, 25.983604307292396 ], [ 91.628164372777817, 25.983492294676601 ], [ 91.62827634957462, 25.983368341234762 ], [ 91.628389405248086, 25.983222372363546 ], [ 91.628434403657295, 25.9830143779362 ], [ 91.628434401860673, 25.982638336792341 ], [ 91.628445396341405, 25.982223314530192 ], [ 91.62844539005323, 25.981897370513433 ], [ 91.628422419233075, 25.981733322541622 ], [ 91.628355420184278, 25.981587270887655 ], [ 91.628254377681117, 25.98142925310259 ], [ 91.628119424674296, 25.981205291452056 ], [ 91.628007444284208, 25.981003300679038 ], [ 91.62792841409879, 25.980744304222451 ], [ 91.627883408503052, 25.980385347301414 ], [ 91.627917422312976, 25.980059273828434 ], [ 91.628040477133851, 25.979846333282275 ], [ 91.628198431503506, 25.97962126793891 ], [ 91.628389457350352, 25.979385322151014 ], [ 91.628422495589874, 25.979228304375166 ], [ 91.628411467871459, 25.979071321114045 ], [ 91.628355480371368, 25.978835290237853 ], [ 91.628310502623435, 25.978644315182251 ], [ 91.628265485349587, 25.978364339866715 ], [ 91.628254497157016, 25.978083331834359 ], [ 91.628231475132921, 25.977746337087353 ], [ 91.628198496182208, 25.977465301736363 ], [ 91.628198524928308, 25.977207327121764 ], [ 91.628198509656954, 25.976960272558273 ], [ 91.628220565093798, 25.976713337802252 ], [ 91.628265581469307, 25.976567355823462 ], [ 91.628400570408758, 25.976454270521494 ], [ 91.628625530115443, 25.976331386141332 ], [ 91.629336605053325, 25.975760339973831 ], [ 91.629471540992171, 25.975502288937808 ], [ 91.629583552823249, 25.975289332871213 ], [ 91.62970755536675, 25.975086328124096 ], [ 91.629853564838086, 25.974974338081207 ], [ 91.630067595641066, 25.974884385792581 ], [ 91.630224595101566, 25.974783330912906 ], [ 91.630381583782338, 25.974626403093485 ], [ 91.630494612506311, 25.974446312172688 ], [ 91.63061759366532, 25.974210350348269 ], [ 91.630752662554841, 25.973997431513641 ], [ 91.630954656831307, 25.973851398516299 ], [ 91.631179677623436, 25.973772379203137 ], [ 91.631370634299998, 25.973683379748593 ], [ 91.631527658015045, 25.973537372203946 ], [ 91.631696622136843, 25.973256351829562 ], [ 91.63220267727236, 25.972627388266968 ], [ 91.632393713000695, 25.972481430289523 ], [ 91.63258467506715, 25.972313357071307 ], [ 91.632707736176272, 25.972155383355318 ], [ 91.6328426909797, 25.971987412235492 ], [ 91.632988730095448, 25.971886431588043 ], [ 91.632991501398095, 25.97188590342185 ], [ 91.632992708733823, 25.971885068370106 ], [ 91.633228712328631, 25.971840074093553 ], [ 91.633464714126816, 25.971806046928247 ], [ 91.633846718209838, 25.971761055851843 ], [ 91.634148776724118, 25.97168356229632 ], [ 91.634382719583655, 25.971583396252026 ], [ 91.634725752952988, 25.971440404089048 ], [ 91.634727069883184, 25.97144018523036 ], [ 91.634729734286353, 25.97143907478501 ], [ 91.634999735521376, 25.971394111834108 ], [ 91.635176132303812, 25.971339207343505 ], [ 91.635332700573031, 25.971237437116294 ], [ 91.635478704654474, 25.971103506600731 ], [ 91.63553471551073, 25.970867540492655 ], [ 91.63553477839281, 25.970676451547813 ], [ 91.63552375247103, 25.97036150416611 ], [ 91.635512760685216, 25.970036537585944 ], [ 91.635557779755672, 25.969789456652546 ], [ 91.635647770285885, 25.969620517061234 ], [ 91.635748810992411, 25.969407541461202 ], [ 91.635883821491419, 25.969205538499839 ], [ 91.636063804348467, 25.969081495697722 ], [ 91.636276839818095, 25.968969499129656 ], [ 91.636433825803891, 25.968868528005576 ], [ 91.636568815641624, 25.968632493612468 ], [ 91.63669280381211, 25.968407548949006 ], [ 91.636887830755228, 25.968121530076548 ], [ 91.637010846050245, 25.968009497059239 ], [ 91.637212816072193, 25.967885570101014 ], [ 91.637215239726828, 25.967885148522829 ], [ 91.637216844117916, 25.9678841640328 ], [ 91.637475847278949, 25.967839137536195 ], [ 91.6376864914333, 25.967794640014564 ], [ 91.637831856812582, 25.967717548464726 ], [ 91.63799984895725, 25.967604582258183 ], [ 91.63814582698754, 25.967436529530893 ], [ 91.638336857325967, 25.967189557011718 ], [ 91.638527836460426, 25.966975530325673 ], [ 91.638752896778442, 25.966841527924561 ], [ 91.63875640649627, 25.966840481238432 ], [ 91.63875688260336, 25.966840197760924 ], [ 91.638944229849116, 25.966784292915861 ], [ 91.639089867417923, 25.966672562293731 ], [ 91.639246853403719, 25.966492515729062 ], [ 91.639325871012744, 25.966324553483226 ], [ 91.639359901890643, 25.966122588840193 ], [ 91.639359893805803, 25.965908571519954 ], [ 91.639381938462876, 25.965717598088041 ], [ 91.639449891522545, 25.965616598328523 ], [ 91.639561949167714, 25.965504549195952 ], [ 91.639707885875509, 25.965425585656067 ], [ 91.640112943423659, 25.965279642164127 ], [ 91.640280958026182, 25.965178589532062 ], [ 91.640529908140863, 25.965007619371477 ], [ 91.640630907524908, 25.964861616403226 ], [ 91.640641979260792, 25.964693647790895 ], [ 91.640641907395562, 25.964513568314992 ], [ 91.640619883399722, 25.964344656683682 ], [ 91.640540960113825, 25.964153546643914 ], [ 91.640462953109477, 25.96391857696333 ], [ 91.64042896804564, 25.963715521901413 ], [ 91.640372935629799, 25.963603609066613 ], [ 91.640282935218124, 25.963480635341796 ], [ 91.64019298690873, 25.963367590763077 ], [ 91.640079960879703, 25.963277618291468 ], [ 91.63993399901905, 25.96316558227684 ], [ 91.639787949123544, 25.963075569268078 ], [ 91.639608012978883, 25.962974587431955 ], [ 91.639484960852926, 25.96291854990999 ], [ 91.639315976069867, 25.962896561497249 ], [ 91.639102982821072, 25.962884539547876 ], [ 91.638944988925545, 25.962873576433566 ], [ 91.63878800743133, 25.962817580053962 ], [ 91.638697997138152, 25.962738564636087 ], [ 91.638484958973606, 25.962458544997904 ], [ 91.638326973162876, 25.962289527036109 ], [ 91.638192955302301, 25.962177601537768 ], [ 91.637972962380786, 25.962072540243422 ], [ 91.637749029448429, 25.962016545097896 ], [ 91.637489952625529, 25.961994518556526 ], [ 91.63729897349107, 25.961994526633124 ], [ 91.63709699179104, 25.962027557559377 ], [ 91.636898738997701, 25.962094268743371 ], [ 91.63662898839263, 25.962206157976276 ], [ 91.636628062229562, 25.962206257318446 ], [ 91.63662500885593, 25.962207522921688 ], [ 91.636411036443462, 25.962230511346071 ], [ 91.636084998300987, 25.962230508923103 ], [ 91.635837993038891, 25.962218522442726 ], [ 91.635500977483616, 25.962106487035012 ], [ 91.635388944092966, 25.96201642960234 ], [ 91.63512994722015, 25.961780472728265 ], [ 91.634938989645264, 25.961657447022979 ], [ 91.634632997408346, 25.961383496034994 ], [ 91.634510000977969, 25.961237460301419 ], [ 91.634419989786466, 25.961080453836246 ], [ 91.634329972306773, 25.960945470672815 ], [ 91.634239962013652, 25.960788463010381 ], [ 91.634173009677212, 25.960631492291345 ], [ 91.634138999460546, 25.960474472902622 ], [ 91.634104975769176, 25.960204439609125 ], [ 91.634059980953225, 25.959957501985315 ], [ 91.634038051280513, 25.959688486794303 ], [ 91.634004002436299, 25.959463495954569 ], [ 91.633937048303196, 25.959171399348886 ], [ 91.633847055976375, 25.958991464881443 ], [ 91.633622031590946, 25.958688397946208 ], [ 91.633509047782709, 25.958531444618128 ], [ 91.633363041006334, 25.95837444908106 ], [ 91.633229083332836, 25.95817243686944 ], [ 91.633105047551666, 25.957924390870513 ], [ 91.632813049270254, 25.957217387524548 ], [ 91.632328085679276, 25.956455485457074 ], [ 91.632002127486885, 25.955837432193377 ], [ 91.631754159230795, 25.955354428416467 ], [ 91.631653163440021, 25.955051357769833 ], [ 91.631563119909202, 25.95474839053756 ], [ 91.631395125967941, 25.953602425319531 ], [ 91.631305218981026, 25.952917458181837 ], [ 91.631271180916613, 25.95253549630608 ], [ 91.631249245853994, 25.952075390230906 ], [ 91.631260225063386, 25.951738445373685 ], [ 91.631315192077309, 25.95117941283603 ], [ 91.631315221721721, 25.950977490858602 ], [ 91.631281210606744, 25.950842404026343 ], [ 91.631192228884586, 25.950718351559956 ], [ 91.631090225184067, 25.950595438683578 ], [ 91.630978288811477, 25.950505380520394 ], [ 91.63086627787871, 25.950393385658252 ], [ 91.630697228416949, 25.950179393044241 ], [ 91.630574216715218, 25.950000408469236 ], [ 91.630484220795097, 25.949786352136822 ], [ 91.630394286858746, 25.949595403430784 ], [ 91.630349310907405, 25.94932635001766 ], [ 91.630338307443481, 25.94912441355358 ], [ 91.630326309544557, 25.948944402338729 ], [ 91.630281254541501, 25.948753427226869 ], [ 91.630214286933679, 25.948641406465612 ], [ 91.63001227648752, 25.948472415511866 ], [ 91.629607322245676, 25.948158434553012 ], [ 91.629439274405456, 25.947922426472758 ], [ 91.629326332818039, 25.947720337357563 ], [ 91.629304300737402, 25.947461338710205 ], [ 91.629326292393884, 25.946799365246175 ], [ 91.629551349118628, 25.945923397404709 ], [ 91.629686347939526, 25.945130344634812 ], [ 91.629731417315654, 25.94465841521982 ], [ 91.629742355202538, 25.944332392169066 ], [ 91.629753409870432, 25.944074428919649 ], [ 91.629697425065316, 25.943917379367512 ], [ 91.629619445010448, 25.94383937472713 ], [ 91.629450390158809, 25.943726388832456 ], [ 91.628949389843385, 25.943573431877351 ], [ 91.628724381627649, 25.943528335495934 ], [ 91.628488376236206, 25.94349432760913 ], [ 91.628308379904396, 25.94349433730261 ], [ 91.628128446454681, 25.943517365732099 ], [ 91.627914399482052, 25.943528336303732 ], [ 91.627655363083363, 25.943506384658203 ], [ 91.627385397780913, 25.943461311676991 ], [ 91.627172430583229, 25.943393309587275 ], [ 91.626575438991495, 25.942955370762277 ], [ 91.62645143734629, 25.942820332079801 ], [ 91.626283420947132, 25.942696249351339 ], [ 91.626159398640695, 25.942662306655578 ], [ 91.625981654385313, 25.942674171534847 ], [ 91.625870416902004, 25.94275094990871 ], [ 91.625769412128079, 25.942896947992072 ], [ 91.625668408252466, 25.942998914787257 ], [ 91.625555408274579, 25.943043881317006 ], [ 91.625554765080835, 25.943043881317006 ], [ 91.625551403585064, 25.94304521821191 ], [ 91.62545037096335, 25.943045252946938 ], [ 91.625227140513559, 25.94304528364302 ], [ 91.625139402958069, 25.943099903259164 ], [ 91.625117399623505, 25.94321190263507 ], [ 91.625117395131952, 25.943391902418668 ], [ 91.625128388714401, 25.943627901807876 ], [ 91.625128384222805, 25.943818932891951 ], [ 91.625083379525393, 25.94398793213972 ], [ 91.625079427836454, 25.943988983067999 ], [ 91.625079334411652, 25.943989330415562 ], [ 91.624910343340417, 25.944034301413851 ], [ 91.624753356456296, 25.944045268706166 ], [ 91.624618342364045, 25.944057255421555 ], [ 91.624463506046737, 25.944089667771795 ], [ 91.62429536657838, 25.944234915380406 ], [ 91.624183393374835, 25.944392912845416 ], [ 91.62405935759368, 25.944527910143407 ], [ 91.62393535415184, 25.944639907353487 ], [ 91.623789350070396, 25.944740903303767 ], [ 91.623432342508494, 25.944937895603417 ], [ 91.623184337421492, 25.945049890808043 ], [ 91.622937332159381, 25.945195885233566 ], [ 91.622667326432762, 25.94533087918775 ], [ 91.622664690775721, 25.945331570643837 ], [ 91.622663314556704, 25.945332258061025 ], [ 91.622404300615898, 25.945400200871269 ], [ 91.622224301589156, 25.94540020410237 ], [ 91.62199931942456, 25.94538822479365 ], [ 91.621763307744914, 25.945411162381983 ], [ 91.62149330022163, 25.945433234838681 ], [ 91.621268291107597, 25.945388216715919 ], [ 91.62105430791533, 25.945287249592951 ], [ 91.620401336908344, 25.944927193345606 ], [ 91.62022131722037, 25.944837198700387 ], [ 91.620030295865092, 25.944815160058688 ], [ 91.619861330844984, 25.944815174598734 ], [ 91.619707924645596, 25.944859118594479 ], [ 91.619562313127943, 25.944982813733905 ], [ 91.619438278245084, 25.94511784266675 ], [ 91.619269304241826, 25.945240775801224 ], [ 91.619089270180794, 25.945308771977476 ], [ 91.619087649619999, 25.945309196059839 ], [ 91.619085257406439, 25.945310099153353 ], [ 91.618871255349518, 25.945366188678378 ], [ 91.618703294645925, 25.945400150789201 ], [ 91.61845526620273, 25.945366191909489 ], [ 91.618320288941376, 25.945276083703344 ], [ 91.618111329128183, 25.945006095514628 ], [ 91.617953265164076, 25.944961079651879 ], [ 91.617728272219679, 25.944950176259312 ], [ 91.617470252713915, 25.944961072381869 ], [ 91.617278329450059, 25.944995074190643 ], [ 91.617042297109165, 25.945062144795557 ], [ 91.616776288885532, 25.945150753931262 ], [ 91.616517283927877, 25.945251717132351 ], [ 91.616516052337616, 25.94525196350412 ], [ 91.61651324689899, 25.945253055617748 ], [ 91.616063269095065, 25.945343082256176 ], [ 91.615771263627138, 25.945366107900838 ], [ 91.615501266883655, 25.945366053779871 ], [ 91.615287258538572, 25.945310029684606 ], [ 91.615085231922748, 25.945208085084886 ], [ 91.614882254889395, 25.945096021369675 ], [ 91.614612273417251, 25.944961019876267 ], [ 91.614263258166432, 25.944860014421419 ], [ 91.613915235553989, 25.944815072818528 ], [ 91.613566228388024, 25.944825993994705 ], [ 91.613241067899594, 25.944904649859026 ], [ 91.612962264073062, 25.945027641376097 ], [ 91.612692257448131, 25.945229635756078 ], [ 91.612456248463388, 25.945465661350134 ], [ 91.612343245790541, 25.945533627508869 ], [ 91.612339901362745, 25.945534624302503 ], [ 91.612339269847084, 25.945535003148677 ], [ 91.612114187071199, 25.945601989437609 ], [ 91.611934223078734, 25.945612992125998 ], [ 91.611653201311782, 25.945535017688634 ], [ 91.61148425695292, 25.945456040750919 ], [ 91.611271245737825, 25.945287009683444 ], [ 91.611136210085988, 25.945062038976712 ], [ 91.611046206979381, 25.944894005758268 ], [ 91.610944240109774, 25.944714033311733 ], [ 91.61088822027034, 25.944533960425289 ], [ 91.610866276224584, 25.94432000401363 ], [ 91.610804241266024, 25.943999962481328 ], [ 91.610680243214077, 25.943830972136507 ], [ 91.610568280790346, 25.943695944959252 ], [ 91.61048924252006, 25.94352693398347 ], [ 91.610422270420671, 25.943290972358014 ], [ 91.610410321030784, 25.94291996119032 ], [ 91.610377276503058, 25.942347006421585 ], [ 91.610320315229202, 25.942099947327595 ], [ 91.610197355629737, 25.941919953647382 ], [ 91.610107321082069, 25.941817993188234 ], [ 91.610062311893074, 25.941604988279185 ], [ 91.610062323571171, 25.941098965879679 ], [ 91.609949269694354, 25.940895959503941 ], [ 91.609859316893377, 25.940716913965336 ], [ 91.609724337835402, 25.940592949384264 ], [ 91.609623343841292, 25.940547931026817 ], [ 91.609488309087766, 25.940491934528474 ], [ 91.609263335008009, 25.940368006869864 ], [ 91.609173374122221, 25.940266949815033 ], [ 91.609060380432524, 25.940030906531753 ], [ 91.609038369911431, 25.939906942844292 ], [ 91.609038344758574, 25.939783009723307 ], [ 91.60907238372134, 25.939681969938494 ], [ 91.60913934683758, 25.939602999577314 ], [ 91.609143000285826, 25.939602043932041 ], [ 91.609143378476531, 25.939601598018122 ], [ 91.609357380533453, 25.939545601877683 ], [ 91.609571383488614, 25.939511606573777 ], [ 91.609770145626698, 25.939456479600665 ], [ 91.609915346614258, 25.93936700504813 ], [ 91.609983389505487, 25.939266020645846 ], [ 91.61001739253561, 25.939153968240767 ], [ 91.609994392969398, 25.938973940169227 ], [ 91.609882385629874, 25.938737996888054 ], [ 91.609846366780246, 25.938607940862873 ], [ 91.609801380947431, 25.938315954885507 ], [ 91.609734414237934, 25.938135957038387 ], [ 91.609633408565728, 25.938000945143418 ], [ 91.609295438101313, 25.937866004990326 ], [ 91.6091264488267, 25.937854994307756 ], [ 91.608893659403975, 25.937910174539091 ], [ 91.608782416530772, 25.937999592034725 ], [ 91.60860244265686, 25.938134587774766 ], [ 91.608598882633387, 25.938135625022245 ], [ 91.60859842000103, 25.938135970771437 ], [ 91.608406331447171, 25.938191894877747 ], [ 91.608226425845245, 25.938191881952545 ], [ 91.607978440521165, 25.938106906026718 ], [ 91.60788341223882, 25.937960847881428 ], [ 91.607873400515004, 25.937803962244523 ], [ 91.607978427046447, 25.93775090331923 ], [ 91.60797994340264, 25.937750823344285 ], [ 91.607982417362919, 25.937749575250344 ], [ 91.608170418582205, 25.937739579188694 ], [ 91.608421419550695, 25.937760584327105 ], [ 91.608648478620253, 25.93768883708578 ], [ 91.608794443175782, 25.937562959609966 ], [ 91.608909416752397, 25.937447983664214 ], [ 91.609056419760421, 25.937290981824443 ], [ 91.609307447678347, 25.937165937605904 ], [ 91.609569436839408, 25.937060948506588 ], [ 91.609841423351227, 25.936925003139709 ], [ 91.610054487566956, 25.936850620235109 ], [ 91.610546460712072, 25.936797599656497 ], [ 91.610860463226402, 25.936777606562952 ], [ 91.611122464065517, 25.936797611774015 ], [ 91.611687467548293, 25.936850654971959 ], [ 91.611981469072816, 25.936892660715035 ], [ 91.61229550212984, 25.936917636506202 ], [ 91.612410471214844, 25.936923670214522 ], [ 91.612531494046536, 25.936882979635843 ], [ 91.612605435275896, 25.936642978448674 ], [ 91.612615473949177, 25.936517065926139 ], [ 91.612730444830831, 25.936401996058351 ], [ 91.612733383220146, 25.936401751283739 ], [ 91.612734487249597, 25.936400646970498 ], [ 91.612986489839628, 25.936379652899326 ], [ 91.61324748995554, 25.936442657721027 ], [ 91.613478491730859, 25.936452662778901 ], [ 91.613632635447104, 25.936411430786791 ], [ 91.613725461060341, 25.936360071731901 ], [ 91.613777526515904, 25.936245030792925 ], [ 91.613767458198211, 25.936036062274347 ], [ 91.613767532758359, 25.935910052970154 ], [ 91.613798519245776, 25.935774050534139 ], [ 91.613945513270664, 25.935638074599879 ], [ 91.614102554053687, 25.93552304507352 ], [ 91.614238484427545, 25.93546007772861 ], [ 91.614239954071323, 25.93545990242659 ], [ 91.614242523253054, 25.935458711665238 ], [ 91.61454252552366, 25.935422718192125 ], [ 91.614664540993743, 25.935402221578521 ], [ 91.614915538368976, 25.935184024355269 ], [ 91.614988556130214, 25.935016107915459 ], [ 91.615103547673101, 25.934744066892772 ], [ 91.615218539215988, 25.934493056814155 ], [ 91.61534456746044, 25.934305066706973 ], [ 91.615553554223084, 25.934148108341923 ], [ 91.615752583160798, 25.934054058924474 ], [ 91.615755218817853, 25.934053352860811 ], [ 91.615756569884056, 25.934052713848992 ], [ 91.616028573463879, 25.933979719446977 ], [ 91.616395578376554, 25.933905758806212 ], [ 91.617118630552127, 25.933683377350473 ], [ 91.617440612801104, 25.93355810714224 ], [ 91.617712584939866, 25.933443087702894 ], [ 91.61798562517555, 25.93332816751785 ], [ 91.618246563307693, 25.933213132504729 ], [ 91.61853964316073, 25.933067170890318 ], [ 91.618542582448342, 25.933066290323005 ], [ 91.618543616409227, 25.933065774100534 ], [ 91.618753619166455, 25.933002779590787 ], [ 91.61914062417064, 25.932918817826788 ], [ 91.619465627453906, 25.932887825853982 ], [ 91.61975863095013, 25.932866831964684 ], [ 91.619957632040069, 25.932834835806361 ], [ 91.620114634195531, 25.932782839405032 ], [ 91.62034463794258, 25.932730844596446 ], [ 91.62065863955857, 25.932772851000593 ], [ 91.620867638897607, 25.932845855036739 ], [ 91.621119639691003, 25.932887860591997 ], [ 91.621262964996276, 25.932867248013231 ], [ 91.621397665576495, 25.932763215630995 ], [ 91.621439624985086, 25.932617205795278 ], [ 91.621523607582702, 25.932355243810179 ], [ 91.621659653839231, 25.932062275318991 ], [ 91.621785666812329, 25.931853246870077 ], [ 91.621931652029147, 25.931654247751805 ], [ 91.622046693877692, 25.93156020361452 ], [ 91.622287695698759, 25.931424299564778 ], [ 91.622455704911417, 25.931278223440117 ], [ 91.622538673311027, 25.931110217414997 ], [ 91.622785668691662, 25.930508241993905 ], [ 91.622901721144913, 25.930341272187064 ], [ 91.623068674837114, 25.930236256001226 ], [ 91.623071680600034, 25.930235559609262 ], [ 91.623072722645759, 25.930234905227007 ], [ 91.623344726225582, 25.930171880120145 ], [ 91.623711729341665, 25.930150888170594 ], [ 91.623951731337797, 25.930140893079994 ], [ 91.624098733447525, 25.930119896277652 ], [ 91.624282736265485, 25.930069005474493 ], [ 91.624314727967686, 25.929891276485382 ], [ 91.624230770522928, 25.929797325463287 ], [ 91.624094715283263, 25.92972327979313 ], [ 91.623937768823339, 25.929640280305048 ], [ 91.623864757350319, 25.929504279518508 ], [ 91.623874768175838, 25.929273296273493 ], [ 91.623895713294985, 25.929022288274336 ], [ 91.623937727500831, 25.928708295053273 ], [ 91.624104785397591, 25.928374275776214 ], [ 91.624188766198543, 25.928175316832696 ], [ 91.624209763420012, 25.927955269881064 ], [ 91.624272757779281, 25.927798265894406 ], [ 91.624398769854096, 25.927652330696347 ], [ 91.624565772055291, 25.927443327548616 ], [ 91.624712835250463, 25.927129337391676 ], [ 91.62495280850051, 25.926804314485384 ], [ 91.625266869405323, 25.926501296399042 ], [ 91.625846814566216, 25.926066304235444 ], [ 91.626087838845152, 25.925941316776715 ], [ 91.626091222798848, 25.925940271342782 ], [ 91.626091857009428, 25.925939943331795 ], [ 91.626360268226435, 25.925857089026557 ], [ 91.626526818575059, 25.925763323031322 ], [ 91.626715859145122, 25.925648312949757 ], [ 91.626945888044972, 25.925470322801459 ], [ 91.627165852220415, 25.925386385563215 ], [ 91.627166242987542, 25.925386385563215 ], [ 91.627169878469502, 25.925384997569431 ], [ 91.627399880419915, 25.925385003224825 ], [ 91.62756788064938, 25.92542700659213 ], [ 91.627734878359036, 25.925541978917842 ], [ 91.627902877690204, 25.925625982293937 ], [ 91.628362879794366, 25.925677992356082 ], [ 91.628928884898698, 25.925637035322772 ], [ 91.629335787586442, 25.925637043401863 ], [ 91.629510910557784, 25.925554362584652 ], [ 91.629594868900881, 25.925470397937278 ], [ 91.629598142361772, 25.92546980169821 ], [ 91.629598895150011, 25.92546904953214 ], [ 91.629713896574359, 25.925448052705345 ], [ 91.629912896765958, 25.925459025767541 ], [ 91.630298274921174, 25.92547991352431 ], [ 91.63048390638474, 25.92536542992524 ], [ 91.630536884528638, 25.925219430313263 ], [ 91.630525925980464, 25.924999440860081 ], [ 91.630588961662269, 25.924403383742455 ], [ 91.630829944618725, 25.92377543083045 ], [ 91.631023948380744, 25.923237387220247 ], [ 91.631086938248458, 25.923122442539892 ], [ 91.631368973315077, 25.922881391294133 ], [ 91.631473988168395, 25.922777405035767 ], [ 91.631630989425574, 25.922641503784597 ], [ 91.63178796193661, 25.922536472658383 ], [ 91.631976005376728, 25.922421444885376 ], [ 91.632238025080468, 25.922316502435788 ], [ 91.632238649409587, 25.922316450728047 ], [ 91.632241995634047, 25.922315109558237 ], [ 91.632492997500833, 25.922294115401328 ], [ 91.632723999276152, 25.922326088567676 ], [ 91.632942999559276, 25.922388124920424 ], [ 91.633194999454332, 25.922472099034874 ], [ 91.63346696799988, 25.922535135530751 ], [ 91.633760001140487, 25.922545111068064 ], [ 91.633969004971135, 25.922493114974255 ], [ 91.634137006997236, 25.922451119448695 ], [ 91.634440008742587, 25.922451125104232 ], [ 91.634713009452383, 25.92249313113291 ], [ 91.634943010504458, 25.922535167040088 ], [ 91.635121042220732, 25.922556202358589 ], [ 91.635268011991087, 25.922535173503547 ], [ 91.635452244777767, 25.92247341030939 ], [ 91.635651015899001, 25.922358515783838 ], [ 91.635901979138239, 25.922212573042415 ], [ 91.636714049866896, 25.921653619324566 ], [ 91.637079986682721, 25.921381572500319 ], [ 91.637248039912819, 25.921171570120624 ], [ 91.637384056524894, 25.920962621732315 ], [ 91.637531065821165, 25.920606552684895 ], [ 91.637698057242602, 25.920345540810356 ], [ 91.638054067674517, 25.91979050488148 ], [ 91.638232066153122, 25.919581589595222 ], [ 91.638473091330383, 25.919382561676748 ], [ 91.638745113774817, 25.919215598731139 ], [ 91.639080092849341, 25.91910058791666 ], [ 91.639080511464243, 25.919100500657454 ], [ 91.639084130776524, 25.919099258829611 ], [ 91.639534134631589, 25.919005268502591 ], [ 91.639878775086984, 25.918932563724468 ], [ 91.640106135092125, 25.918838610430605 ], [ 91.640409133244177, 25.918640703512636 ], [ 91.640724145464873, 25.918378638552866 ], [ 91.641158180867421, 25.917837685878233 ], [ 91.641848191210187, 25.916833631635896 ], [ 91.642707243828212, 25.915839732399 ], [ 91.643178257481111, 25.915180690379028 ], [ 91.643369251886966, 25.914726727764055 ], [ 91.643662322756825, 25.913941723489859 ], [ 91.643756267670909, 25.913774708400137 ], [ 91.643892276198173, 25.913607726201565 ], [ 91.644112277204542, 25.913481786644571 ], [ 91.644114726011992, 25.91348128164822 ], [ 91.644116312436807, 25.913480372654814 ], [ 91.644368315026824, 25.91342837821913 ], [ 91.644702319429214, 25.913354353778285 ], [ 91.644985322879705, 25.913302360095042 ], [ 91.645351629801425, 25.913218558824443 ], [ 91.645693288748404, 25.913094796403257 ], [ 91.645913368806475, 25.91296876499473 ], [ 91.646175340899518, 25.912749790960106 ], [ 91.646384335746987, 25.912498728384065 ], [ 91.647016356244947, 25.911476774131554 ], [ 91.647498383243232, 25.910786768121252 ], [ 91.647665428563585, 25.910618807227365 ], [ 91.647864392822612, 25.910524801252372 ], [ 91.648063439726613, 25.910430796010434 ], [ 91.648293414727561, 25.910273801813027 ], [ 91.648513422022091, 25.910095773100899 ], [ 91.64887940824525, 25.909488808298892 ], [ 91.649214449303543, 25.909133845532637 ], [ 91.649696478098448, 25.908766893010252 ], [ 91.649968512221022, 25.908609836804001 ], [ 91.650209519431968, 25.908473884477893 ], [ 91.650211988002354, 25.908473354411214 ], [ 91.650213488188882, 25.908472508405413 ], [ 91.650597106544438, 25.908390211485091 ], [ 91.650785494039312, 25.908212871603755 ], [ 91.65093150620558, 25.90798288011392 ], [ 91.65100552558836, 25.907720894896865 ], [ 91.651025553527617, 25.907385833584687 ], [ 91.651067540784013, 25.907218872237806 ], [ 91.651151485652349, 25.907082900531623 ], [ 91.651308533621901, 25.906967918285851 ], [ 91.651312088255494, 25.906966829857609 ], [ 91.651312535616512, 25.906966501793853 ], [ 91.651805823895216, 25.90681537581894 ], [ 91.652118582242821, 25.906679922409815 ], [ 91.652516507167618, 25.906533870570026 ], [ 91.652517712706739, 25.906533570786525 ], [ 91.652520554976292, 25.906532528412665 ], [ 91.652813558472531, 25.906459565451438 ], [ 91.653232562365417, 25.906438574127755 ], [ 91.653598564758255, 25.906427582326433 ], [ 91.653954567105373, 25.906438589480572 ], [ 91.654320569498182, 25.906490597502252 ], [ 91.654572537053923, 25.906605572132886 ], [ 91.654760564324363, 25.906793575710569 ], [ 91.654865561211395, 25.906961577605379 ], [ 91.654980556347525, 25.907160611135499 ], [ 91.655095550585386, 25.907421581896127 ], [ 91.65521054751818, 25.907568615206923 ], [ 91.655367546080356, 25.907683587978802 ], [ 91.655629546919513, 25.907746623492514 ], [ 91.655922546822467, 25.90779863012947 ], [ 91.656194545910708, 25.907871635896193 ], [ 91.656341543528853, 25.908018608043626 ], [ 91.6564045396848, 25.908185640173233 ], [ 91.656487536830539, 25.908331610780969 ], [ 91.656592535514193, 25.908415612683068 ], [ 91.656791536604146, 25.908436617391402 ], [ 91.656988469772301, 25.908415842163258 ], [ 91.657112496570321, 25.908344013224092 ], [ 91.657185560145649, 25.908186995240261 ], [ 91.657195543123393, 25.907967019256191 ], [ 91.65731859075774, 25.907393977778373 ], [ 91.657360587895582, 25.907268986685466 ], [ 91.657443588634592, 25.907143021774822 ], [ 91.657446828857829, 25.907142795524294 ], [ 91.657447574459482, 25.907141663463651 ], [ 91.657604576614958, 25.907130635366169 ], [ 91.657824576722987, 25.907162671630992 ], [ 91.657960577165426, 25.907204674217816 ], [ 91.658233575180276, 25.907350648463595 ], [ 91.659091572277831, 25.907695697981858 ], [ 91.659269572553058, 25.907748670241208 ], [ 91.659425808445576, 25.907748674281375 ], [ 91.659569582908503, 25.907687049595857 ], [ 91.659705551909894, 25.907572044505994 ], [ 91.659830584821052, 25.907405034940542 ], [ 91.660071563285882, 25.907132041351677 ], [ 91.66007511342788, 25.907131233314011 ], [ 91.660075594026551, 25.907130687888603 ], [ 91.660211595367329, 25.907099690751782 ], [ 91.660420566858619, 25.907078695501855 ], [ 91.660598599473175, 25.907078699542051 ], [ 91.660829599451858, 25.907110735012957 ], [ 91.661017600671173, 25.907130708089554 ], [ 91.66122760073344, 25.907204743709002 ], [ 91.66145756854786, 25.907308749357419 ], [ 91.661582597865745, 25.907434719747336 ], [ 91.661666592141415, 25.907643721196777 ], [ 91.661708588380961, 25.907831722311819 ], [ 91.661771583638583, 25.908020755791558 ], [ 91.661844580738546, 25.908135724890581 ], [ 91.661970579338629, 25.908250696301643 ], [ 91.662095577215453, 25.908344761459265 ], [ 91.662248577376332, 25.908418733290489 ], [ 91.662374098970986, 25.908407809548113 ], [ 91.662537551030184, 25.908346144805492 ], [ 91.66253828854704, 25.908346013096715 ], [ 91.662541580872571, 25.908344771963645 ], [ 91.662771583721266, 25.908303776587715 ], [ 91.663043586402779, 25.908303781435922 ], [ 91.663232586548659, 25.908334785528556 ], [ 91.66337858703686, 25.908334789568698 ], [ 91.663552878168275, 25.908283877240461 ], [ 91.663668600939829, 25.90816918301622 ], [ 91.663835580683127, 25.908012124398052 ], [ 91.663982616928834, 25.907886204722804 ], [ 91.664118563472385, 25.907802155577752 ], [ 91.66426460168978, 25.907750154598595 ], [ 91.66426485860795, 25.90775011177282 ], [ 91.664268608175973, 25.907748776093577 ], [ 91.664520611664287, 25.907706781780853 ], [ 91.664802613493251, 25.907706788245115 ], [ 91.665033615268555, 25.907717792855781 ], [ 91.665187097824742, 25.907676737467401 ], [ 91.665322588922422, 25.907562215572241 ], [ 91.665678658643159, 25.907060183349405 ], [ 91.665950714325248, 25.90667219592391 ], [ 91.666034629549216, 25.906442247488446 ], [ 91.666117646457877, 25.906160207231849 ], [ 91.666232687408097, 25.905951216082624 ], [ 91.666452700990845, 25.905762237465748 ], [ 91.666456447863908, 25.905761054484884 ], [ 91.666456676934303, 25.905760858129437 ], [ 91.666687680506243, 25.905687862369017 ], [ 91.667001683020558, 25.90566686929192 ], [ 91.667231684970943, 25.905666874140231 ], [ 91.667430686959221, 25.905645878635237 ], [ 91.667635703168315, 25.905574257293882 ], [ 91.667635819050986, 25.905574234668535 ], [ 91.667639690789869, 25.905572882803664 ], [ 91.667981694689885, 25.905505889921546 ], [ 91.668180666135413, 25.905453894394498 ], [ 91.668354713823391, 25.905392308912635 ], [ 91.668521672007159, 25.905287226867635 ], [ 91.66868972793219, 25.905099301694403 ], [ 91.668888722733925, 25.904890265838866 ], [ 91.66906672031422, 25.9047333030537 ], [ 91.669306692665941, 25.904628268904979 ], [ 91.669547693588683, 25.904534257347592 ], [ 91.66954877066874, 25.904534035132336 ], [ 91.669551699176537, 25.904532892541923 ], [ 91.669803734105926, 25.904480898202149 ], [ 91.670043736102059, 25.904480903050484 ], [ 91.670221736377286, 25.904511906531827 ], [ 91.670378734939504, 25.90459594186008 ], [ 91.670493733668934, 25.904700944523487 ], [ 91.670577730639565, 25.904856945768373 ], [ 91.670640724998847, 25.905108947405676 ], [ 91.670630706986813, 25.905777945899061 ], [ 91.670630698003649, 25.906122913556931 ], [ 91.670650692705252, 25.906363882704646 ], [ 91.670776688610374, 25.906520948365642 ], [ 91.670975687005352, 25.906635952864242 ], [ 91.67189668025884, 25.907148939841885 ], [ 91.672294677048839, 25.907357978967376 ], [ 91.672535676174945, 25.907482984510622 ], [ 91.672817674410609, 25.907639958181697 ], [ 91.673037670027085, 25.907859994570135 ], [ 91.67331766052807, 25.908311000372358 ], [ 91.673512621894204, 25.908672003193601 ], [ 91.673711638255483, 25.909268975338669 ], [ 91.673878629676935, 25.909644979360351 ], [ 91.674014623831155, 25.909938013264121 ], [ 91.674192619614814, 25.910147984746395 ], [ 91.674412614332965, 25.910377988982784 ], [ 91.674664608838142, 25.910681025886955 ], [ 91.675030600451194, 25.911058001484012 ], [ 91.675344594880642, 25.911393007924087 ], [ 91.675480590831526, 25.911602042759913 ], [ 91.675629584506211, 25.911868013325911 ], [ 91.675723581522604, 25.91201501523765 ], [ 91.675839549534231, 25.912078049244467 ], [ 91.676006548142169, 25.912203053017187 ], [ 91.676163576348756, 25.912350023807264 ], [ 91.676310572170308, 25.912538058628602 ], [ 91.676425566408128, 25.912810061218497 ], [ 91.676519558034613, 25.913145031169726 ], [ 91.676634552272461, 25.91341703316758 ], [ 91.676823545231812, 25.913720068726768 ], [ 91.677022537338615, 25.914065072139252 ], [ 91.677440526135243, 25.91463001750158 ], [ 91.677911509245448, 25.915426090571483 ], [ 91.678291491220762, 25.91620809707069 ], [ 91.678888476524264, 25.916962140190492 ], [ 91.679799461647164, 25.917767127142561 ], [ 91.680605451679654, 25.918374111549571 ], [ 91.680971448682612, 25.918604151450868 ], [ 91.681275449354516, 25.918688125836873 ], [ 91.681641450849028, 25.918719133663117 ], [ 91.682071453714329, 25.918709142450822 ], [ 91.682531457615099, 25.918698152601113 ], [ 91.683149462597967, 25.918698165528451 ], [ 91.683672465349659, 25.918719177292886 ], [ 91.684070466631212, 25.918793216948817 ], [ 91.685135466112953, 25.919100238879814 ], [ 91.685784465668036, 25.919298222590026 ], [ 91.686350465382503, 25.919466295546215 ], [ 91.686768463162267, 25.919696242825882 ], [ 91.687449454419621, 25.920177255809321 ], [ 91.687763450645704, 25.920449262591632 ], [ 91.687951444678475, 25.920721297024411 ], [ 91.688255436367243, 25.921150302675791 ], [ 91.688349431587, 25.921338241861388 ], [ 91.688370426113508, 25.921558273696903 ], [ 91.688370411740451, 25.922123304345611 ], [ 91.688299392730727, 25.922821271611305 ], [ 91.688299383747591, 25.923177270950685 ], [ 91.688351376439584, 25.92350127213825 ], [ 91.688466367982485, 25.923857304164599 ], [ 91.688875352965027, 25.924453313144859 ], [ 91.689252341753814, 25.925039289655651 ], [ 91.689430335740838, 25.925300323453666 ], [ 91.689597331653815, 25.925531295903582 ], [ 91.689817327270291, 25.925750331838113 ], [ 91.690005324896305, 25.925897304322863 ], [ 91.690309322873304, 25.926064341019213 ], [ 91.690682320447237, 25.926284317981988 ], [ 91.69087031627663, 25.926458321504633 ], [ 91.691142312669953, 25.926689328040897 ], [ 91.691466308941799, 25.926940365246136 ], [ 91.69179130593686, 25.92713834063585 ], [ 91.692073301477578, 25.927389377692531 ], [ 91.692503289969807, 25.927913355475415 ], [ 91.693152277846792, 25.928593368634633 ], [ 91.694094263830138, 25.929409387001861 ], [ 91.694795249789081, 25.930131401297821 ], [ 91.695528237331658, 25.930800447675157 ], [ 91.696167225162938, 25.931459429029609 ], [ 91.696433251352872, 25.931719465430586 ], [ 91.696579217705064, 25.93187646904013 ], [ 91.696726212628249, 25.932107471418419 ], [ 91.696799206134997, 25.932399441276708 ], [ 91.696893198659794, 25.932692442859782 ], [ 91.697071189951885, 25.933048446311851 ], [ 91.697281184624288, 25.933341481826766 ], [ 91.697521179433892, 25.933634486722188 ], [ 91.697825176512552, 25.933822461742231 ], [ 91.69797217053744, 25.934063495456645 ], [ 91.698149162902922, 25.934450529959811 ], [ 91.698275155214787, 25.934764501416556 ], [ 91.698432149285438, 25.93504647324751 ], [ 91.698621144041411, 25.935308476911743 ], [ 91.69883013888888, 25.935517512156196 ], [ 91.699081137162409, 25.935674485661547 ], [ 91.699343135306606, 25.935789491612642 ], [ 91.699730138514155, 25.93580053076272 ], [ 91.700065140046576, 25.935821569368336 ], [ 91.700421141495326, 25.935894545664524 ], [ 91.700599141770567, 25.935946549578809 ], [ 91.7008651392144, 25.936079585430001 ], [ 91.701022136878294, 25.936205527502281 ], [ 91.701106133848953, 25.936351559549657 ], [ 91.701116129403133, 25.936560528316406 ], [ 91.701064125032985, 25.936717558596083 ], [ 91.700980119079176, 25.936885525119948 ], [ 91.700876114830535, 25.937042554158598 ], [ 91.700823110635525, 25.937199521592692 ], [ 91.700834136557333, 25.937387521622124 ], [ 91.700886103198187, 25.937491553152341 ], [ 91.701022101844003, 25.937596556408831 ], [ 91.701273101914168, 25.937648561187437 ], [ 91.701525103605888, 25.937648566842235 ], [ 91.701661103149988, 25.937711539479995 ], [ 91.701713100333578, 25.937847571184506 ], [ 91.701692094128987, 25.938098539379265 ], [ 91.701692087840769, 25.938307569672965 ], [ 91.701818077457688, 25.938726571874803 ], [ 91.701954073408544, 25.938935543698829 ], [ 91.702132070988839, 25.93908257890395 ], [ 91.702341066734633, 25.939301551681101 ], [ 91.702572062221748, 25.939532556464705 ], [ 91.702781057069245, 25.939772559842805 ], [ 91.70287505228896, 25.940002562015408 ], [ 91.702927042286049, 25.940384593628224 ], [ 91.702906031589862, 25.940771562126702 ], [ 91.702844023580752, 25.94108559105435 ], [ 91.702770015876084, 25.941336589509021 ], [ 91.702655007265193, 25.94165058623372 ], [ 91.702592000329474, 25.94189155384748 ], [ 91.702570995023166, 25.942090584140974 ], [ 91.702703994194266, 25.942165586548558 ], [ 91.703023994759718, 25.942218562705484 ], [ 91.703395997000342, 25.942258601972338 ], [ 91.703902000033594, 25.942311612822667 ], [ 91.704315000485451, 25.942404621668729 ], [ 91.704848001486226, 25.942511631955369 ], [ 91.705473034887888, 25.942631614514447 ], [ 91.706179005598329, 25.942710660393178 ], [ 91.706858010680563, 25.942737674629562 ], [ 91.707337014847909, 25.942710685434779 ], [ 91.708119020760634, 25.942676670849536 ], [ 91.708519023488648, 25.942729709784494 ], [ 91.708972023225172, 25.942862689507216 ], [ 91.709251020189498, 25.943009726272223 ], [ 91.710010016654508, 25.943381741239094 ], [ 91.711421013047712, 25.943900739792848 ], [ 91.71239301264302, 25.944206760089369 ], [ 91.713099009404573, 25.944512743240523 ], [ 91.713458008531461, 25.944685812705057 ], [ 91.713618005670071, 25.944805785779057 ], [ 91.713658032802499, 25.944965816463963 ], [ 91.713644996451094, 25.94519181646212 ], [ 91.713564990695261, 25.945391814547531 ], [ 91.713471985418977, 25.945537812588032 ], [ 91.713351981276773, 25.945670810141987 ], [ 91.713284976838054, 25.945830808148234 ], [ 91.713271970131075, 25.946082807818502 ], [ 91.713324963546313, 25.946335808582941 ], [ 91.71343196008317, 25.946522810976042 ], [ 91.713631957404758, 25.946695815288376 ], [ 91.713897955746916, 25.946801788543343 ], [ 91.714256956670425, 25.946854827235917 ], [ 91.714789961264458, 25.946854838544645 ], [ 91.715015963016924, 25.946894812421714 ], [ 91.71506896002542, 25.947014813940203 ], [ 91.715082955777532, 25.947160844702278 ], [ 91.715002950021699, 25.947360874177193 ], [ 91.714935945582965, 25.947493841400473 ], [ 91.714855941623767, 25.947639840065779 ], [ 91.714829938091256, 25.947772807781792 ], [ 91.714855931742306, 25.947999838745503 ], [ 91.714962926482528, 25.948251841043611 ], [ 91.715220915445613, 25.948754814945342 ], [ 91.715393911206405, 25.948927849096012 ], [ 91.715579910080919, 25.94906085332174 ], [ 91.715766907882056, 25.949179857485429 ], [ 91.715952904061609, 25.949366861015935 ], [ 91.716125898924076, 25.949632832784399 ], [ 91.716218891623981, 25.94993886645528 ], [ 91.716325881872649, 25.950337867985649 ], [ 91.716445875235038, 25.950616870438754 ], [ 91.716551870150354, 25.950816872233364 ], [ 91.71668486842313, 25.950923844181371 ], [ 91.716964867907279, 25.951042880386936 ], [ 91.717323868830775, 25.951096888068026 ], [ 91.717643871192877, 25.951109895044102 ], [ 91.717869871148693, 25.951189899667902 ], [ 91.717989869002665, 25.951322902145915 ], [ 91.718069863080402, 25.951561904138202 ], [ 91.718122854699004, 25.951894903735948 ], [ 91.718175843622674, 25.952346904969637 ], [ 91.718255834107154, 25.952745906416027 ], [ 91.718362828847361, 25.952958908134534 ], [ 91.718508826640601, 25.95307891074183 ], [ 91.718828825409418, 25.953224917828084 ], [ 91.719174822320895, 25.953437924333912 ], [ 91.71954781719991, 25.953730932543511 ], [ 91.719893810518101, 25.954076939115662 ], [ 91.720153802724241, 25.954446913564205 ], [ 91.720339795310579, 25.954805948830803 ], [ 91.720392786030871, 25.955164949078537 ], [ 91.720392777047735, 25.955510949012336 ], [ 91.720339767462804, 25.955856916428615 ], [ 91.720286759674508, 25.956149946078639 ], [ 91.720286750691372, 25.956468944960395 ], [ 91.720326743687835, 25.9567889461375 ], [ 91.720446705609191, 25.957080917001871 ], [ 91.720579732628025, 25.957280919121725 ], [ 91.72075272299891, 25.957679953920277 ], [ 91.720738712873754, 25.958092953104124 ], [ 91.720698702809329, 25.958451920710999 ], [ 91.720605692143124, 25.958837950264687 ], [ 91.720539676749524, 25.959396947238091 ], [ 91.720459665603784, 25.959781914020223 ], [ 91.720286651876691, 25.960287941737832 ], [ 91.720178642040182, 25.960643938498023 ], [ 91.720125636048522, 25.960829906152888 ], [ 91.720125629760318, 25.96105693697238 ], [ 91.720165626350038, 25.961229907002583 ], [ 91.720232621805607, 25.961428907835504 ], [ 91.720378616903886, 25.961654910958686 ], [ 91.720578612428866, 25.961867915130913 ], [ 91.720804607893101, 25.962133919227323 ], [ 91.721112595288261, 25.962709925138171 ], [ 91.721378582850619, 25.963255930392659 ], [ 91.721525576875507, 25.96352196446502 ], [ 91.721791571624379, 25.963800938089911 ], [ 91.721951566966382, 25.964000941711433 ], [ 91.722097562962986, 25.964213944867449 ], [ 91.722350542021729, 25.965038980058878 ], [ 91.722430521726452, 25.965903980117169 ], [ 91.722443512263737, 25.966235980476753 ], [ 91.7224575098125, 25.96636898129697 ], [ 91.722430504658433, 25.966501980351548 ], [ 91.722426885346152, 25.966501563614219 ], [ 91.722426529613301, 25.966503320210588 ], [ 91.722200489233288, 25.966477314505145 ], [ 91.721707532432916, 25.966397317850159 ], [ 91.721254459932879, 25.966277323169493 ], [ 91.720455499217493, 25.966011286443212 ], [ 91.720176527406025, 25.965998349762828 ], [ 91.719965803301605, 25.966023989716035 ], [ 91.719860497394109, 25.966089895038984 ], [ 91.719754492597332, 25.966249923440838 ], [ 91.719714487024447, 25.966435922617187 ], [ 91.719727479358397, 25.966728891197086 ], [ 91.719887472903778, 25.967034894145751 ], [ 91.720206461966242, 25.967539932022913 ], [ 91.72048645695881, 25.967819906455198 ], [ 91.720672453138405, 25.968032909965771 ], [ 91.720859445549607, 25.968364882511796 ], [ 91.7209794380137, 25.968684915948707 ], [ 91.721002435783291, 25.968796916018192 ], [ 91.72109742364141, 25.96925391767698 ], [ 91.721097413759949, 25.969679916696585 ], [ 91.721110405195603, 25.970012948212364 ], [ 91.721044395191882, 25.9703459456735 ], [ 91.721004384229133, 25.970770914277214 ], [ 91.720857361458144, 25.971595941441993 ], [ 91.720844349361258, 25.972074909236586 ], [ 91.720937330383052, 25.97283391106982 ], [ 91.721057318355562, 25.9732999435988 ], [ 91.721137307043406, 25.973751944181661 ], [ 91.72115029668241, 25.974123912863217 ], [ 91.721110283923025, 25.97462994350111 ], [ 91.721057273439811, 25.975002910795212 ], [ 91.721004265651516, 25.975278939442425 ], [ 91.721017257087141, 25.97562493998964 ], [ 91.721030244031212, 25.976117939769345 ], [ 91.72107022804451, 25.976729908940754 ], [ 91.721097216130573, 25.977194909316804 ], [ 91.721083206005417, 25.977580939553267 ], [ 91.72105719887962, 25.977833907329003 ], [ 91.720990193542576, 25.978046905625565 ], [ 91.720924188928791, 25.978232934600403 ], [ 91.720884179762663, 25.978525933555566 ], [ 91.720897168503328, 25.978991933837769 ], [ 91.720844157121803, 25.97940393195638 ], [ 91.720804153345568, 25.979536930807555 ], [ 91.720711148069242, 25.979723928895343 ], [ 91.720550134936033, 25.980154924983413 ], [ 91.720497128046063, 25.980381892665804 ], [ 91.720484121339055, 25.980673892192648 ], [ 91.720497115469669, 25.98090092347574 ], [ 91.720524108945625, 25.9811668926076 ], [ 91.720497102893248, 25.981352923106421 ], [ 91.720444099596534, 25.981485890681956 ], [ 91.720311094137259, 25.981671918253443 ], [ 91.720164088434274, 25.981871914906126 ], [ 91.720124082861417, 25.98205788291758 ], [ 91.720071074174811, 25.982390880996697 ], [ 91.720018062793272, 25.982802880125277 ], [ 91.719978047338927, 25.98340190880873 ], [ 91.720018035843779, 25.983840910002957 ], [ 91.720164025552194, 25.984239881357471 ], [ 91.72032401191106, 25.984838914831169 ], [ 91.72071097649102, 25.986311921584363 ], [ 91.720844952130804, 25.987256923735952 ], [ 91.720937942135777, 25.987682925366769 ], [ 91.721057965142577, 25.988015927698846 ], [ 91.721256924910023, 25.988427869161196 ], [ 91.721363916955283, 25.988746902440781 ], [ 91.721469908277356, 25.989106936033934 ], [ 91.721509900375494, 25.989438936294846 ], [ 91.721496894566812, 25.989665936115774 ], [ 91.721456886298995, 25.9899449026335 ], [ 91.721054869548098, 25.990513893539514 ], [ 91.720215839479465, 25.991391875078278 ], [ 91.719696809077973, 25.99238989411587 ], [ 91.719509828344854, 25.992855889501929 ], [ 91.719470787562599, 25.993201856082955 ], [ 91.719470777681138, 25.993560856225567 ], [ 91.719483765523506, 25.994012856428771 ], [ 91.719536759837069, 25.994225856900716 ], [ 91.719669756313181, 25.994411891762418 ], [ 91.719816749439772, 25.994731862379862 ], [ 91.720163732701437, 25.995444901048085 ], [ 91.720509699968474, 25.996814906892379 ], [ 91.720696677108336, 25.997786877859564 ], [ 91.720762661959228, 25.998384878234461 ], [ 91.720789619502597, 25.998784878106747 ], [ 91.720776642440001, 25.999130909585606 ], [ 91.720762629619855, 25.99959590935309 ], [ 91.720829613397342, 26.00024787836643 ], [ 91.720922594419136, 26.00099287895592 ], [ 91.721056579042084, 26.001626880651028 ], [ 91.721501341227452, 26.006107605274579 ], [ 91.721368220783816, 26.011838065029877 ], [ 91.72134550688186, 26.012825656690282 ], [ 91.721400932036588, 26.013355375855124 ], [ 91.721722051004548, 26.013667413944503 ], [ 91.72204369728361, 26.014099920323151 ], [ 91.722412825813649, 26.015289177297763 ], [ 91.72314744829005, 26.016793908807472 ], [ 91.72379055669353, 26.017610735465091 ], [ 91.724364788569233, 26.018430402078572 ], [ 91.724515745062845, 26.018957155068129 ], [ 91.724518074394382, 26.019535184863205 ], [ 91.724751972338169, 26.024664653981255 ], [ 91.724755668007219, 26.025579903260962 ], [ 91.724465799631346, 26.026423865587894 ], [ 91.724202091993192, 26.027147296820761 ], [ 91.724177857243447, 26.02774951306062 ], [ 91.72431675834595, 26.029146014508587 ], [ 91.724180677953441, 26.029810480296792 ], [ 91.724029218403288, 26.030568038835327 ], [ 91.723870491482458, 26.030881660875099 ], [ 91.723365850295195, 26.031365024270087 ], [ 91.722942575811416, 26.032185326118135 ], [ 91.722731682823763, 26.032788165466084 ], [ 91.722707542397131, 26.033414475854677 ], [ 91.722710335259322, 26.034112943546287 ], [ 91.722821619455019, 26.035268695191711 ], [ 91.722904320156715, 26.035942821824396 ], [ 91.72325594770841, 26.037194108486577 ], [ 91.723796247520866, 26.038950587318279 ], [ 91.723878578116668, 26.039528369298022 ], [ 91.72388186864552, 26.040347275037341 ], [ 91.723912127497556, 26.041238336970792 ], [ 91.723969786762382, 26.042321993597394 ], [ 91.724132581254807, 26.043019965139354 ], [ 91.724348722200375, 26.043717717837922 ], [ 91.724673628465609, 26.044945037289963 ], [ 91.724730543925361, 26.045836005365462 ], [ 91.724839716181847, 26.046461882078059 ], [ 91.725402792778368, 26.047230768514474 ], [ 91.726071161807639, 26.047662095521076 ], [ 91.727324422121754, 26.047657965730664 ], [ 91.728277367551556, 26.047594611321909 ], [ 91.728630745919688, 26.047581399535641 ], [ 91.729644780382102, 26.04777070161196 ], [ 91.731382172447226, 26.048776519429175 ], [ 91.732958570243781, 26.049541989734625 ], [ 91.733440033100109, 26.049901686779386 ], [ 91.733388087120474, 26.050239060393096 ], [ 91.733069169923269, 26.050505052448486 ], [ 91.732883911260515, 26.050842861746982 ], [ 91.733018527399125, 26.051155520828814 ], [ 91.733499090143511, 26.051298436927784 ], [ 91.733979373511843, 26.051369072934509 ], [ 91.734513776782791, 26.051632240188336 ], [ 91.734780838730217, 26.051727682125591 ], [ 91.734968490504897, 26.051967905153294 ], [ 91.735049795224626, 26.052280750081497 ], [ 91.735025808409901, 26.052931124675322 ], [ 91.734869751282105, 26.053895089239674 ], [ 91.734899295973506, 26.054593463178442 ], [ 91.735194908177291, 26.055146436908345 ], [ 91.736077492164171, 26.055769705664229 ], [ 91.736719703150683, 26.056297407073146 ], [ 91.737094726425596, 26.056705601661186 ], [ 91.737016216364722, 26.057067162697585 ], [ 91.736537391860381, 26.057357807811886 ], [ 91.736535689552923, 26.057357813460932 ], [ 91.736533361119712, 26.057359225721086 ], [ 91.735893413887723, 26.057361296497927 ], [ 91.734398336082265, 26.056956896327325 ], [ 91.733892186623635, 26.056886489651035 ], [ 91.733389687918304, 26.057127522023748 ], [ 91.732937705973001, 26.057466231412338 ], [ 91.73269869751357, 26.057707880757139 ], [ 91.732695971126674, 26.057707889634184 ], [ 91.732694661382993, 26.05770921231273 ], [ 91.731708030028344, 26.057712554113674 ], [ 91.731346264988716, 26.057713798512868 ], [ 91.731123576223027, 26.057714523201884 ], [ 91.730673454688656, 26.058075900356943 ], [ 91.730648940562872, 26.058605867919265 ], [ 91.730944553665012, 26.05915884208255 ], [ 91.731614381558302, 26.059927356322234 ], [ 91.732278126060478, 26.060341557567796 ], [ 91.733000150563342, 26.060792103830618 ], [ 91.733832276180692, 26.061003808950247 ], [ 91.737650991995608, 26.062243389291634 ], [ 91.738772179301733, 26.062504537293595 ], [ 91.739519805790167, 26.062718771587111 ], [ 91.7399482967908, 26.063150874380174 ], [ 91.740349325394916, 26.063390351757072 ], [ 91.741149393733053, 26.063387649233768 ], [ 91.742002899254146, 26.063408823974289 ], [ 91.742403025949699, 26.063431551309701 ], [ 91.742803868602508, 26.063622872626592 ], [ 91.743019232505333, 26.064103844780245 ], [ 91.742781311007391, 26.064610433389142 ], [ 91.74259636046682, 26.065020522790761 ], [ 91.742677759509675, 26.065357460698518 ], [ 91.743158725597624, 26.06557256531439 ], [ 91.744280225517443, 26.06590593331498 ], [ 91.745214974672834, 26.066215858623078 ], [ 91.74601656385876, 26.066574374766649 ], [ 91.746764438282241, 26.066836765484986 ], [ 91.747750606106194, 26.066688849968546 ], [ 91.749082935233346, 26.066419315856198 ], [ 91.749963128803216, 26.066440334308687 ], [ 91.751218749889915, 26.066941798428406 ], [ 91.753061311318646, 26.067489337263527 ], [ 91.754158174043468, 26.068280328777576 ], [ 91.75474582944446, 26.068495060065967 ], [ 91.75511920610748, 26.068493755261642 ], [ 91.755626550325417, 26.068636484792606 ], [ 91.756537159054218, 26.06952444044958 ], [ 91.756858123511947, 26.06974010387087 ], [ 91.75712565348168, 26.069931827219094 ], [ 91.756993147485673, 26.070124980111906 ], [ 91.756887825408512, 26.070438477768313 ], [ 91.756915631859812, 26.0707033225308 ], [ 91.757129597984104, 26.070847077375909 ], [ 91.75830590142445, 26.071493257074192 ], [ 91.759481088258937, 26.071874470656393 ], [ 91.760282461849144, 26.072160674145088 ], [ 91.76148315544782, 26.072276856134913 ], [ 91.762097839359072, 26.072563681567757 ], [ 91.762551963786322, 26.072730690600263 ], [ 91.762739925479735, 26.073019038344725 ], [ 91.76247510033734, 26.073453501229537 ], [ 91.762289964743829, 26.073815464854327 ], [ 91.762291859290741, 26.074248996861225 ], [ 91.762480660908977, 26.074730031079167 ], [ 91.76306983805604, 26.075281887437704 ], [ 91.76438169367951, 26.076409225709341 ], [ 91.766766506061501, 26.07829611810342 ], [ 91.766879879738553, 26.07838583945902 ], [ 91.768022048994766, 26.079358738637961 ], [ 91.768584507550358, 26.079886593581325 ], [ 91.768719562066792, 26.080271471165126 ], [ 91.768721145796633, 26.080632752097799 ], [ 91.768749758935087, 26.081066158004916 ], [ 91.768911065817392, 26.081354630451525 ], [ 91.769499436277343, 26.081713767499942 ], [ 91.770731415502397, 26.082841354463323 ], [ 91.772259350986005, 26.084545885449007 ], [ 91.772984142299933, 26.085578932057825 ], [ 91.773359290440681, 26.085962939740647 ], [ 91.77402859371783, 26.086514484160027 ], [ 91.774670494785596, 26.086897527871496 ], [ 91.775180510593216, 26.087618226774264 ], [ 91.775744647201734, 26.088507330138043 ], [ 91.776148224326263, 26.089276587644441 ], [ 91.777084745857735, 26.089923482885432 ], [ 91.778313402214565, 26.090280258013802 ], [ 91.779219700826616, 26.090276936504889 ], [ 91.779882042160324, 26.090010959738322 ], [ 91.779883728298103, 26.090010460341013 ], [ 91.779886014510495, 26.090009543031258 ], [ 91.780790075419176, 26.089741785894322 ], [ 91.781986039387874, 26.089280611892168 ], [ 91.783210686563535, 26.088746278036517 ], [ 91.784299728555524, 26.087730572435174 ], [ 91.784854750857207, 26.086596536188829 ], [ 91.785434192063235, 26.084980677497985 ], [ 91.785858893071691, 26.084521454983353 ], [ 91.785861228691402, 26.084521943915458 ], [ 91.785862921117399, 26.084520113243972 ], [ 91.788239177046307, 26.085017070517576 ], [ 91.79141824566652, 26.085657762340265 ], [ 91.791443306866356, 26.085727637782259 ], [ 91.791741842188088, 26.086834455281689 ], [ 91.792498574000277, 26.088975188198926 ], [ 91.793546350981359, 26.090584959462333 ], [ 91.794699823738782, 26.091977544791916 ], [ 91.796632737718767, 26.094619646154772 ], [ 91.798350783665953, 26.096925305634343 ], [ 91.799858716363119, 26.099930209088832 ], [ 91.800234549020118, 26.100434559739945 ], [ 91.800501768172737, 26.100529878004547 ], [ 91.800818839332067, 26.100504806316401 ], [ 91.801401723780572, 26.099877542052649 ], [ 91.802276906547789, 26.098766227047825 ], [ 91.802829799842243, 26.097222650943824 ], [ 91.802825177111771, 26.096235182151464 ], [ 91.802850295803779, 26.095897883757743 ], [ 91.802854280730372, 26.095896527627495 ], [ 91.803063349239693, 26.095824820502912 ], [ 91.803063385172294, 26.095824838251211 ], [ 91.803067379082066, 26.095823469212249 ], [ 91.803441721433998, 26.096014696451931 ], [ 91.804353047018381, 26.096926433447226 ], [ 91.805023686988704, 26.097718666059844 ], [ 91.805402970074695, 26.098945578604582 ], [ 91.80551149284922, 26.099330517737183 ], [ 91.805859644819037, 26.099618182005226 ], [ 91.806151538895904, 26.099641024931628 ], [ 91.806681178400879, 26.099303265236721 ], [ 91.807691333039571, 26.098552746045197 ], [ 91.808277065147507, 26.098309623213058 ], [ 91.808277553831033, 26.098309695011437 ], [ 91.808281071633701, 26.09830823564851 ], [ 91.808761604733689, 26.098378651300493 ], [ 91.809243038843888, 26.09864172340102 ], [ 91.809325588628624, 26.099171257267866 ], [ 91.809843219454905, 26.101433265126747 ], [ 91.810039357614045, 26.103407485452671 ], [ 91.810281411362268, 26.103815990127412 ], [ 91.811973392691499, 26.106169774105709 ], [ 91.814226624342254, 26.108714007320959 ], [ 91.815363295908924, 26.109607124728903 ], [ 91.816184841168848, 26.110542641149021 ], [ 91.816970721515361, 26.111780063442634 ], [ 91.818161591138079, 26.112278274560254 ], [ 91.820208614515337, 26.113175443013215 ], [ 91.820432577990388, 26.113409228969289 ], [ 91.820360752293539, 26.113912446261033 ], [ 91.819992452010226, 26.114550905208858 ], [ 91.819661276402613, 26.115189211446761 ], [ 91.819441196344556, 26.115760049123292 ], [ 91.819705240850936, 26.116597179214445 ], [ 91.820489410805166, 26.117465788608335 ], [ 91.821495307429416, 26.118098808687019 ], [ 91.822538361068723, 26.118731705962531 ], [ 91.824027914235202, 26.119530424928112 ], [ 91.825105979712731, 26.11972729088351 ], [ 91.825700419190724, 26.119758460193708 ], [ 91.82740759642131, 26.119483402278167 ], [ 91.829226490835552, 26.119274942147364 ], [ 91.830041143322276, 26.119137854303908 ], [ 91.831594982625447, 26.118361563791815 ], [ 91.832557876896999, 26.117787683462403 ], [ 91.833111964052463, 26.117181964079787 ], [ 91.833851765316481, 26.116575487389024 ], [ 91.834814551790245, 26.116001590222865 ], [ 91.83547759650483, 26.114892508714796 ], [ 91.835548727803953, 26.114255253487165 ], [ 91.836508962163975, 26.113178444449897 ], [ 91.837583690400223, 26.112704725477002 ], [ 91.837585839170373, 26.112704150353899 ], [ 91.837587663648719, 26.112703346149516 ], [ 91.838477800670489, 26.112465021511039 ], [ 91.839624719319616, 26.112226310012026 ], [ 91.840141492254801, 26.111755491857945 ], [ 91.840806839351444, 26.111115792362199 ], [ 91.840810195457365, 26.111115020412303 ], [ 91.840810823379726, 26.111114417049158 ], [ 91.841848255362024, 26.110875762483207 ], [ 91.842920508739667, 26.110470117005896 ], [ 91.8435125236647, 26.110031834169025 ], [ 91.843514632010681, 26.110031826102617 ], [ 91.843516496913239, 26.110030444323662 ], [ 91.844444002054175, 26.110026624063778 ], [ 91.845663764191357, 26.109486526306746 ], [ 91.845664998476579, 26.109486377077157 ], [ 91.845667776965726, 26.109485146941299 ], [ 91.84681596223939, 26.10934655773735 ], [ 91.847628696823023, 26.108807815238958 ], [ 91.84840681033559, 26.108469389912244 ], [ 91.84840728195114, 26.108469543176394 ], [ 91.84841085544933, 26.108467987948487 ], [ 91.849229260199039, 26.108732786979573 ], [ 91.849638448200864, 26.108865201999873 ], [ 91.850419012317502, 26.108996061649357 ], [ 91.851306456190088, 26.108825284074641 ], [ 91.852943337554692, 26.107609011769188 ], [ 91.854635918958522, 26.10649881325801 ], [ 91.856858817197079, 26.105450119590106 ], [ 91.858673503902509, 26.104470193357404 ], [ 91.860599652670103, 26.103523350048992 ], [ 91.860601040567204, 26.103523233885959 ], [ 91.860603670834379, 26.10352194076577 ], [ 91.861865776859091, 26.10341599843494 ], [ 91.8631647730993, 26.103376982140524 ], [ 91.863828395430602, 26.103107323576989 ], [ 91.865046483108074, 26.101694020773817 ], [ 91.86563751797118, 26.101087917906238 ], [ 91.865640230883344, 26.101087907419085 ], [ 91.865641522660709, 26.10108658200377 ], [ 91.866012869131183, 26.101084995216187 ], [ 91.866274052503414, 26.101318564145135 ], [ 91.866053507118011, 26.101755371115516 ], [ 91.86605543490262, 26.102124151729029 ], [ 91.866311824864454, 26.102056843311647 ], [ 91.867125412847599, 26.10155095321042 ], [ 91.86842091913293, 26.100740767483014 ], [ 91.868423298770111, 26.100740420599088 ], [ 91.868424895974684, 26.100739421896087 ], [ 91.870317355224188, 26.10046308818999 ], [ 91.871656883450015, 26.100960210077517 ], [ 91.872549297700985, 26.100922229580373 ], [ 91.873514704560435, 26.101153344034312 ], [ 91.874551381957886, 26.100981606319536 ], [ 91.876993322700372, 26.099630946648546 ], [ 91.878547948029379, 26.098685387181348 ], [ 91.879173530301671, 26.09794093302564 ], [ 91.879321881680923, 26.097575686407321 ], [ 91.879355226245949, 26.096871401329384 ], [ 91.879203311249938, 26.096235092603557 ], [ 91.878828781150119, 26.095633250894227 ], [ 91.878117627160492, 26.094597037011734 ], [ 91.877371384975874, 26.093929744641443 ], [ 91.876773734020745, 26.093261800637926 ], [ 91.876733755397311, 26.092725475319348 ], [ 91.876767635358249, 26.092121843895537 ], [ 91.87680247022837, 26.091685848056994 ], [ 91.877318930549819, 26.0910466156148 ], [ 91.87805939117726, 26.090641113536382 ], [ 91.878317877806992, 26.090371776559305 ], [ 91.878240441232904, 26.089768542837561 ], [ 91.877678775889706, 26.088899312996951 ], [ 91.877526704586828, 26.088229420914008 ], [ 91.877672141831326, 26.08765888289588 ], [ 91.877446567676955, 26.087123370160221 ], [ 91.877072340309383, 26.086588596427195 ], [ 91.877031314250345, 26.085851145047236 ], [ 91.877138076326915, 26.084979080003368 ], [ 91.877319388690609, 26.084173580897087 ], [ 91.877609985600202, 26.08296534161034 ], [ 91.877080390112638, 26.081123625344372 ], [ 91.87651092469784, 26.078779251275474 ], [ 91.876500983042604, 26.076901769945145 ], [ 91.876160050832681, 26.075629216678113 ], [ 91.87555709891906, 26.073955544522789 ], [ 91.875106203036907, 26.072951584887463 ], [ 91.874804215489519, 26.072014229078047 ], [ 91.874277920412339, 26.070775972998412 ], [ 91.873491366329333, 26.069471775060162 ], [ 91.872967874894158, 26.06877000226919 ], [ 91.872666956341988, 26.068033678087239 ], [ 91.872476023021591, 26.067028671112659 ], [ 91.872463279520986, 26.064614789336723 ], [ 91.872006288569636, 26.062437550665397 ], [ 91.871700800287613, 26.060829555059186 ], [ 91.871393157845489, 26.058819214383615 ], [ 91.870443470605238, 26.054699507808518 ], [ 91.870362290751331, 26.053392233635506 ], [ 91.870656844739742, 26.052921620208565 ], [ 91.871173075092472, 26.052282401286892 ], [ 91.871615029144266, 26.05160992296441 ], [ 91.871463204878097, 26.050973604689155 ], [ 91.871120055626079, 26.049265205081607 ], [ 91.870410091904219, 26.048363013351864 ], [ 91.869587669888574, 26.047260083915489 ], [ 91.868612342035121, 26.045319702987502 ], [ 91.867638933881466, 26.04371458790515 ], [ 91.867523113193556, 26.042876888825973 ], [ 91.867483183977512, 26.042340649120931 ], [ 91.867487377313267, 26.042341237503546 ], [ 91.867487228192914, 26.042339240715364 ], [ 91.868415857126323, 26.042469386196132 ], [ 91.870013269212279, 26.042730763089647 ], [ 91.871243066429528, 26.043664226484619 ], [ 91.871806687405069, 26.045035503308675 ], [ 91.872431981318158, 26.044632746626846 ], [ 91.873504985687362, 26.043991093494125 ], [ 91.87409619931519, 26.043485683702439 ], [ 91.874018978336736, 26.042916026172694 ], [ 91.873645072566035, 26.042414737686581 ], [ 91.873568378000328, 26.041945642756147 ], [ 91.873934276188621, 26.040938296570914 ], [ 91.873710633412088, 26.040771631252056 ], [ 91.87333794575693, 26.040471469396795 ], [ 91.87333542598256, 26.040002142311469 ], [ 91.873296342081176, 26.039633539716156 ], [ 91.873367731196822, 26.039096725836707 ], [ 91.87377479647958, 26.038860325652266 ], [ 91.874218516619237, 26.038556598631242 ], [ 91.874513190083547, 26.038119555873976 ], [ 91.874548183955454, 26.037717048250389 ], [ 91.874546439427192, 26.037381776725532 ], [ 91.874804637697721, 26.037078949070999 ], [ 91.875063708232403, 26.03694366819278 ], [ 91.875065126672226, 26.036943661735606 ], [ 91.875067707532054, 26.036942314608336 ], [ 91.87547344600317, 26.036940551800672 ], [ 91.875656625964325, 26.036773522426675 ], [ 91.875432547504914, 26.036506206971527 ], [ 91.874873666939095, 26.036106296876454 ], [ 91.875094427021864, 26.035736559284111 ], [ 91.875427746908031, 26.035601041975223 ], [ 91.875428022690798, 26.03560115013407 ], [ 91.875431745309356, 26.035599635910202 ], [ 91.876026807319874, 26.035831742150858 ], [ 91.87639603286793, 26.035863506885025 ], [ 91.876837553931779, 26.035494298021845 ], [ 91.877169997062211, 26.035191141016153 ], [ 91.877466145560263, 26.035055781280331 ], [ 91.877466826483257, 26.035055901547064 ], [ 91.877470181690825, 26.035054367137146 ], [ 91.877841683569827, 26.035119812406013 ], [ 91.878176244927715, 26.035218944391332 ], [ 91.87861806872381, 26.035217032233511 ], [ 91.878800543507481, 26.034714726906177 ], [ 91.878611883823098, 26.034145560305646 ], [ 91.878721464813026, 26.033809795885002 ], [ 91.879312779950467, 26.033337853542964 ], [ 91.879124905393638, 26.032902743893278 ], [ 91.8786405499621, 26.032569593588374 ], [ 91.878749250603079, 26.032066284092586 ], [ 91.878933081842817, 26.03173019407604 ], [ 91.87956006189367, 26.030989885371696 ], [ 91.880261813217203, 26.030349809913456 ], [ 91.880741158744399, 26.029777696856954 ], [ 91.880997912523966, 26.029206656200362 ], [ 91.881254136297514, 26.028534961707667 ], [ 91.88147433223827, 26.028064648076846 ], [ 91.881770104342209, 26.027862207540316 ], [ 91.882361907264851, 26.027490813395978 ], [ 91.882620065111198, 26.027187880292441 ], [ 91.883100434717804, 26.026783486632105 ], [ 91.883102639183519, 26.026783610136171 ], [ 91.8831044079663, 26.02678212082218 ], [ 91.883661256542936, 26.026813194608259 ], [ 91.88429468559923, 26.027279801690945 ], [ 91.884892265587482, 26.02798125060302 ], [ 91.885711259631989, 26.028447017583531 ], [ 91.886417291427861, 26.028611563747543 ], [ 91.886750425362791, 26.028543141107622 ], [ 91.887487722123808, 26.028272922749238 ], [ 91.887487906278437, 26.028272951808667 ], [ 91.887491715135241, 26.028271556149441 ], [ 91.888123186762513, 26.028369351539581 ], [ 91.888531967827518, 26.028468109843363 ], [ 91.889122123239957, 26.02836544305125 ], [ 91.889748870627145, 26.027759981761612 ], [ 91.890116826855731, 26.027188423547138 ], [ 91.89070886244204, 26.026850577584923 ], [ 91.890710363526892, 26.026850571127202 ], [ 91.890712838385497, 26.026849157692315 ], [ 91.89145506330415, 26.02684586102292 ], [ 91.892086876291231, 26.02701071778845 ], [ 91.892902759469962, 26.027040580692276 ], [ 91.893380912034445, 26.026838658235878 ], [ 91.893935328871606, 26.026433891244118 ], [ 91.894786916489608, 26.026061274481876 ], [ 91.894789364398733, 26.026060582693269 ], [ 91.894790921179137, 26.026059901398558 ], [ 91.895272615800764, 26.025923661748287 ], [ 91.895787807701069, 26.025788197681241 ], [ 91.896819559635802, 26.024509906921224 ], [ 91.897410756195654, 26.024037976409492 ], [ 91.897855168936374, 26.023868318869308 ], [ 91.897855573178234, 26.023868318062096 ], [ 91.897859188897257, 26.023866937687991 ], [ 91.899751859250841, 26.02385841488659 ], [ 91.900454205259095, 26.023755002210152 ], [ 91.900933305546204, 26.023485637377878 ], [ 91.901376434594411, 26.023081348815722 ], [ 91.901820291277957, 26.02281111545755 ], [ 91.901822548744263, 26.022810813548446 ], [ 91.901824309442247, 26.022809742336193 ], [ 91.902343470997749, 26.02274034600573 ], [ 91.902790465496608, 26.023040074539068 ], [ 91.903165856182468, 26.023809518954423 ], [ 91.903762222546774, 26.024276187222636 ], [ 91.9041708176605, 26.024341414900672 ], [ 91.904727665338811, 26.024372426368949 ], [ 91.90509719361917, 26.024370753782478 ], [ 91.905501628634795, 26.024135585628077 ], [ 91.906498454969608, 26.023192320283176 ], [ 91.907827692993806, 26.021979306118272 ], [ 91.908454442177643, 26.02123886404425 ], [ 91.908456874815457, 26.021239323371994 ], [ 91.908458463036865, 26.021237446505516 ], [ 91.908978557941992, 26.021335645734148 ], [ 91.909315359698169, 26.021837027534719 ], [ 91.909762572487651, 26.022170254328095 ], [ 91.910058902445371, 26.022202337587892 ], [ 91.910499827926174, 26.022000648173449 ], [ 91.911388045248188, 26.021560685255945 ], [ 91.911389749352281, 26.021560455189061 ], [ 91.911392038259621, 26.021559321806986 ], [ 91.912279986087029, 26.021439058928006 ], [ 91.913282936237124, 26.021248924048113 ], [ 91.914358012121383, 26.021042822149884 ], [ 91.914688741266303, 26.021008088351724 ], [ 91.915167142664103, 26.020470475622663 ], [ 91.915274559612541, 26.019765911786923 ], [ 91.914932972530806, 26.018426450473658 ], [ 91.914258435668799, 26.017256090651863 ], [ 91.913284405880958, 26.015718243479999 ], [ 91.91298549686006, 26.015250293105055 ], [ 91.9132063871985, 26.014947563328818 ], [ 91.913209527708759, 26.014947359889792 ], [ 91.913210412549304, 26.0149461473287 ], [ 91.913766855087445, 26.014910065153494 ], [ 91.91443442461609, 26.015007443003366 ], [ 91.914912437941723, 26.014772076867377 ], [ 91.914909936133668, 26.014336233964496 ], [ 91.914759674936079, 26.014001648842104 ], [ 91.914274813753039, 26.013568051429491 ], [ 91.913791815675935, 26.013469639839006 ], [ 91.913346535162646, 26.013471709776265 ], [ 91.912793318474669, 26.013607703120922 ], [ 91.912276682981741, 26.013877565318122 ], [ 91.912275115421579, 26.013877673496992 ], [ 91.912272640562975, 26.013878965992344 ], [ 91.911234048855661, 26.013950765256489 ], [ 91.910528597371453, 26.013886865471633 ], [ 91.910119654609716, 26.013754696658324 ], [ 91.909858642815706, 26.013521185625301 ], [ 91.909744470536381, 26.013018784998994 ], [ 91.910111812317297, 26.012346515887611 ], [ 91.911183950710566, 26.011637580897432 ], [ 91.911701240177052, 26.011232914065356 ], [ 91.911773913883536, 26.010964366573194 ], [ 91.91188319393784, 26.01059508098005 ], [ 91.912327349760389, 26.010391886136507 ], [ 91.912328265143671, 26.010391882099874 ], [ 91.912331337381943, 26.010390477347418 ], [ 91.91314532691203, 26.010386754753345 ], [ 91.913439219740368, 26.010152094649097 ], [ 91.913363122554344, 26.00981716175249 ], [ 91.913102030810293, 26.009583656613035 ], [ 91.912582609641618, 26.009586069735992 ], [ 91.912029120764174, 26.00962195090645 ], [ 91.911514053729704, 26.0102265846017 ], [ 91.911510114617201, 26.010227860990646 ], [ 91.911510045446917, 26.010227942530985 ], [ 91.910880415365952, 26.010431995041312 ], [ 91.910545271899764, 26.010232411103104 ], [ 91.910134309725265, 26.009731384210564 ], [ 91.909796584500953, 26.009062374069696 ], [ 91.909978544549958, 26.008424454111164 ], [ 91.910310086670179, 26.007987157836315 ], [ 91.910313324198455, 26.007986776769211 ], [ 91.910314103037805, 26.007985749018356 ], [ 91.910907421418358, 26.007915980618517 ], [ 91.912465839434489, 26.007908857404434 ], [ 91.913578609526382, 26.007870232347699 ], [ 91.914093654102956, 26.007680812599187 ], [ 91.914278291131509, 26.007600144010858 ], [ 91.914424822524012, 26.007264175270858 ], [ 91.914161873063961, 26.006695485085615 ], [ 91.91349924426936, 26.006306860362837 ], [ 91.912970601894315, 26.005996871167241 ], [ 91.912523413359366, 26.005663571014548 ], [ 91.912557149589858, 26.005060007805582 ], [ 91.913119061969766, 26.00412695826267 ], [ 91.913119097004056, 26.002995332862461 ], [ 91.913301996690848, 26.001464371653107 ], [ 91.913693009079509, 26.001114353683139 ], [ 91.914393998631681, 26.000535388663721 ], [ 91.914623028604964, 26.000374350849508 ], [ 91.914798014134107, 26.0001323863812 ], [ 91.914892021930257, 25.999943433749355 ], [ 91.914933091108423, 25.999822418837635 ], [ 91.915000073987585, 25.999714415898946 ], [ 91.915135062926993, 25.999566393110388 ], [ 91.915229065333293, 25.999512393957957 ], [ 91.915232921800794, 25.99951110857112 ], [ 91.915233079005958, 25.999511017334505 ], [ 91.915395082082611, 25.999457020578852 ], [ 91.915594670670757, 25.999404657985131 ], [ 91.915727040122817, 25.999337484332013 ], [ 91.91587606793351, 25.999230457908382 ], [ 91.915879458175411, 25.999229518088125 ], [ 91.915880091487665, 25.999229062711279 ], [ 91.916028124863345, 25.9991880666783 ], [ 91.916243095304097, 25.999188070715341 ], [ 91.916621096494168, 25.9992290788594 ], [ 91.917038098940651, 25.999269055932377 ], [ 91.917335100838173, 25.999323093952103 ], [ 91.917550100923364, 25.999363066956082 ], [ 91.917682429951228, 25.999350326107535 ], [ 91.91777508308796, 25.999270408336518 ], [ 91.91778912734911, 25.999041498174005 ], [ 91.917789083331655, 25.998866462698679 ], [ 91.917667146014978, 25.998651520745025 ], [ 91.917236109188835, 25.99813944021394 ], [ 91.917088104559255, 25.997964471217433 ], [ 91.91697010994838, 25.997580481248033 ], [ 91.916916105928422, 25.997405403225041 ], [ 91.916916144556012, 25.997230460587584 ], [ 91.917104135893823, 25.997123453237396 ], [ 91.917105762742793, 25.997123453237396 ], [ 91.917108155854692, 25.997122091119511 ], [ 91.917418158171046, 25.997122097578888 ], [ 91.917809159779921, 25.997175106318423 ], [ 91.918119159401343, 25.997283113206404 ], [ 91.918361155657394, 25.997458117129192 ], [ 91.918658153961701, 25.997593123783638 ], [ 91.91912918737755, 25.997687101429541 ], [ 91.919452156875025, 25.997768108674112 ], [ 91.919762154699796, 25.997956146774477 ], [ 91.920059150309129, 25.998185152711709 ], [ 91.920301145666897, 25.998454125863905 ], [ 91.920544139052936, 25.99877813139879 ], [ 91.920800133756075, 25.999060167844977 ], [ 91.921096128642191, 25.999289174052343 ], [ 91.921339127418136, 25.999424178602609 ], [ 91.921877125746846, 25.999626190199034 ], [ 91.92232212868069, 25.999653199441045 ], [ 91.922658810960968, 25.999612213244923 ], [ 91.922978133298415, 25.999492589956368 ], [ 91.922978765712372, 25.999492476919812 ], [ 91.922982138886269, 25.999491213332675 ], [ 91.923181172315537, 25.999455186156574 ], [ 91.92346314450009, 25.999401224093635 ], [ 91.923679145308469, 25.999415197035873 ], [ 91.924002146246963, 25.999509203098178 ], [ 91.924218174903103, 25.99964420820298 ], [ 91.924838137314978, 26.000048252898967 ], [ 91.925242135749386, 26.000223229288174 ], [ 91.925713136825905, 26.000344270431111 ], [ 91.926090106750038, 26.000411310287962 ], [ 91.92642713667837, 26.000532254349508 ], [ 91.926885135539436, 26.000734264040464 ], [ 91.92693716596068, 26.000761296442167 ], [ 91.927308308513574, 26.001402896934696 ], [ 91.9278685464338, 26.002037283154909 ], [ 91.9284293440044, 26.002772264096535 ], [ 91.928438956876278, 26.00444857529072 ], [ 91.928369963567491, 26.005354134779818 ], [ 91.928372824701697, 26.005857009018936 ], [ 91.929006504387942, 26.006356960088208 ], [ 91.929417961534142, 26.006924968084903 ], [ 91.929831129970992, 26.007794757551881 ], [ 91.929836730068459, 26.008767006620232 ], [ 91.929766958818661, 26.009538441025587 ], [ 91.929732945008737, 26.010075034914173 ], [ 91.929921557082451, 26.010610600237413 ], [ 91.930257456930121, 26.010944294048592 ], [ 91.930779075377913, 26.011310618091212 ], [ 91.931300882471959, 26.011710504514308 ], [ 91.931267053714976, 26.012280627617653 ], [ 91.931120949920555, 26.012683623736933 ], [ 91.931383626292785, 26.013185285494384 ], [ 91.931791784825279, 26.013183388316392 ], [ 91.93286179600797, 26.012810889333547 ], [ 91.933563153869414, 26.012170533882365 ], [ 91.933784177158529, 26.01190135317497 ], [ 91.933780155401024, 26.011197215034933 ], [ 91.933963713552885, 26.010861137102218 ], [ 91.933966739078784, 26.010861543187069 ], [ 91.933967736208757, 26.010859717016178 ], [ 91.934450489045815, 26.01092450892839 ], [ 91.934711018444517, 26.011057388951244 ], [ 91.935158045282719, 26.011356992311157 ], [ 91.93564201174371, 26.011622940140576 ], [ 91.936236480866128, 26.011754203119139 ], [ 91.937387206575423, 26.011815820158681 ], [ 91.938315834610478, 26.011979027695034 ], [ 91.939244711478892, 26.012175766102175 ], [ 91.94017414889602, 26.012473066568838 ], [ 91.941028182626525, 26.01256958503599 ], [ 91.941920930152534, 26.012934102895763 ], [ 91.942479114523977, 26.013199645919958 ], [ 91.943742336256278, 26.013461797650489 ], [ 91.945588722711491, 26.01354208681396 ], [ 91.946006477047845, 26.013551501631682 ], [ 91.946600977611283, 26.013682764068712 ], [ 91.94700935533271, 26.01371430471681 ], [ 91.947604882670532, 26.014013192483901 ], [ 91.947829905259326, 26.014414414666199 ], [ 91.947795766583582, 26.014917507632838 ], [ 91.94772353844148, 26.015253100071771 ], [ 91.947654584658579, 26.015866316952515 ], [ 91.948321431043439, 26.015954299567163 ], [ 91.949025876414538, 26.01585031482232 ], [ 91.949656911460593, 26.015880796529252 ], [ 91.950213212064895, 26.016045323177785 ], [ 91.950617100006525, 26.015776891641217 ], [ 91.950948908926392, 26.015406482092551 ], [ 91.950952557883056, 26.015405522219364 ], [ 91.95095290283615, 26.01540513713989 ], [ 91.951212282391268, 26.01533682950879 ], [ 91.951658374981591, 26.015468776956929 ], [ 91.952106056691619, 26.015868910779588 ], [ 91.953595980862303, 26.01680041068045 ], [ 91.956943783635609, 26.01812516826109 ], [ 91.959025097503897, 26.01865139950808 ], [ 91.959806189829976, 26.018949322126172 ], [ 91.960067559153472, 26.019216264263523 ], [ 91.9602188300574, 26.019684892269002 ], [ 91.96066495408877, 26.019816808997206 ], [ 91.960995560164477, 26.019748737232799 ], [ 91.961364016754658, 26.019479423750273 ], [ 91.961367034195717, 26.01947877955158 ], [ 91.961367999884615, 26.019478074000649 ], [ 91.96184981847378, 26.019375115184953 ], [ 91.962258851067062, 26.019507217125291 ], [ 91.962260654884133, 26.01980896803996 ], [ 91.962076335859223, 26.020011025296352 ], [ 91.961706856986211, 26.020281048756061 ], [ 91.961560036336166, 26.020549982601942 ], [ 91.961747809383382, 26.020917861315553 ], [ 91.962416005936106, 26.020981607930658 ], [ 91.96296762721613, 26.020779103509966 ], [ 91.962967979355696, 26.020779062339862 ], [ 91.96297160405787, 26.020777731172121 ], [ 91.963564952981145, 26.020707744341706 ], [ 91.964159517324973, 26.020838913207402 ], [ 91.964868069793539, 26.021405364182041 ], [ 91.965241406032348, 26.021772340937137 ], [ 91.965746497275589, 26.022063725798507 ], [ 91.966059032841017, 26.021969452025594 ], [ 91.966800416936564, 26.021831656091216 ], [ 91.96761645732046, 26.021760548617909 ], [ 91.967949805952713, 26.021658336090333 ], [ 91.96858068559024, 26.021655194267417 ], [ 91.969064962868316, 26.021954515489469 ], [ 91.969289052107541, 26.02218808320589 ], [ 91.969660553088218, 26.022253308815614 ], [ 91.97010630521703, 26.022318132380057 ], [ 91.970366866056764, 26.022450949456911 ], [ 91.970814453443708, 26.022817521742457 ], [ 91.971334611230887, 26.022915500886164 ], [ 91.971742614354838, 26.022879916000772 ], [ 91.972668941804471, 26.022640623067115 ], [ 91.973336914676679, 26.02263726250715 ], [ 91.9737824476166, 26.022668584407636 ], [ 91.973784315214061, 26.022970302977043 ], [ 91.973786554714053, 26.02333908386337 ], [ 91.973639362161478, 26.023540986510227 ], [ 91.973417916664161, 26.023743262560579 ], [ 91.973382472736319, 26.024011637130997 ], [ 91.973717689864372, 26.024211144364877 ], [ 91.974200534329569, 26.024275779569709 ], [ 91.974682975451231, 26.024273352218504 ], [ 91.975093282753889, 26.024606547069784 ], [ 91.97494708373803, 26.024976075958481 ], [ 91.974688950146188, 26.025245601236598 ], [ 91.974690599453055, 26.025513788323877 ], [ 91.974952032556942, 26.025780701000031 ], [ 91.975508910777975, 26.02581143036711 ], [ 91.976102478890155, 26.025774943077113 ], [ 91.976736066948249, 26.026207613104965 ], [ 91.976590489566561, 26.026677702508334 ], [ 91.976703887498161, 26.027012392758962 ], [ 91.977336666174182, 26.027310968174646 ], [ 91.977930451678674, 26.027307980680675 ], [ 91.978414760397783, 26.02760727214719 ], [ 91.978787756175095, 26.027907123052991 ], [ 91.979493694546207, 26.028037670393775 ], [ 91.980084378168016, 26.0280013299007 ], [ 91.980525735738439, 26.027530906771702 ], [ 91.981080688869838, 26.027259855459899 ], [ 91.981083502393318, 26.027259114438365 ], [ 91.98108472679705, 26.027258516293546 ], [ 91.98160081611428, 26.02712251212704 ], [ 91.982302291655046, 26.026750849259837 ], [ 91.982707997786804, 26.026346401623996 ], [ 91.982711052058775, 26.026346041604214 ], [ 91.982712044697166, 26.026345051953378 ], [ 91.983305395417048, 26.026275002251158 ], [ 91.983640860480136, 26.026507978556744 ], [ 91.983902292685684, 26.026774889778633 ], [ 91.984463994859794, 26.027576651416673 ], [ 91.984579292728199, 26.028213089395688 ], [ 91.98458199845382, 26.028648934043169 ], [ 91.984770084114771, 26.029050281356326 ], [ 91.985253987693682, 26.029282511142547 ], [ 91.985774612604828, 26.029447489600031 ], [ 91.98629585915009, 26.029713062261298 ], [ 91.986261036856448, 26.030082031019226 ], [ 91.986077776046912, 26.030451744461239 ], [ 91.985820918062771, 26.030922427093866 ], [ 91.985674781928992, 26.031291985329389 ], [ 91.985676649526454, 26.031593704325868 ], [ 91.986421208268212, 26.031958720055624 ], [ 91.98664725763139, 26.032494005525663 ], [ 91.986651241659658, 26.033130973777801 ], [ 91.986654789106723, 26.033700911304521 ], [ 91.987103310741574, 26.034201544491285 ], [ 91.987477363835964, 26.034668989080366 ], [ 91.987519716706686, 26.035506959075221 ], [ 91.987929464358885, 26.035739528806037 ], [ 91.988302272388339, 26.03600585078922 ], [ 91.988452204802527, 26.036239759401763 ], [ 91.988453885550427, 26.036507977857198 ], [ 91.988449897928888, 26.036508358831686 ], [ 91.988449904217049, 26.036509351625366 ], [ 91.988081763833861, 26.036544486023534 ], [ 91.98786153196049, 26.036745683905501 ], [ 91.987863399557952, 26.037047434074022 ], [ 91.988086928248435, 26.037180375727157 ], [ 91.988274390478566, 26.037481159434652 ], [ 91.988276911151218, 26.037883472539992 ], [ 91.988686036270948, 26.038015480999977 ], [ 91.988799683035879, 26.038383702062806 ], [ 91.988578456727495, 26.038619540635068 ], [ 91.988432102303079, 26.038955537461998 ], [ 91.98858203651389, 26.039189447455744 ], [ 91.989027632335862, 26.03922070682383 ], [ 91.989694423923495, 26.039016126461739 ], [ 91.99036230426924, 26.038979203391655 ], [ 91.991030373261196, 26.038975781150477 ], [ 91.991698471897578, 26.038972325816811 ], [ 91.992178448940379, 26.038936507697517 ], [ 91.992804951087535, 26.038498662448955 ], [ 91.992807670287874, 26.038498156374907 ], [ 91.992808960268647, 26.038497255611517 ], [ 91.993233372917885, 26.038418327403626 ], [ 91.993440121078834, 26.038527551444417 ], [ 91.993999613397364, 26.038960499712523 ], [ 91.994483176514791, 26.039125666341214 ], [ 91.99488790438123, 26.03905701657304 ], [ 91.995292766096611, 26.038653468542002 ], [ 91.995699934685675, 26.038483701381711 ], [ 91.995700549133318, 26.038483767566838 ], [ 91.995703951951626, 26.038482349429323 ], [ 91.995999756394895, 26.038514212723268 ], [ 91.996292913503041, 26.038346547952507 ], [ 91.99661268679472, 26.037803170166008 ], [ 91.996615857847672, 26.037803170973145 ], [ 91.996616695975845, 26.037801744755992 ], [ 91.996954698779575, 26.037801751213102 ], [ 91.997112698064996, 26.037832755087624 ], [ 91.997281698119409, 26.037885757552978 ], [ 91.997387698424603, 26.037896729811767 ], [ 91.997545553979606, 26.037875883810628 ], [ 91.99771166505208, 26.037803124966143 ], [ 91.998080699258992, 26.037591110775971 ], [ 91.998260732421713, 26.037518155619189 ], [ 91.998261774467409, 26.037517971590741 ], [ 91.998264715551684, 26.037516779441408 ], [ 91.998507717920887, 26.03747375390062 ], [ 91.998739721317719, 26.037431758258538 ], [ 91.998928059405259, 26.037390130658707 ], [ 91.999094725636539, 26.03731721573412 ], [ 91.999211733897241, 26.037222158373169 ], [ 91.999253759781183, 26.037106179732717 ], [ 91.999221748316003, 26.036916117863292 ], [ 91.999116709208167, 26.036863212624517 ], [ 91.998947707357132, 26.036831168888213 ], [ 91.998788760349072, 26.036789175437445 ], [ 91.998672751014979, 26.036747117399816 ], [ 91.998577750580395, 26.036599135654495 ], [ 91.998587715591867, 26.036493136801266 ], [ 91.998704712174472, 26.036409182735774 ], [ 91.998707850888067, 26.036408401414555 ], [ 91.998708747406738, 26.036407758923133 ], [ 91.998961750719957, 26.036344794746348 ], [ 91.999289724731881, 26.036301771197031 ], [ 91.999743758429304, 26.036301780882852 ], [ 92.000144760083927, 26.036323820939543 ], [ 92.000514763573051, 26.036323828203905 ], [ 92.000799766673353, 26.036270803239585 ], [ 92.000998014975082, 26.036207714687961 ], [ 92.001292747728243, 26.0360921902782 ], [ 92.001293341514611, 26.0360921902782 ], [ 92.001296775773952, 26.036090844755456 ], [ 92.001676777512202, 26.036090853634114 ], [ 92.001835778419149, 26.036122825736172 ], [ 92.002004778473562, 26.036175860453191 ], [ 92.002289780675568, 26.036196866572485 ], [ 92.002521781377482, 26.036217871073713 ], [ 92.002711783144903, 26.036228812816809 ], [ 92.002880783199302, 26.036217878338086 ], [ 92.003046664303028, 26.036165829979456 ], [ 92.003214757957295, 26.036092283907852 ], [ 92.003479773542537, 26.035997250575821 ], [ 92.003479933442648, 26.035997244118573 ], [ 92.003483794401745, 26.035995860658566 ], [ 92.003747796687335, 26.035985927834947 ], [ 92.003937796658121, 26.036059870285101 ], [ 92.00424379248831, 26.036259876029156 ], [ 92.004349790996883, 26.036386909428714 ], [ 92.004402788005393, 26.036523910984194 ], [ 92.004412782661262, 26.036734910904531 ], [ 92.004391774660007, 26.036998910082843 ], [ 92.004380768501136, 26.037252878286111 ], [ 92.004380764009582, 26.037442909745515 ], [ 92.004444759092095, 26.03762187902079 ], [ 92.00460275837753, 26.037737914458276 ], [ 92.004803725879611, 26.037832918129954 ], [ 92.004993754596512, 26.037959891711651 ], [ 92.005152717774251, 26.038223894589606 ], [ 92.005204743703914, 26.038466925871134 ], [ 92.00526873968478, 26.038656957784742 ], [ 92.005405704019495, 26.038814930053412 ], [ 92.005626733596856, 26.038944934969003 ], [ 92.005837733484029, 26.039008908279275 ], [ 92.006112736538597, 26.038966913994031 ], [ 92.006320161130958, 26.038904003654839 ], [ 92.006456696070998, 26.038799284577234 ], [ 92.00660472226015, 26.038651265064559 ], [ 92.006731708108703, 26.038545347165361 ], [ 92.006868738918783, 26.038450331156632 ], [ 92.006872234263554, 26.03844930205824 ], [ 92.006872724743701, 26.038448961446864 ], [ 92.007052758804718, 26.038395934214822 ], [ 92.007211729168986, 26.038395937443376 ], [ 92.00735875912649, 26.038480940977422 ], [ 92.007443756820351, 26.038596973143544 ], [ 92.007570784889737, 26.038765975784138 ], [ 92.0076867511047, 26.038892979026642 ], [ 92.00780275055736, 26.038955980577754 ], [ 92.008045752028224, 26.038966954350663 ], [ 92.00813679089238, 26.038936321249889 ], [ 92.008147779983247, 26.0387463616239 ], [ 92.008115731687155, 26.03858834729181 ], [ 92.008094736262365, 26.03841939605196 ], [ 92.008083783104098, 26.038281385367906 ], [ 92.008115734382116, 26.038186368338167 ], [ 92.008231737428034, 26.038102400149132 ], [ 92.008390749114781, 26.038039308547049 ], [ 92.008443795530624, 26.037954366035521 ], [ 92.008464737954853, 26.03780637451348 ], [ 92.008431778767076, 26.037423307471141 ], [ 92.008421734703859, 26.037265353506498 ], [ 92.008526797167931, 26.037149354730133 ], [ 92.008529182194991, 26.03714978735983 ], [ 92.008530801857461, 26.037147997919501 ], [ 92.008646803106743, 26.037169000636109 ], [ 92.008805800420433, 26.037285003428778 ], [ 92.008921799873065, 26.037358975731347 ], [ 92.009080799881716, 26.03740097785666 ], [ 92.009301801611315, 26.037412013925096 ], [ 92.00957413756781, 26.037348640258525 ], [ 92.00976277838754, 26.037233388173082 ], [ 92.009878778738511, 26.037149418494582 ], [ 92.009881116154887, 26.03714923365839 ], [ 92.009882781631404, 26.03714802697673 ], [ 92.01002081406304, 26.037137028819245 ], [ 92.010125814543343, 26.037137032047852 ], [ 92.010242812922584, 26.037232003113374 ], [ 92.010337841204901, 26.037401005299539 ], [ 92.010432805706856, 26.037581037644713 ], [ 92.010506803530063, 26.037718007941063 ], [ 92.010633801955024, 26.037792073598844 ], [ 92.01090635171056, 26.037801994162404 ], [ 92.011093800465943, 26.037698375848453 ], [ 92.011220782721253, 26.037592363460153 ], [ 92.011223886400572, 26.037591795232267 ], [ 92.011224811665315, 26.037591023604651 ], [ 92.011393813516307, 26.037560026930485 ], [ 92.011604814301847, 26.037591031676047 ], [ 92.011816812217333, 26.037728035860621 ], [ 92.012196803175769, 26.038193044174673 ], [ 92.012471799043794, 26.038457080427463 ], [ 92.012692795383472, 26.038615085250814 ], [ 92.012946793131746, 26.038774089899988 ], [ 92.013189792805989, 26.038869064482618 ], [ 92.013432795175191, 26.038879069704034 ], [ 92.013802797765976, 26.03889007738373 ], [ 92.014139798948193, 26.038913084706223 ], [ 92.014285574857539, 26.038892403540856 ], [ 92.01446281425973, 26.038787503654991 ], [ 92.014568770547513, 26.038534474244916 ], [ 92.014684810424342, 26.038238452928443 ], [ 92.014864813942623, 26.03805949831542 ], [ 92.015075802151742, 26.037900524175843 ], [ 92.015191820468999, 26.03778450423491 ], [ 92.015194817248783, 26.037784127300263 ], [ 92.015195836836625, 26.03778310788174 ], [ 92.015448971303925, 26.037751253267679 ], [ 92.015646802787344, 26.037668536643402 ], [ 92.01576281930798, 26.037562536335255 ], [ 92.015867875483821, 26.037446530588539 ], [ 92.015871826274434, 26.037445148759918 ], [ 92.015871850528953, 26.037445122124197 ], [ 92.016051854047291, 26.037382157697206 ], [ 92.016241854916402, 26.037382160925763 ], [ 92.016389853257778, 26.037498165121868 ], [ 92.01649584907139, 26.037699166846778 ], [ 92.016674842883347, 26.038005170606297 ], [ 92.016928835241728, 26.038332175268554 ], [ 92.017256609827626, 26.038712244874446 ], [ 92.017329825218226, 26.038797183608523 ], [ 92.017519821595755, 26.039039187030202 ], [ 92.017699817927578, 26.039229190574055 ], [ 92.017857815416377, 26.039367163821847 ], [ 92.018079813377597, 26.039525198089869 ], [ 92.018269812450058, 26.039599172207954 ], [ 92.01848976674404, 26.039588246921902 ], [ 92.018709842310514, 26.039442628807176 ], [ 92.018984811229103, 26.039220532483597 ], [ 92.019174854319047, 26.039062584168104 ], [ 92.019449885221363, 26.038872623939515 ], [ 92.019723814789174, 26.038745575475449 ], [ 92.020040865287214, 26.038576571998309 ], [ 92.020044406446075, 26.038575447659099 ], [ 92.020044852908768, 26.038575210361387 ], [ 92.020277856130548, 26.038501246897273 ], [ 92.020509858629083, 26.038490219809805 ], [ 92.020678858683496, 26.038543255070586 ], [ 92.021583852941731, 26.039017242725393 ], [ 92.022206850760938, 26.039313255619007 ], [ 92.022407849704081, 26.039376290843773 ], [ 92.02256584988784, 26.039376294072287 ], [ 92.022762975295478, 26.039314483263791 ], [ 92.022910821821554, 26.039156687622594 ], [ 92.023015861827744, 26.0389026517073 ], [ 92.023089868634074, 26.038554703477658 ], [ 92.023174900463928, 26.03842772489001 ], [ 92.023280838785396, 26.038343676160107 ], [ 92.023449914298268, 26.038258699162128 ], [ 92.023452203205636, 26.038258160801547 ], [ 92.023453886648454, 26.038257314114492 ], [ 92.02367488927635, 26.038205319124884 ], [ 92.023886891683418, 26.038194323488 ], [ 92.024139893200015, 26.038215328438618 ], [ 92.024319893125082, 26.038278331968062 ], [ 92.024520891169914, 26.038437305595505 ], [ 92.024689887631055, 26.038606309273337 ], [ 92.024889885850953, 26.038743375228279 ], [ 92.025143884497538, 26.038806318746126 ], [ 92.025418883958821, 26.038922354625964 ], [ 92.025713880816667, 26.039123330503116 ], [ 92.025977880407325, 26.039218366144866 ], [ 92.026368880219565, 26.0393553442144 ], [ 92.026664878698952, 26.039514380952152 ], [ 92.026939879058546, 26.039588324406179 ], [ 92.027308880926128, 26.039619364129166 ], [ 92.027689881590945, 26.039683402448844 ], [ 92.02792888106724, 26.039748407671762 ], [ 92.028150880825066, 26.039853381760846 ], [ 92.028456882045148, 26.03990641882649 ], [ 92.02894288498689, 26.039927397642437 ], [ 92.029523889261554, 26.039959442147023 ], [ 92.030083893619747, 26.039938453651285 ], [ 92.030474897923611, 26.039896462120286 ], [ 92.030769872323546, 26.039832659597888 ], [ 92.031083873041212, 26.039706785737057 ], [ 92.031326885291875, 26.039559827936444 ], [ 92.03159087050949, 26.039337814162085 ], [ 92.031865905903388, 26.039094841184578 ], [ 92.032097962300853, 26.038936885435586 ], [ 92.032234958974939, 26.038883820488905 ], [ 92.032235556354607, 26.038883776903756 ], [ 92.032238937613315, 26.038882468541164 ], [ 92.032524939640226, 26.03886147500986 ], [ 92.032766940387859, 26.038935510888717 ], [ 92.032957937488618, 26.039104515462817 ], [ 92.033126935746409, 26.039209487706902 ], [ 92.03336593432438, 26.03933946151415 ], [ 92.03347493320598, 26.039378494307563 ], [ 92.033717933778576, 26.039420499745233 ], [ 92.03402493662017, 26.039420507009414 ], [ 92.03425467446587, 26.039389844163292 ], [ 92.034389933798195, 26.039305908314049 ], [ 92.034495954764665, 26.039200908713838 ], [ 92.034632924489301, 26.03899988534884 ], [ 92.034780965949793, 26.038704874124946 ], [ 92.034886918644318, 26.038577937670894 ], [ 92.035087975977945, 26.038440983714494 ], [ 92.035351937839337, 26.038260938968097 ], [ 92.035579016671818, 26.038045983584794 ], [ 92.035683992897603, 26.037866952806926 ], [ 92.035704990119044, 26.03769792304227 ], [ 92.035694998158135, 26.037528957605339 ], [ 92.035662982201416, 26.037412925996847 ], [ 92.035663038795263, 26.037264970920198 ], [ 92.035737033923539, 26.037074990829808 ], [ 92.035842998296133, 26.036916007284212 ], [ 92.035948019437697, 26.036831942942289 ], [ 92.036181049608913, 26.036694930446579 ], [ 92.036329009322756, 26.036620901224765 ], [ 92.036330963158477, 26.036620591279721 ], [ 92.036333028385329, 26.036619558129534 ], [ 92.03659702977258, 26.03657756379587 ], [ 92.036840032141782, 26.036577568638748 ], [ 92.037062031899652, 26.036651604345106 ], [ 92.037231031954022, 26.036703607287883 ], [ 92.037463064096968, 26.036714612750327 ], [ 92.037661181244673, 26.036673214126083 ], [ 92.037797040651625, 26.036578960163393 ], [ 92.037934046308848, 26.036493933457745 ], [ 92.037936611897322, 26.036493449168095 ], [ 92.037938042913567, 26.036492560496548 ], [ 92.038107045662898, 26.036460595759628 ], [ 92.038255046699234, 26.036471598823436 ], [ 92.038382045124223, 26.036545632175226 ], [ 92.038488043632796, 26.03664060371964 ], [ 92.038657074229903, 26.03670363876665 ], [ 92.038879045241657, 26.036714642614818 ], [ 92.039037047222038, 26.036682614980865 ], [ 92.039297048411342, 26.036640621476906 ], [ 92.039477050133044, 26.036661625091536 ], [ 92.0397200498073, 26.036745629019457 ], [ 92.039920048027199, 26.036872665121482 ], [ 92.040132047739306, 26.036946638491294 ], [ 92.04035304857058, 26.036988643185705 ], [ 92.040511138585842, 26.036977708777847 ], [ 92.040656083553557, 26.036916091227457 ], [ 92.04080405943705, 26.036789068086829 ], [ 92.040878014141128, 26.036684031525862 ], [ 92.040962023688166, 26.036599101754234 ], [ 92.041173037050115, 26.036473038778297 ], [ 92.041175158870814, 26.036472801476336 ], [ 92.041177067790784, 26.036471660973955 ], [ 92.041463071614302, 26.036439698652803 ], [ 92.041703475157405, 26.036398151415856 ], [ 92.041860091037293, 26.036293079797286 ], [ 92.041923089888186, 26.036167026985421 ], [ 92.041976042879213, 26.036050024639337 ], [ 92.04205008292324, 26.035924135418387 ], [ 92.042053333926248, 26.035923994166531 ], [ 92.042054088511108, 26.035922710792693 ], [ 92.042308090750936, 26.035911715748931 ], [ 92.0424980889251, 26.036017720777682 ], [ 92.042635088294148, 26.036101723552527 ], [ 92.042773089284708, 26.036133694844445 ], [ 92.042984090070249, 26.036122730492224 ], [ 92.043183100143324, 26.036092042569347 ], [ 92.043360088017266, 26.035998081943237 ], [ 92.043487126866424, 26.035871097358935 ], [ 92.043561091451963, 26.03574412393727 ], [ 92.0435931136969, 26.035586087802734 ], [ 92.043688110538184, 26.035406173468786 ], [ 92.04382511260215, 26.03528006723845 ], [ 92.043828847797116, 26.035278968696694 ], [ 92.04382911998664, 26.035278718477787 ], [ 92.044009153149375, 26.035225753577848 ], [ 92.044135123003343, 26.035213755171068 ], [ 92.044431126872624, 26.03519373118743 ], [ 92.044650858384387, 26.03515216494452 ], [ 92.044850062493566, 26.035047084945305 ], [ 92.045008160593667, 26.034931136440392 ], [ 92.045145151877875, 26.034857116598399 ], [ 92.04525114769153, 26.034794174996826 ], [ 92.045253124883473, 26.034793978856687 ], [ 92.04525514249957, 26.034792780222364 ], [ 92.04546617652278, 26.034771784344688 ], [ 92.04575214800694, 26.034760790807368 ], [ 92.046037149310607, 26.034771796452105 ], [ 92.046255463280843, 26.034709847613691 ], [ 92.046371175272597, 26.034604147317463 ], [ 92.046555134073103, 26.034388166591174 ], [ 92.046967135598379, 26.033987188657385 ], [ 92.04705221144566, 26.033902171373217 ], [ 92.047136203026412, 26.033839173564662 ], [ 92.047327179465952, 26.033723169785425 ], [ 92.047527216313412, 26.033628168434966 ], [ 92.047686214525442, 26.033543187213212 ], [ 92.047865152641847, 26.033448226882683 ], [ 92.048024229007282, 26.03334320428047 ], [ 92.04811918183114, 26.033290209448356 ], [ 92.04812164770658, 26.033289709809235 ], [ 92.048123203588645, 26.033288842099861 ], [ 92.048281205569026, 26.033256845010158 ], [ 92.048450205623453, 26.033298848604502 ], [ 92.048672205381308, 26.033372823421089 ], [ 92.048936204971938, 26.033446859536021 ], [ 92.049126207637684, 26.033446862764702 ], [ 92.049327210174084, 26.033393836499776 ], [ 92.049507212794083, 26.03336284033076 ], [ 92.049845216496152, 26.033341847425806 ], [ 92.050011216177495, 26.033363882388485 ], [ 92.050180216231908, 26.033447854777112 ], [ 92.050297246052168, 26.033521888423181 ], [ 92.05041321316547, 26.033574858935516 ], [ 92.05064521476568, 26.033584895281013 ], [ 92.05078156285613, 26.033563967796532 ], [ 92.051000205609768, 26.03348130956407 ], [ 92.05100219178486, 26.0334806702853 ], [ 92.051004220180772, 26.033479902666457 ], [ 92.051268225161294, 26.033394909229727 ], [ 92.051480228466673, 26.033341882941333 ], [ 92.051723229937537, 26.033352918584526 ], [ 92.051902229139372, 26.033426890945535 ], [ 92.05204022923165, 26.03347992446006 ], [ 92.052261230062911, 26.033489898661553 ], [ 92.052557233033852, 26.03345890493944 ], [ 92.052832236088392, 26.033436941832768 ], [ 92.053233237743015, 26.033436950711643 ], [ 92.053593239389784, 26.033479957554025 ], [ 92.053888239840873, 26.033595933322857 ], [ 92.054089236987366, 26.033722937320896 ], [ 92.054564234668575, 26.033996977974621 ], [ 92.054755232667659, 26.034123950866135 ], [ 92.054987233369587, 26.034186987265684 ], [ 92.055209234025753, 26.034186992108676 ], [ 92.055431237376823, 26.034154965398848 ], [ 92.055600238329561, 26.034154968627504 ], [ 92.055748238467558, 26.034198004264582 ], [ 92.055927237669408, 26.034281976056104 ], [ 92.056107235797811, 26.034367011629737 ], [ 92.056297205225903, 26.034439983275558 ], [ 92.056529235572214, 26.034492988888466 ], [ 92.057153241301151, 26.034493001803085 ], [ 92.057311240586614, 26.03457800493722 ], [ 92.057459236233029, 26.034767977771978 ], [ 92.057617262467929, 26.035000042878963 ], [ 92.057786229284645, 26.035137014575202 ], [ 92.057934227626006, 26.035232049411402 ], [ 92.058176228373682, 26.03527502250212 ], [ 92.058440231557597, 26.035243028375703 ], [ 92.058620233279257, 26.03520106502835 ], [ 92.058768235213918, 26.035190067495463 ], [ 92.058873233897557, 26.03524303725445 ], [ 92.059042233951956, 26.035317072996062 ], [ 92.059158235201252, 26.03531707541752 ], [ 92.059336928077542, 26.035307152222316 ], [ 92.059440257691435, 26.035255461837632 ], [ 92.059443216741982, 26.035254560242198 ], [ 92.059444238126446, 26.035254049311213 ], [ 92.059549239505074, 26.035222052757575 ], [ 92.059729242125073, 26.035222055986232 ], [ 92.059993241715702, 26.035317093174989 ], [ 92.060236240491633, 26.03543306632023 ], [ 92.060405241444357, 26.035454070151062 ], [ 92.060901245330172, 26.035454080644108 ], [ 92.06118524231735, 26.035391529219723 ], [ 92.061341252732731, 26.035318467764274 ], [ 92.061457218947695, 26.035213513023585 ], [ 92.061626267511159, 26.035086514675264 ], [ 92.061700285995599, 26.035012519953295 ], [ 92.061838250155262, 26.034949503369212 ], [ 92.061840067447079, 26.034949135304242 ], [ 92.061842264726252, 26.034948132811422 ], [ 92.062000267604958, 26.034916103887941 ], [ 92.062148267742955, 26.034916107923735 ], [ 92.062380269343208, 26.034937112654333 ], [ 92.062592270851937, 26.034958116574028 ], [ 92.062782304060391, 26.034948152183265 ], [ 92.062980988045055, 26.034905614839378 ], [ 92.063116310259446, 26.034833582211345 ], [ 92.063119543296139, 26.034832552274054 ], [ 92.063120278118063, 26.034832159993879 ], [ 92.06332128155276, 26.034768101267673 ], [ 92.063508490457977, 26.034715946527502 ], [ 92.063623254727105, 26.034653524662581 ], [ 92.063627254026727, 26.034652171051714 ], [ 92.063785289244777, 26.034599142910199 ], [ 92.063923288438716, 26.034610145341457 ], [ 92.064071285881795, 26.034789147997138 ], [ 92.064155282852411, 26.034916149896063 ], [ 92.064261282259338, 26.034958152089068 ], [ 92.064483284712111, 26.03495815693201 ], [ 92.06465228566482, 26.034937161083953 ], [ 92.064958288681524, 26.034937166734053 ], [ 92.065138287708265, 26.035022171160641 ], [ 92.06536628461896, 26.035214207179667 ], [ 92.065524251565051, 26.035372210721839 ], [ 92.065693280365537, 26.035478213816734 ], [ 92.065883312675695, 26.035530218086951 ], [ 92.066549284999766, 26.035530232615738 ], [ 92.066728254557191, 26.035541235766821 ], [ 92.066876285237925, 26.035625207403843 ], [ 92.066982282848159, 26.035742209366543 ], [ 92.067130281189563, 26.035879243961201 ], [ 92.067288278678376, 26.036016247723982 ], [ 92.067584275361099, 26.036238221778749 ], [ 92.067838274007713, 26.03633325895127 ], [ 92.068049274793211, 26.036396263491763 ], [ 92.068281242257441, 26.036502268082586 ], [ 92.068503270761369, 26.036702273072244 ], [ 92.068672264527564, 26.036945243742423 ], [ 92.068820261970643, 26.03713524664305 ], [ 92.068968259413708, 26.037283250311997 ], [ 92.069137257671457, 26.037357285572885 ], [ 92.069295256956877, 26.037441256716811 ], [ 92.06945425427061, 26.037579260318125 ], [ 92.069612251759409, 26.037726294857571 ], [ 92.069697248554974, 26.037864234359425 ], [ 92.069792245396258, 26.038022299709787 ], [ 92.06992924386698, 26.038106269570431 ], [ 92.070151245421471, 26.038117243422857 ], [ 92.070275012606359, 26.038086091917201 ], [ 92.070454268726365, 26.037949699155462 ], [ 92.070601221428745, 26.037833741412996 ], [ 92.070749243126301, 26.037780710674227 ], [ 92.070749288940405, 26.037780710674227 ], [ 92.070753259493955, 26.03777928768536 ], [ 92.070922260446665, 26.037779290913917 ], [ 92.071112260417465, 26.03783232730331 ], [ 92.071260257860544, 26.037959329942645 ], [ 92.071647252983254, 26.038228337881645 ], [ 92.071805252268675, 26.038355310228102 ], [ 92.072006250313493, 26.038450345685085 ], [ 92.072154251349815, 26.038471318304435 ], [ 92.072302252386137, 26.038461320312432 ], [ 92.072482254107811, 26.038450355370689 ], [ 92.072714254809725, 26.038503330114317 ], [ 92.072872254095145, 26.038598363837085 ], [ 92.072999249825173, 26.038788366480862 ], [ 92.073136244702638, 26.039052337629926 ], [ 92.073274208862287, 26.039253372204826 ], [ 92.073453238606859, 26.039400344917773 ], [ 92.073739237938796, 26.039485350145149 ], [ 92.074045237362213, 26.039580387914903 ], [ 92.074246232712127, 26.039791392021694 ], [ 92.074404226607655, 26.040065364418897 ], [ 92.074594223883494, 26.040255398585 ], [ 92.074806220002344, 26.040446372740568 ], [ 92.07504921787995, 26.040604407975582 ], [ 92.075302215803333, 26.0407943831555 ], [ 92.075672209410968, 26.041142390116274 ], [ 92.076052201267714, 26.041543398470619 ], [ 92.076269261189836, 26.041717339628018 ], [ 92.076369197866867, 26.041797404451842 ], [ 92.076961193927303, 26.042061447924237 ], [ 92.077616189736943, 26.042462430536496 ], [ 92.077867187112176, 26.042647435769226 ], [ 92.078015185453552, 26.042753438745002 ], [ 92.078215185470086, 26.042827473780786 ], [ 92.078448184200255, 26.042911478941683 ], [ 92.078701184818584, 26.042985452537735 ], [ 92.078997185094579, 26.043038489800953 ], [ 92.079493188082083, 26.043080469714404 ], [ 92.079969190978105, 26.043080480206747 ], [ 92.080296193911181, 26.043070486643284 ], [ 92.08063419761325, 26.043027524480074 ], [ 92.080877199084128, 26.043048530179203 ], [ 92.081152200342046, 26.043080505226975 ], [ 92.081427199803358, 26.043196541719986 ], [ 92.081596196264471, 26.043376545797202 ], [ 92.081870189612673, 26.043692550851716 ], [ 92.082134185610045, 26.043925524847328 ], [ 92.082504183709275, 26.044115532580008 ], [ 92.083191181102578, 26.044442547643811 ], [ 92.084015177864927, 26.044780564079698 ], [ 92.084363174426215, 26.044991602411674 ], [ 92.084691172692672, 26.045181609223707 ], [ 92.085120170343089, 26.045398587809817 ], [ 92.085427169591441, 26.045504593947829 ], [ 92.085775171542608, 26.045557632492748 ], [ 92.08608217348592, 26.045578638545628 ], [ 92.086378174660254, 26.045609613730097 ], [ 92.08666317596392, 26.045673620530209 ], [ 92.08701117432183, 26.045810658046857 ], [ 92.087656138644689, 26.046158671103164 ], [ 92.088733166568076, 26.046612693911978 ], [ 92.089695159829418, 26.047130683034482 ], [ 92.090614153433037, 26.047636733262937 ], [ 92.09150715248731, 26.047969720511158 ], [ 92.092384149851455, 26.048296770019999 ], [ 92.093441147140624, 26.048729791976584 ], [ 92.094634145770527, 26.049119816892212 ], [ 92.095469145996773, 26.049362802991755 ], [ 92.095987146928962, 26.049489783457116 ], [ 92.096483148119844, 26.049584855891645 ], [ 92.09765115561855, 26.049626881077479 ], [ 92.098095157829206, 26.049679858842012 ], [ 92.098507130608382, 26.049658868051072 ], [ 92.09878116527905, 26.049584904315196 ], [ 92.099066170176002, 26.049510880003176 ], [ 92.099373173915907, 26.049447917213012 ], [ 92.099626176330858, 26.049426923152271 ], [ 92.099890176819812, 26.04943692908687 ], [ 92.100207177012223, 26.049542934801437 ], [ 92.100440176640717, 26.049626939992763 ], [ 92.100683176314945, 26.049721913854935 ], [ 92.100936175136624, 26.04983888803185 ], [ 92.101264208437357, 26.049869925848107 ], [ 92.101517148868538, 26.049827932224673 ], [ 92.101781184391783, 26.049753967788437 ], [ 92.102098187279154, 26.049721944523164 ], [ 92.102474189717739, 26.049724983097935 ], [ 92.102812161978747, 26.049735990566433 ], [ 92.103098191853434, 26.049809965505784 ], [ 92.103288190925923, 26.049925969512319 ], [ 92.103520189831173, 26.050042004879234 ], [ 92.103805189338217, 26.050147980185507 ], [ 92.104196190048782, 26.050222019429253 ], [ 92.104555192768942, 26.050253027283055 ], [ 92.105020194895985, 26.050263974172886 ], [ 92.105453197235974, 26.05029601504528 ], [ 92.105918230804036, 26.050380056014337 ], [ 92.106309200073568, 26.050496032823919 ], [ 92.106901197930625, 26.050718076313515 ], [ 92.107302197788627, 26.050876054122099 ], [ 92.107598196268029, 26.051003091055708 ], [ 92.107820227466888, 26.051066095784108 ], [ 92.108115197375284, 26.051108071208866 ], [ 92.108422229861304, 26.051130107675412 ], [ 92.108813202724093, 26.051087116183837 ], [ 92.109235208786671, 26.051013094434644 ], [ 92.109846217690105, 26.050830138592552 ], [ 92.11065599232488, 26.050578164163365 ], [ 92.111384257424049, 26.050198571252636 ], [ 92.111701269294556, 26.049945589872916 ], [ 92.111870287315242, 26.049807609704082 ], [ 92.112007255243242, 26.049744538927513 ], [ 92.11200854702065, 26.049744404148797 ], [ 92.112011262627732, 26.049743154822657 ], [ 92.112212265164146, 26.049722159200694 ], [ 92.112399449814831, 26.049680786152422 ], [ 92.112557300878223, 26.049575588428997 ], [ 92.112757287420052, 26.049396631749758 ], [ 92.112916297310178, 26.049153601331959 ], [ 92.113117265710585, 26.048931591196549 ], [ 92.113423328914408, 26.048752563319475 ], [ 92.11374026352982, 26.048519617478792 ], [ 92.114427332788338, 26.047960619177367 ], [ 92.114765296066196, 26.047780610032255 ], [ 92.115134323086608, 26.047590590483992 ], [ 92.115388378327069, 26.047421620739495 ], [ 92.115726338011683, 26.047252623310879 ], [ 92.116032324858708, 26.047115656081257 ], [ 92.116318365513152, 26.046978656408541 ], [ 92.11693737032094, 26.046656647469209 ], [ 92.117307396267918, 26.046519618205174 ], [ 92.117308120310057, 26.046519479387332 ], [ 92.117311387482729, 26.046518269573756 ], [ 92.117755393286643, 26.046433279129957 ], [ 92.118146396692168, 26.046370287245963 ], [ 92.118568400059786, 26.046370296930956 ], [ 92.118854402086697, 26.046391302838245 ], [ 92.119223404852605, 26.046412310355937 ], [ 92.119593407443389, 26.046391318172791 ], [ 92.119876128822852, 26.046317948001587 ], [ 92.120086447787088, 26.046223688877873 ], [ 92.120265400276523, 26.046044683498987 ], [ 92.120392484939757, 26.045780777323507 ], [ 92.120476463045776, 26.045516788231026 ], [ 92.120571412276362, 26.04528473263629 ], [ 92.12069843585418, 26.045072731973146 ], [ 92.121085492960646, 26.044584724558401 ], [ 92.121180480818765, 26.044479773268208 ], [ 92.121360434929755, 26.044331736713215 ], [ 92.121571477037776, 26.044236789153761 ], [ 92.121573596163529, 26.044236195938087 ], [ 92.121575447591326, 26.044235361400638 ], [ 92.121839482216259, 26.044161399892538 ], [ 92.122314487084012, 26.044161409577708 ], [ 92.122885519160647, 26.044309421327771 ], [ 92.12421648464516, 26.04480544915717 ], [ 92.12529351616179, 26.045111440022009 ], [ 92.126117480584782, 26.04549148926866 ], [ 92.126688478525466, 26.045755468733066 ], [ 92.127216478605092, 26.045924479619146 ], [ 92.127755480351979, 26.045998523144654 ], [ 92.12822048427563, 26.046008533407328 ], [ 92.128801487651955, 26.045998545743029 ], [ 92.129350524478866, 26.045966557770615 ], [ 92.129907499717959, 26.045872537261481 ], [ 92.130590590338116, 26.045641876209253 ], [ 92.131762550424071, 26.044987010064059 ], [ 92.132090572046693, 26.044787039381887 ], [ 92.132280580102318, 26.044670915682726 ], [ 92.132407556069424, 26.044597023052336 ], [ 92.132409719212632, 26.044596690529769 ], [ 92.132411552674142, 26.044595623551903 ], [ 92.132548554738108, 26.044574627008029 ], [ 92.132643552477731, 26.044658596212091 ], [ 92.132740643291953, 26.044852223371102 ], [ 92.132823545216255, 26.04501759961542 ], [ 92.133245529719289, 26.045756639814421 ], [ 92.133605511603108, 26.046516615865926 ], [ 92.133763502803689, 26.046896650065314 ], [ 92.133805493653313, 26.047255651457693 ], [ 92.133816480049248, 26.047783618795698 ], [ 92.1337954702514, 26.048163618219078 ], [ 92.133743455999806, 26.048710648388127 ], [ 92.133743450609913, 26.048889648889023 ], [ 92.13379644492349, 26.049122648874615 ], [ 92.133944439671595, 26.049385651689452 ], [ 92.13417643318698, 26.049702656633212 ], [ 92.134324428833381, 26.049945628611642 ], [ 92.134408421312457, 26.050230630705151 ], [ 92.134451414681934, 26.0504946624478 ], [ 92.134451409292055, 26.050716630884232 ], [ 92.134419430166261, 26.051064629375812 ], [ 92.13434539191887, 26.051339659294264 ], [ 92.134271384214173, 26.051634658095814 ], [ 92.134197372017923, 26.052067624141124 ], [ 92.134250363636525, 26.052405625853801 ], [ 92.134366356800982, 26.052700659096114 ], [ 92.13452535141974, 26.052943631316001 ], [ 92.134778348444783, 26.053176635348272 ], [ 92.135319339061695, 26.053648677810749 ], [ 92.136132324275295, 26.054461694509524 ], [ 92.136872316880499, 26.054978710379125 ], [ 92.137284313015854, 26.055253718200166 ], [ 92.137590310642679, 26.055432724848728 ], [ 92.137939309723805, 26.055517701503934 ], [ 92.138277313425874, 26.055496707723449 ], [ 92.138625318072016, 26.05541171652666 ], [ 92.139048323061203, 26.055369724888848 ], [ 92.139544326947004, 26.055358766370603 ], [ 92.140083329592215, 26.055453777553069 ], [ 92.140526327486356, 26.055635786808821 ], [ 92.140853325029553, 26.055825794121212 ], [ 92.141149321712319, 26.056016768736587 ], [ 92.141371317876903, 26.056248803891741 ], [ 92.141825341692837, 26.056660782721881 ], [ 92.142005309278545, 26.056786817535063 ], [ 92.142205309295093, 26.056839790449086 ], [ 92.142405626416945, 26.056807934556861 ], [ 92.142592296332964, 26.05673514711135 ], [ 92.142793275513171, 26.056619255562882 ], [ 92.142962356415964, 26.056503175059099 ], [ 92.14296621198514, 26.056501883033363 ], [ 92.142966323376243, 26.056501807174271 ], [ 92.143124325356624, 26.056448841370536 ], [ 92.143304327976608, 26.0564388449117 ], [ 92.143441328243995, 26.056459848207549 ], [ 92.143631294078787, 26.05666082065137 ], [ 92.143843316248791, 26.057040855854208 ], [ 92.144255295316185, 26.057958864999197 ], [ 92.144582306334115, 26.058845839590962 ], [ 92.144836264556503, 26.05932084508828 ], [ 92.145156251647236, 26.059875881767663 ], [ 92.145409243282387, 26.06028788658034 ], [ 92.145620239576317, 26.06051989068197 ], [ 92.145853235611582, 26.060730865167276 ], [ 92.146043233785733, 26.060836900208134 ], [ 92.14629720188961, 26.060963936027534 ], [ 92.146709235754216, 26.061015913659979 ], [ 92.147036235992388, 26.061079890258082 ], [ 92.147363234433882, 26.06120592758062 ], [ 92.147617232182156, 26.061364902394537 ], [ 92.147987226688144, 26.061702909569298 ], [ 92.148388213071385, 26.06236791794008 ], [ 92.148716201456352, 26.062905924466644 ], [ 92.149226154381907, 26.06363293383648 ], [ 92.149775176835789, 26.064107976411979 ], [ 92.150525167690063, 26.064708961042658 ], [ 92.151265152210428, 26.065565006620837 ], [ 92.151825132314144, 26.06645101823667 ], [ 92.152163122541467, 26.066916024768837 ], [ 92.152575082744249, 26.067380033694889 ], [ 92.152934140261621, 26.067644010656362 ], [ 92.153283141139397, 26.06777101730659 ], [ 92.153589110020121, 26.067813023866041 ], [ 92.153916114749833, 26.0677390610991 ], [ 92.154223119388078, 26.067644037285213 ], [ 92.154641124354399, 26.067578076790177 ], [ 92.154916127408967, 26.067567083101753 ], [ 92.155106126481456, 26.067630086992992 ], [ 92.155286124609859, 26.067799090539584 ], [ 92.155465118421816, 26.068074094089571 ], [ 92.155698112660417, 26.068359067421621 ], [ 92.155994107546533, 26.068665074252003 ], [ 92.156268101793032, 26.068929110450444 ], [ 92.156553097706805, 26.06916108614092 ], [ 92.156786092843717, 26.069404121056557 ], [ 92.156976056881931, 26.069668094262841 ], [ 92.157092080589067, 26.069995096928331 ], [ 92.157166073022381, 26.070312097757281 ], [ 92.157240069947306, 26.070470098369309 ], [ 92.157335097331298, 26.070587101054809 ], [ 92.157504065944678, 26.070650104935257 ], [ 92.157789067248345, 26.07069217340133 ], [ 92.158138070821082, 26.070671118593879 ], [ 92.158571076754313, 26.070587127682998 ], [ 92.15889907951231, 26.070597165701034 ], [ 92.159152077435678, 26.070703170024082 ], [ 92.159458075062474, 26.070914177003957 ], [ 92.159934067178696, 26.071357186413511 ], [ 92.1604800587168, 26.071829166921578 ], [ 92.161357045301145, 26.072589248224702 ], [ 92.161716010292054, 26.072832161446147 ], [ 92.162023040981438, 26.072948229803952 ], [ 92.16229704061783, 26.073043235596781 ], [ 92.162730038466222, 26.0732862140419 ], [ 92.163142032804998, 26.073613253403956 ], [ 92.163511996768236, 26.073909260412716 ], [ 92.163797024123056, 26.074099235665496 ], [ 92.164188021240349, 26.074363274942471 ], [ 92.164621019088784, 26.074574283395847 ], [ 92.164943019304033, 26.074664290820877 ], [ 92.165154018292895, 26.074748294945064 ], [ 92.165429050093579, 26.074843269422594 ], [ 92.165693016446539, 26.075002337883671 ], [ 92.166031042606477, 26.075308282169082 ], [ 92.166537998752261, 26.075899323455541 ], [ 92.166950460214963, 26.076321800819358 ], [ 92.167329984947784, 26.076712309183051 ], [ 92.167752980055496, 26.077007348988044 ], [ 92.168143980766075, 26.077124358051297 ], [ 92.168460978263511, 26.077250332116659 ], [ 92.168692975372139, 26.077430337134977 ], [ 92.168903970767758, 26.077694372934079 ], [ 92.169062967183166, 26.07787337595083 ], [ 92.169273965273746, 26.078031380883491 ], [ 92.169484964262622, 26.078095353835035 ], [ 92.169748966548198, 26.078105358934927 ], [ 92.170034096310943, 26.078095394985052 ], [ 92.170273961763186, 26.077990808558827 ], [ 92.170420935126842, 26.077853806258641 ], [ 92.170633016585612, 26.077684769618212 ], [ 92.170636084332287, 26.077684128159937 ], [ 92.170636983545933, 26.077683410049417 ], [ 92.170889987757477, 26.077630383626062 ], [ 92.171248990477636, 26.077630390887855 ], [ 92.171692990891628, 26.077746431896909 ], [ 92.172061018985431, 26.077981408596965 ], [ 92.172377986838498, 26.078097414562951 ], [ 92.172768988447373, 26.078150423023764 ], [ 92.173138991936483, 26.078140462305193 ], [ 92.173476994740227, 26.078097437961986 ], [ 92.173919998922599, 26.078055479469228 ], [ 92.174375001003909, 26.078150456912002 ], [ 92.174892002111164, 26.07827746749733 ], [ 92.175368003210565, 26.078361540839712 ], [ 92.175949006586848, 26.078414490280093 ], [ 92.176287007593956, 26.078435497704152 ], [ 92.176762008868451, 26.078551539528853 ], [ 92.177259010782521, 26.078646517376004 ], [ 92.177660011538848, 26.07872055797371 ], [ 92.178009012416624, 26.078773533071182 ], [ 92.17838901505317, 26.078784574119005 ], [ 92.178737063716724, 26.078731694235827 ], [ 92.178913025714564, 26.078658954301964 ], [ 92.179135059608427, 26.078479941997216 ], [ 92.179283065136303, 26.078299965219188 ], [ 92.179378070062427, 26.077940945988477 ], [ 92.179389083407813, 26.077602934843913 ], [ 92.179378028739919, 26.07720196677997 ], [ 92.179220087844982, 26.076737964496978 ], [ 92.179093066063842, 26.076462901412615 ], [ 92.178934119954079, 26.076166983161141 ], [ 92.178786059628933, 26.07597692734813 ], [ 92.178617082930757, 26.075818980158644 ], [ 92.178121114079246, 26.075723987914369 ], [ 92.177308128865647, 26.075514976142081 ], [ 92.176906098640018, 26.075367975294288 ], [ 92.17668405935629, 26.075229944376972 ], [ 92.176494081843387, 26.075092908991309 ], [ 92.176378133594724, 26.074944920793673 ], [ 92.176283075667968, 26.074744964119645 ], [ 92.176262064073484, 26.074554908418946 ], [ 92.176262069463377, 26.074353869041115 ], [ 92.176293095476652, 26.074184873340201 ], [ 92.176399112849836, 26.073984890354563 ], [ 92.176536139168363, 26.073794924598985 ], [ 92.176801117922651, 26.073509908012092 ], [ 92.177023126663656, 26.072743939088948 ], [ 92.17700219951081, 26.072352934962005 ], [ 92.176854134694082, 26.072046876443146 ], [ 92.176674207532571, 26.071793896243246 ], [ 92.176495153533523, 26.07159291909834 ], [ 92.176315216490508, 26.071423893591568 ], [ 92.176188224353737, 26.0712759322263 ], [ 92.17610423546796, 26.071096891688086 ], [ 92.176114156461963, 26.070927955839551 ], [ 92.1761672334205, 26.070705915145041 ], [ 92.176315239846716, 26.070536865764378 ], [ 92.176569242086572, 26.070346934760924 ], [ 92.176854214644152, 26.070030886190111 ], [ 92.177150216716782, 26.069681951516372 ], [ 92.177466231457331, 26.069417896842165 ], [ 92.177805287086585, 26.069206963017148 ], [ 92.178069277694064, 26.069037940522069 ], [ 92.17807201486076, 26.069037343397316 ], [ 92.178073267112254, 26.069036542927364 ], [ 92.178316270379781, 26.068983579562918 ], [ 92.17860127258173, 26.068994585222288 ], [ 92.178780269986945, 26.06911058879512 ], [ 92.178918264689315, 26.069342591561504 ], [ 92.179104255479018, 26.069765596100709 ], [ 92.179357242622586, 26.070335569343964 ], [ 92.179632225015894, 26.071085605421175 ], [ 92.179769220791641, 26.071306608516831 ], [ 92.179906218364067, 26.071454611802597 ], [ 92.180075215723505, 26.071591614328476 ], [ 92.180361215953781, 26.071676588945671 ], [ 92.180593216655708, 26.071707593542367 ], [ 92.180758501278092, 26.071666528426761 ], [ 92.180853223234891, 26.071498014606178 ], [ 92.180864234783641, 26.07126598302651 ], [ 92.180906264260855, 26.070960013654769 ], [ 92.180991220632208, 26.070527002034833 ], [ 92.181054244635916, 26.07028398155315 ], [ 92.181202262740214, 26.070040992037001 ], [ 92.181286275880566, 26.069862004481244 ], [ 92.181508296299654, 26.069681994283179 ], [ 92.181512276734665, 26.069680646725264 ], [ 92.181819282271221, 26.06957565335642 ], [ 92.182146286102636, 26.069480660888779 ], [ 92.182537291304769, 26.069427668675953 ], [ 92.18302329604316, 26.069385646557155 ], [ 92.183435300263383, 26.069343655893277 ], [ 92.183826304567205, 26.069290696702346 ], [ 92.184924313542354, 26.069279719313133 ], [ 92.185801317194674, 26.069427738071308 ], [ 92.186255315857792, 26.069554683881911 ], [ 92.186896317711955, 26.069720728901018 ], [ 92.187287200743199, 26.06977375325803 ], [ 92.187537246802549, 26.069680124647427 ], [ 92.187716353802202, 26.069553124909017 ], [ 92.18776932296295, 26.069427129651629 ], [ 92.187769299606728, 26.069311128006134 ], [ 92.18757931311066, 26.069163092962121 ], [ 92.18739936708451, 26.069089139116997 ], [ 92.187114308288656, 26.069004120662203 ], [ 92.186882324654761, 26.068909109978598 ], [ 92.186671369683353, 26.068825141204915 ], [ 92.186533360607896, 26.068719103711786 ], [ 92.186428299042163, 26.068593122081815 ], [ 92.186343313924723, 26.068413088146304 ], [ 92.186301314091935, 26.06819213204075 ], [ 92.186311368934909, 26.067906110903319 ], [ 92.186396385493381, 26.067664114631903 ], [ 92.186480331260086, 26.067505164505402 ], [ 92.186628365534048, 26.067389093980559 ], [ 92.186808408578216, 26.067305161236195 ], [ 92.186977351140442, 26.067241115413552 ], [ 92.186978103030356, 26.067240975813334 ], [ 92.186981382779464, 26.067239733129206 ], [ 92.187319386481505, 26.067176739518185 ], [ 92.187625389498209, 26.06715577768356 ], [ 92.187963390505331, 26.067208753171705 ], [ 92.188344389373512, 26.067408761447183 ], [ 92.189252374123356, 26.068200780728699 ], [ 92.190224363837203, 26.068918832632363 ], [ 92.190805360026971, 26.069245843845351 ], [ 92.191101357608034, 26.069372819709272 ], [ 92.191386359810025, 26.069404856163253 ], [ 92.191593931726118, 26.069352691819347 ], [ 92.191773363017589, 26.069194219262926 ], [ 92.191889345402231, 26.069015223957631 ], [ 92.192026382500529, 26.068783264923709 ], [ 92.192153381823815, 26.068572283960769 ], [ 92.19226940283599, 26.068339304089871 ], [ 92.19237540853112, 26.068160252606631 ], [ 92.192491395407316, 26.067980264000884 ], [ 92.192618408205362, 26.06787526265218 ], [ 92.192621607106091, 26.067874516238831 ], [ 92.192622409301634, 26.067873852132653 ], [ 92.1927594113656, 26.067841856413501 ], [ 92.192960413902014, 26.067820890663221 ], [ 92.193182414558166, 26.067873865043591 ], [ 92.193389410654149, 26.06806386864702 ], [ 92.19394939884269, 26.068644880072345 ], [ 92.194234395654803, 26.068866886749028 ], [ 92.194392394940223, 26.068971889629474 ], [ 92.194709424777045, 26.069087927115682 ], [ 92.195037395195712, 26.069140903343701 ], [ 92.19545939856333, 26.069140912219865 ], [ 92.195871402783567, 26.069077951908412 ], [ 92.196262439426732, 26.069024929657115 ], [ 92.196558410058344, 26.069024935305602 ], [ 92.196790409861947, 26.069077971274606 ], [ 92.197023407693806, 26.069236006635517 ], [ 92.197319405274868, 26.069393951407832 ], [ 92.197509406143979, 26.069446986402806 ], [ 92.197836408178787, 26.069467993014996 ], [ 92.198164410936769, 26.069468000277308 ], [ 92.198533412804352, 26.069457976687069 ], [ 92.199101416660184, 26.069511020529177 ], [ 92.199333415565462, 26.06961602525287 ], [ 92.199629414044821, 26.069743031378444 ], [ 92.199903412782902, 26.069901036792817 ], [ 92.200231411947641, 26.070018044081458 ], [ 92.200537412269398, 26.070070049973069 ], [ 92.200960415461964, 26.070081028095096 ], [ 92.201404037685236, 26.069996111225208 ], [ 92.20228746968175, 26.069670403670706 ], [ 92.202290038863453, 26.069669571735194 ], [ 92.202291436642028, 26.069669056919597 ], [ 92.203495455803861, 26.069279082650358 ], [ 92.20434046775398, 26.069110100605599 ], [ 92.204974475325301, 26.069015145685846 ], [ 92.205551481198597, 26.068896157198029 ], [ 92.205921486484343, 26.068823165041142 ], [ 92.206312492584786, 26.068727173793853 ], [ 92.206523496065259, 26.068664146284924 ], [ 92.206661497055833, 26.068654180724703 ], [ 92.206787494757577, 26.068770152357629 ], [ 92.206692489831454, 26.068949150458263 ], [ 92.206544486100171, 26.06905517805998 ], [ 92.206397479498889, 26.069234174918098 ], [ 92.206280472136484, 26.069488172528164 ], [ 92.206196463487771, 26.069804139450842 ], [ 92.206228426443886, 26.07006817066048 ], [ 92.20636545276237, 26.070279142473243 ], [ 92.206692450305582, 26.070469149436725 ], [ 92.207273449190325, 26.070702192851378 ], [ 92.20775944764047, 26.070871170985047 ], [ 92.208182449036414, 26.070934180361022 ], [ 92.208657452107531, 26.070955190741024 ], [ 92.209080457995015, 26.070892199935351 ], [ 92.209458309166479, 26.070797776602504 ], [ 92.209974502688269, 26.070555568439115 ], [ 92.210502514445977, 26.0702496294879 ], [ 92.211587466408488, 26.069637633797996 ], [ 92.211904486363835, 26.069458635135792 ], [ 92.212221486556246, 26.069257610409199 ], [ 92.212611485645255, 26.069099682398459 ], [ 92.212612536674129, 26.069099519399625 ], [ 92.212615530758981, 26.069098306591467 ], [ 92.213027535877515, 26.069034315813372 ], [ 92.213640540837503, 26.06902429783451 ], [ 92.21467555006349, 26.069024319621512 ], [ 92.215066552570647, 26.069003358924459 ], [ 92.215425555290807, 26.069003366993705 ], [ 92.21605956016721, 26.069024348670801 ], [ 92.216535563063189, 26.069066358815373 ], [ 92.216889562167211, 26.069195398179268 ], [ 92.217089528946104, 26.069321370285209 ], [ 92.217269559413879, 26.06944837430953 ], [ 92.217448587361787, 26.069585409038613 ], [ 92.21768152231158, 26.069744382970232 ], [ 92.217882550000809, 26.069934386766722 ], [ 92.218125546980133, 26.070134392001368 ], [ 92.218357545885382, 26.070261396757857 ], [ 92.218663547105464, 26.070314434587633 ], [ 92.218991580406183, 26.070314441042989 ], [ 92.219261700218865, 26.070220753959696 ], [ 92.219515515609132, 26.070104825722947 ], [ 92.219516835234259, 26.070104665953188 ], [ 92.219519558926237, 26.070103421685619 ], [ 92.219783561211827, 26.070071396719563 ], [ 92.219984561053266, 26.070124431407752 ], [ 92.220100559607587, 26.070250464646996 ], [ 92.220206553624593, 26.070472436003442 ], [ 92.220364549316756, 26.070726438997017 ], [ 92.220523547528785, 26.070842473937841 ], [ 92.220766097147077, 26.070863439147185 ], [ 92.220941534528791, 26.070790849252322 ], [ 92.221078574322036, 26.070537827607101 ], [ 92.221332594528164, 26.070072842717018 ], [ 92.221522598092236, 26.069713853936964 ], [ 92.221871626817801, 26.068942897588862 ], [ 92.221966567065209, 26.068784888461025 ], [ 92.22207163402085, 26.068678840441393 ], [ 92.222251600708233, 26.068615805644122 ], [ 92.222251759710048, 26.06861580080254 ], [ 92.222255617974199, 26.068614450004645 ], [ 92.222646621379724, 26.068603520160842 ], [ 92.223068624747341, 26.068603529037045 ], [ 92.224607636458401, 26.068633562098952 ], [ 92.225133646769649, 26.068591700273966 ], [ 92.225269606787919, 26.0685089005128 ], [ 92.22554362169565, 26.068296962036115 ], [ 92.225723653061749, 26.068022952343117 ], [ 92.225818679547444, 26.067800935997354 ], [ 92.225934680796698, 26.067610989259801 ], [ 92.226114707671201, 26.067462911719989 ], [ 92.226117358599637, 26.067462647851837 ], [ 92.226118678224779, 26.067461563329598 ], [ 92.226329680806913, 26.067440567654621 ], [ 92.226625682879572, 26.067472605444102 ], [ 92.226815681053722, 26.067578578704008 ], [ 92.227142673207055, 26.067947584838631 ], [ 92.227280671502669, 26.06805358752527 ], [ 92.227522196143198, 26.068021817796247 ], [ 92.227793663428841, 26.067896011327669 ], [ 92.228110642959976, 26.067706053447207 ], [ 92.228427715915913, 26.067527019555385 ], [ 92.228617729361474, 26.06738901247995 ], [ 92.228681708274308, 26.067199056197985 ], [ 92.228687700935552, 26.066561029553839 ], [ 92.228687734173235, 26.066254006124684 ], [ 92.2287617427762, 26.065979967443845 ], [ 92.228814746072928, 26.065779029545556 ], [ 92.228940732096575, 26.065536051663546 ], [ 92.229078774409658, 26.065378086356588 ], [ 92.229321784863686, 26.065241083824606 ], [ 92.229324407046008, 26.065240426966085 ], [ 92.229325760807143, 26.06523966358996 ], [ 92.229832736715821, 26.065112643704502 ], [ 92.230392772515088, 26.065091655677975 ], [ 92.231163778557161, 26.065102672193429 ], [ 92.232188785042425, 26.065133693862556 ], [ 92.23305079491432, 26.065047712262693 ], [ 92.23464581388842, 26.064772745989554 ], [ 92.235427794648288, 26.064572795348504 ], [ 92.236060834734076, 26.064413776470367 ], [ 92.236726842990777, 26.064266790737843 ], [ 92.237231291040246, 26.064151410988678 ], [ 92.237546849436612, 26.063983270468079 ], [ 92.237768881533796, 26.063761194012685 ], [ 92.237926896090613, 26.063508266121119 ], [ 92.238074908805032, 26.063170248015936 ], [ 92.238225861705388, 26.062798210383427 ], [ 92.238278903629634, 26.062703250346658 ], [ 92.238457875882034, 26.06258719927256 ], [ 92.238460235756264, 26.062586907956462 ], [ 92.238461900334499, 26.06258582823088 ], [ 92.238630902185534, 26.062564831681954 ], [ 92.238968936430297, 26.062585839528477 ], [ 92.239306904199765, 26.062680909408222 ], [ 92.239718903030081, 26.062860855318167 ], [ 92.240415865434827, 26.063335869552976 ], [ 92.240606893078336, 26.063504873646753 ], [ 92.240944890492202, 26.063715880683763 ], [ 92.241111721115189, 26.063736618798615 ], [ 92.241193917861992, 26.063664316607021 ], [ 92.241214915083418, 26.063527209586312 ], [ 92.24126790760036, 26.063273274904105 ], [ 92.241331898191305, 26.062988344072295 ], [ 92.241415950857487, 26.062724280763479 ], [ 92.24148988040875, 26.062534280603078 ], [ 92.24159593640951, 26.062450340345176 ], [ 92.241598419352954, 26.062450122463048 ], [ 92.241599928522632, 26.06244892653244 ], [ 92.24172596125868, 26.062437897662857 ], [ 92.241916927816717, 26.062532932962938 ], [ 92.242011923759705, 26.062743903823122 ], [ 92.242021915720628, 26.063060903296442 ], [ 92.242011908488365, 26.063335903445502 ], [ 92.242074935187006, 26.063514936480711 ], [ 92.242275903587426, 26.063588908370701 ], [ 92.242462002174932, 26.063527176500795 ], [ 92.242619917917054, 26.063400349236776 ], [ 92.242831942781976, 26.0632843755149 ], [ 92.242833862481746, 26.063284107602545 ], [ 92.242835916928797, 26.063282984307296 ], [ 92.243215921361966, 26.063229928767999 ], [ 92.243500922665632, 26.063240934161016 ], [ 92.243796921145005, 26.063366973193432 ], [ 92.244067915018462, 26.063664978316144 ], [ 92.24420487575992, 26.064044981116687 ], [ 92.24435290105076, 26.064298984331376 ], [ 92.24453289828088, 26.064467987842612 ], [ 92.24472289735337, 26.064562928695779 ], [ 92.244923898991459, 26.064562932730578 ], [ 92.245089117138519, 26.064511185847554 ], [ 92.245257921360164, 26.06437432432616 ], [ 92.245373908236388, 26.064258386267767 ], [ 92.24553288488886, 26.064110354521034 ], [ 92.245711912836768, 26.064036361172416 ], [ 92.245712580285044, 26.064036361979348 ], [ 92.245715919322961, 26.064034981271146 ], [ 92.245948920748063, 26.064034986112894 ], [ 92.24624392030087, 26.064130024152128 ], [ 92.246560919594941, 26.064257030577849 ], [ 92.246835920852888, 26.064299036783634 ], [ 92.247283926854735, 26.064225014503695 ], [ 92.248317933560855, 26.064208068373929 ], [ 92.248751934827425, 26.064308045662315 ], [ 92.249235935424423, 26.064442087753402 ], [ 92.249619931072402, 26.064709094997202 ], [ 92.250520924234365, 26.065259082876491 ], [ 92.250838919760128, 26.065509089864737 ], [ 92.250991075504629, 26.065593185285959 ], [ 92.251171918049408, 26.065693096836288 ], [ 92.251455918629873, 26.065743133274282 ], [ 92.251719732269237, 26.065660112009322 ], [ 92.252052942560965, 26.065493524611792 ], [ 92.252335937926574, 26.065377544085834 ], [ 92.252336529018038, 26.065377518263393 ], [ 92.252339935429589, 26.065376121431981 ], [ 92.252723939162408, 26.065359160943611 ], [ 92.253090940481854, 26.065409137809958 ], [ 92.253358938473824, 26.065559173991343 ], [ 92.25357493568896, 26.0657261478237 ], [ 92.253791933627312, 26.06585915217175 ], [ 92.253999934039783, 26.065929156438155 ], [ 92.254169811748184, 26.065939121423252 ], [ 92.254349938335707, 26.065876194896298 ], [ 92.25449793937203, 26.065844197824482 ], [ 92.254741942464435, 26.065833172502337 ], [ 92.255027941796399, 26.065918209397847 ], [ 92.255366939933467, 26.06608718555756 ], [ 92.255759934903963, 26.066437224349396 ], [ 92.255971931022813, 26.066596228376429 ], [ 92.256257930354764, 26.066723203078226 ], [ 92.256489693901443, 26.066744127064059 ], [ 92.256624984674801, 26.066671572542219 ], [ 92.256836916114963, 26.066438672005603 ], [ 92.257196911473486, 26.066099648025869 ], [ 92.257200821839916, 26.06609834965041 ], [ 92.257200954790576, 26.066098223766904 ], [ 92.257486958614109, 26.066003261563605 ], [ 92.257751992165623, 26.066013266889737 ], [ 92.258037961853191, 26.066056242414685 ], [ 92.258313961139379, 26.066162278283912 ], [ 92.25867395919289, 26.066352254807004 ], [ 92.259282954073441, 26.066725299511699 ], [ 92.259526951775953, 26.06687330455247 ], [ 92.259770951275129, 26.066937277951645 ], [ 92.259992953727931, 26.066937282793276 ], [ 92.260236954125403, 26.067000319300885 ], [ 92.260491953495205, 26.0671272927577 ], [ 92.260734949576189, 26.067307329476655 ], [ 92.260936946547616, 26.067519302021584 ], [ 92.261105973551466, 26.067699337330996 ], [ 92.261328942591504, 26.067763310279016 ], [ 92.261570024362612, 26.067700111988191 ], [ 92.261759954264832, 26.067594802945987 ], [ 92.261886942808317, 26.067457693263485 ], [ 92.262013935843427, 26.067319770834771 ], [ 92.262108955142608, 26.067245779513513 ], [ 92.262110935029469, 26.06724593848022 ], [ 92.262112962527098, 26.067244358496222 ], [ 92.262250962619333, 26.067255361898198 ], [ 92.262409960831363, 26.067382364935177 ], [ 92.262600959728758, 26.067498337020517 ], [ 92.262780958755499, 26.067562372212347 ], [ 92.262971956754598, 26.067710376195357 ], [ 92.263130953169991, 26.067901348383828 ], [ 92.263246952622623, 26.067964381951754 ], [ 92.263416951603617, 26.068049354359275 ], [ 92.263649720365109, 26.068007401949036 ], [ 92.263910986382328, 26.06791272210635 ], [ 92.264069990882575, 26.067796806916689 ], [ 92.264196969544585, 26.067647779042495 ], [ 92.264454114989618, 26.067551773113934 ], [ 92.264454673741724, 26.067551697262004 ], [ 92.264458129560623, 26.067550407778931 ], [ 92.264603974640281, 26.067530411106322 ], [ 92.264921974657597, 26.067604386109057 ], [ 92.265586975004553, 26.067808431605791 ], [ 92.265787975744331, 26.067851435521682 ], [ 92.266031976141761, 26.067882410467607 ], [ 92.266264978465216, 26.067872415791257 ], [ 92.266508948319995, 26.067872419825942 ], [ 92.266646978056627, 26.067946453518768 ], [ 92.26677397558332, 26.068094425546082 ], [ 92.266815968229565, 26.068391456781246 ], [ 92.266890959589503, 26.068772459362435 ], [ 92.266943921563708, 26.069048459600388 ], [ 92.267027949975372, 26.069196460898489 ], [ 92.267197947159772, 26.069334465037254 ], [ 92.267345946399416, 26.069387437119175 ], [ 92.267568660317949, 26.069387441153761 ], [ 92.267829984725651, 26.069292822139079 ], [ 92.268073920444436, 26.069080830210083 ], [ 92.268327973888262, 26.068858869126839 ], [ 92.268507983694775, 26.068678870297717 ], [ 92.268698977202291, 26.068508857745559 ], [ 92.26889993931448, 26.068392879398445 ], [ 92.268902463580432, 26.068392379908921 ], [ 92.268903984428206, 26.068391501969295 ], [ 92.269115987733585, 26.06834950610741 ], [ 92.269433990445847, 26.068349512562829 ], [ 92.269698991658032, 26.068380518040364 ], [ 92.26997499184256, 26.068454493313116 ], [ 92.270239993953027, 26.06847652974503 ], [ 92.270386038458682, 26.068465647497174 ], [ 92.270500969814464, 26.068392944759783 ], [ 92.271062990890485, 26.067693896171097 ], [ 92.271561007002532, 26.067025938816514 ], [ 92.271794074903013, 26.066782921560215 ], [ 92.271910045609573, 26.066665968332355 ], [ 92.272091052546045, 26.066549974442324 ], [ 92.272094040342665, 26.066549222371915 ], [ 92.2720950581339, 26.066548570362379 ], [ 92.272349062170349, 26.066484575770403 ], [ 92.272614064280873, 26.066474550310939 ], [ 92.273509831942818, 26.066407810456855 ], [ 92.273583102130686, 26.06629199141809 ], [ 92.27349808377555, 26.066176011682725 ], [ 92.273276097492456, 26.06582598260059 ], [ 92.273085112069765, 26.065635985857156 ], [ 92.272894155393203, 26.065507916559948 ], [ 92.272629048179795, 26.065359974349899 ], [ 92.272280071556551, 26.065243927521678 ], [ 92.27159608082448, 26.064993937720448 ], [ 92.271395049542008, 26.064855885698776 ], [ 92.271193102876239, 26.064612930110506 ], [ 92.2710341217322, 26.064273866954228 ], [ 92.270801110425609, 26.063775907344375 ], [ 92.270610128596189, 26.063266966051089 ], [ 92.270377102916555, 26.062864967626496 ], [ 92.270165121170749, 26.062472915349055 ], [ 92.269974183358798, 26.062143891196978 ], [ 92.269858171329744, 26.061868959263489 ], [ 92.269622143480419, 26.060994897462134 ], [ 92.269452160669104, 26.060676900616407 ], [ 92.269187197186156, 26.060401936995774 ], [ 92.268933207522721, 26.060231837380563 ], [ 92.26843517613932, 26.060094895002944 ], [ 92.268011227020736, 26.060094913563645 ], [ 92.267565207193982, 26.060210821042073 ], [ 92.267110180858182, 26.060263851318123 ], [ 92.266813142129706, 26.060242843055224 ], [ 92.266198164469316, 26.060062780145852 ], [ 92.265933181223446, 26.059871856509147 ], [ 92.265562176112809, 26.059299793078722 ], [ 92.265234185032909, 26.058664756104644 ], [ 92.265106211935844, 26.058155766783543 ], [ 92.265075253296203, 26.057753795206125 ], [ 92.26471129367232, 26.055499854288993 ], [ 92.264456375150885, 26.054609798167107 ], [ 92.264244277522408, 26.054122768223223 ], [ 92.264181321790673, 26.053921766408749 ], [ 92.264160306602918, 26.053762775039903 ], [ 92.264181315502469, 26.053592803789194 ], [ 92.26424430806513, 26.053444803760634 ], [ 92.26439337360506, 26.053306809956482 ], [ 92.264584374299076, 26.053211821244403 ], [ 92.264586816818351, 26.053211150598866 ], [ 92.264588346649276, 26.053210389565436 ], [ 92.264821350769353, 26.053146394951007 ], [ 92.265118353565214, 26.053093431665886 ], [ 92.265605357230186, 26.053062410843918 ], [ 92.266135362349516, 26.053062422949441 ], [ 92.266538364552275, 26.05310443155475 ], [ 92.267025336776214, 26.053104441239157 ], [ 92.26738502041934, 26.053062605339456 ], [ 92.267636413951593, 26.052946846548192 ], [ 92.267954368154847, 26.052702819536467 ], [ 92.268283359059652, 26.052406850133341 ], [ 92.268484409206778, 26.052152842120723 ], [ 92.269338411496236, 26.05105292151336 ], [ 92.270048461456355, 26.049929878896268 ], [ 92.270217519002955, 26.049569903502505 ], [ 92.270323486070495, 26.049188936128147 ], [ 92.27040853586665, 26.048764892851729 ], [ 92.270440520382351, 26.048457938199906 ], [ 92.270418518844409, 26.047138907140901 ], [ 92.270185547962001, 26.046333920956808 ], [ 92.270005572291439, 26.045888858130926 ], [ 92.269729573903561, 26.045337957718122 ], [ 92.269613628349859, 26.045041901116068 ], [ 92.269539559559718, 26.044797874596298 ], [ 92.269091655965795, 26.044030887446308 ], [ 92.268890626479944, 26.043765906523969 ], [ 92.268646609014496, 26.043574912754735 ], [ 92.268455584065933, 26.043490891927153 ], [ 92.268095604877075, 26.043458916991273 ], [ 92.267862601655324, 26.043458909727356 ], [ 92.267491647748614, 26.043468854831659 ], [ 92.266961599510182, 26.043521866048945 ], [ 92.265642622043146, 26.043574838501467 ], [ 92.264900622601573, 26.043595800519089 ], [ 92.264519578817641, 26.043584742433808 ], [ 92.264179559296068, 26.043563782028411 ], [ 92.263628591091276, 26.043521795831179 ], [ 92.263172560438989, 26.043468735380635 ], [ 92.262770549976295, 26.043383721741481 ], [ 92.262346582891439, 26.043277740320235 ], [ 92.261622614434287, 26.042946794634581 ], [ 92.261389572584974, 26.042755755140206 ], [ 92.261103571456403, 26.042427677252377 ], [ 92.261018619576589, 26.042226741744198 ], [ 92.260976644896644, 26.041993707068197 ], [ 92.260976594590971, 26.041738770910563 ], [ 92.261071604008691, 26.041452723135951 ], [ 92.261241627244189, 26.041177712798962 ], [ 92.261813672620491, 26.040457714421724 ], [ 92.262862703649745, 26.039546778284716 ], [ 92.263413681735983, 26.039016784274363 ], [ 92.264445720233283, 26.038077764669161 ], [ 92.264763772352893, 26.037653826491219 ], [ 92.264901741004124, 26.037388848915207 ], [ 92.264954740707594, 26.036964825918044 ], [ 92.264922797514402, 26.036562847856811 ], [ 92.264869809489042, 26.036191818646987 ], [ 92.264774789291536, 26.035873836838643 ], [ 92.264636763148133, 26.035513748873257 ], [ 92.264435836968559, 26.035090779704021 ], [ 92.26356384681381, 26.033843790563875 ], [ 92.263288825792955, 26.033567771179658 ], [ 92.262980852770852, 26.033302777914948 ], [ 92.262662839278775, 26.033101827579305 ], [ 92.262239819916573, 26.03288977825412 ], [ 92.26128581716965, 26.032466749577836 ], [ 92.26043789647467, 26.031989731932118 ], [ 92.259467861494883, 26.031444737771558 ], [ 92.259074897067123, 26.031264700850816 ], [ 92.25874689880068, 26.031041664005066 ], [ 92.258513897375565, 26.030861632923223 ], [ 92.258248855739183, 26.030639731027126 ], [ 92.25803685423044, 26.030331616617833 ], [ 92.257866920826459, 26.030056668994732 ], [ 92.257696903879165, 26.029834621088071 ], [ 92.257506879653846, 26.029622671599796 ], [ 92.257304870106026, 26.029442617353236 ], [ 92.257050908290367, 26.029346614031493 ], [ 92.256806940232224, 26.02932558892709 ], [ 92.256414908255707, 26.029378640439688 ], [ 92.256054935355053, 26.029431584570986 ], [ 92.254967912775825, 26.029735628233357 ], [ 92.254638853599047, 26.029799651769586 ], [ 92.25431085802758, 26.029799584772334 ], [ 92.25398186622445, 26.029735596752722 ], [ 92.25358983065469, 26.029619554206008 ], [ 92.253313859216249, 26.029407607557982 ], [ 92.252677844808574, 26.02885652962869 ], [ 92.252541467073684, 26.028685656142756 ], [ 92.252381871482029, 26.028485503488266 ], [ 92.251395915660453, 26.027161479565567 ], [ 92.250353926524753, 26.026034500565228 ], [ 92.249537923870108, 26.025049516794578 ], [ 92.249293972879983, 26.024742487959649 ], [ 92.249007963666557, 26.02446647541538 ], [ 92.248795992700536, 26.024275434073775 ], [ 92.248509967317446, 26.024170492863192 ], [ 92.248149997111739, 26.024095496742827 ], [ 92.247673007865529, 26.02408543213954 ], [ 92.247358955943909, 26.024072421935262 ], [ 92.247227933964751, 26.024097468817299 ], [ 92.24706196662278, 26.024097415539813 ], [ 92.246808979479198, 26.024058453541603 ], [ 92.246402969716854, 26.02374741579575 ], [ 92.245821965442246, 26.023379403070319 ], [ 92.245588986474985, 26.023214428189295 ], [ 92.244652042735311, 26.022581399540616 ], [ 92.244401013919088, 26.022417412414509 ], [ 92.243906952190912, 26.021973384137205 ], [ 92.243632001238652, 26.021749416628698 ], [ 92.243377965761127, 26.021566363467649 ], [ 92.243158019552027, 26.021413368905044 ], [ 92.24302897027323, 26.021285315874895 ], [ 92.242955025450613, 26.021161341764273 ], [ 92.2429009917863, 26.021016347387416 ], [ 92.24289403792767, 26.02077735256832 ], [ 92.243120039680093, 26.020538404890846 ], [ 92.243302020390374, 26.020366389934711 ], [ 92.243417016424843, 26.020308403598644 ], [ 92.243606038130295, 26.020233380792384 ], [ 92.243607962321633, 26.020232792298891 ], [ 92.243610041023203, 26.020231967277816 ], [ 92.243839117708859, 26.020161897781261 ], [ 92.244037047108662, 26.020073412166841 ], [ 92.244039365660399, 26.020072760706075 ], [ 92.244041048204934, 26.020072008337507 ], [ 92.244375472120609, 26.019978021964871 ], [ 92.24454105228871, 26.01983835326163 ], [ 92.244615024959089, 26.019739436736423 ], [ 92.244724056180061, 26.019557379835721 ], [ 92.244749063480967, 26.019345364155143 ], [ 92.244736087316696, 26.019145336841135 ], [ 92.244599077167862, 26.018935362809991 ], [ 92.244458075804246, 26.018782422133985 ], [ 92.244293089422527, 26.018630349076449 ], [ 92.244165088477686, 26.018583368238708 ], [ 92.243998044055658, 26.018495379521863 ], [ 92.243870112281115, 26.0183863798201 ], [ 92.243752098805587, 26.018285376880691 ], [ 92.243671110292851, 26.018180414168409 ], [ 92.243623077374608, 26.018076346631553 ], [ 92.243582108807743, 26.017924380027122 ], [ 92.243476104909291, 26.017711317585579 ], [ 92.243306121199666, 26.01754233547296 ], [ 92.243154116372096, 26.017409377218208 ], [ 92.243047074919474, 26.017268347610617 ], [ 92.242734091094704, 26.016642365982499 ], [ 92.242462093803098, 26.016358380180414 ], [ 92.242272145934564, 26.016270359118764 ], [ 92.241976115115847, 26.016213378255795 ], [ 92.241725143791783, 26.016235353466577 ], [ 92.241478083732432, 26.016264298803335 ], [ 92.240897126170196, 26.016294289571427 ], [ 92.240631134116285, 26.016294337201426 ], [ 92.240439135393984, 26.016269315294647 ], [ 92.240334149286696, 26.016206292680387 ], [ 92.240219143370751, 26.016074248379127 ], [ 92.239995098149038, 26.015664305035401 ], [ 92.239435141401515, 26.014801309155931 ], [ 92.239113125914884, 26.014468305247011 ], [ 92.238723134910686, 26.01417321861382 ], [ 92.238168182677626, 26.013916261056188 ], [ 92.237382174770332, 26.013584237936772 ], [ 92.236692120410098, 26.01336122722784 ], [ 92.236016157921725, 26.013202203477004 ], [ 92.235757139489351, 26.013106226427862 ], [ 92.235512142860216, 26.013008246361625 ], [ 92.235309131690826, 26.012916174927646 ], [ 92.235176128028186, 26.012816259575207 ], [ 92.235069136881222, 26.0126821770316 ], [ 92.234989154481582, 26.012576221157037 ], [ 92.234915196184247, 26.012418209523357 ], [ 92.234839214880878, 26.012267229400464 ], [ 92.234679213250658, 26.011756237564541 ], [ 92.234629245361319, 26.010694156988038 ], [ 92.234597201556824, 26.010375135673385 ], [ 92.234546213181275, 26.010220224454788 ], [ 92.234398239094418, 26.010015239108473 ], [ 92.234265256093039, 26.009849240315294 ], [ 92.23407627301512, 26.009704160920659 ], [ 92.233916222875891, 26.009608162443381 ], [ 92.233735242888855, 26.009512144511596 ], [ 92.232896226294983, 26.009470140476566 ], [ 92.232589257589353, 26.009451178590158 ], [ 92.232331239880182, 26.009431121953597 ], [ 92.232085238934559, 26.009375109803809 ], [ 92.231880271234502, 26.009319133150093 ], [ 92.231723210688543, 26.009245085042437 ], [ 92.231374242150139, 26.009071076367118 ], [ 92.231053203132191, 26.008847021269265 ], [ 92.230649246020292, 26.008564117825106 ], [ 92.230330420451224, 26.008383792298158 ], [ 92.229875234215314, 26.008721684956729 ], [ 92.229715228991822, 26.008860743619888 ], [ 92.229619226935725, 26.008934679749782 ], [ 92.229513223935555, 26.009009677483235 ], [ 92.229363220554475, 26.009084674361471 ], [ 92.229139216655255, 26.009180669230052 ], [ 92.228990213997392, 26.009233666069097 ], [ 92.228990046910738, 26.009233674142489 ], [ 92.228986236257313, 26.009235029661216 ], [ 92.228794188127637, 26.009245019648159 ], [ 92.228603193721838, 26.009245084235111 ], [ 92.228421245350916, 26.009235086174801 ], [ 92.228208168558808, 26.009235031275896 ], [ 92.22796316653978, 26.009203030049655 ], [ 92.227696219576686, 26.009150057416896 ], [ 92.227462211140121, 26.009075053314369 ], [ 92.227259183801067, 26.009000032209848 ], [ 92.227057193117872, 26.008904976129131 ], [ 92.226822231568804, 26.008787085168382 ], [ 92.22657721068515, 26.008670041797188 ], [ 92.226353175344869, 26.008531986434026 ], [ 92.226087241681412, 26.008287001544865 ], [ 92.225863175798409, 26.008115994771899 ], [ 92.225468215314052, 26.007720009320149 ], [ 92.225378223885542, 26.00750900566819 ], [ 92.225267168760226, 26.007192989541402 ], [ 92.224967257219475, 26.006639983493894 ], [ 92.224777241977293, 26.006529009296585 ], [ 92.224556240247736, 26.006481964679285 ], [ 92.224336424294364, 26.006528511158237 ], [ 92.223990241431608, 26.006701592721523 ], [ 92.223435228113118, 26.007019550237935 ], [ 92.2233042249986, 26.007097546891181 ], [ 92.223027221395895, 26.007204541118707 ], [ 92.223026938426614, 26.007204522549664 ], [ 92.223023226587841, 26.007205956404832 ], [ 92.222853235691701, 26.007194931220493 ], [ 92.222682158732326, 26.00717388034936 ], [ 92.222533250397589, 26.007151955113056 ], [ 92.222352176087469, 26.007109906636824 ], [ 92.222096241571421, 26.007024935276835 ], [ 92.221296158860255, 26.006704936783255 ], [ 92.220471181137626, 26.006324857965417 ], [ 92.220208200236499, 26.00614686226513 ], [ 92.220066188268191, 26.005941894029117 ], [ 92.219860195590371, 26.0055939465603 ], [ 92.219702249305541, 26.005119873145791 ], [ 92.21954422037571, 26.004645889050316 ], [ 92.219307296906038, 26.004440859256778 ], [ 92.218690227069388, 26.004345806752088 ], [ 92.218218830734159, 26.004408527317135 ], [ 92.217793244885172, 26.004723431117096 ], [ 92.217476233912961, 26.005055424390722 ], [ 92.217097225711427, 26.00524541675831 ], [ 92.21709588003516, 26.005245461970695 ], [ 92.217093248869688, 26.005246780396714 ], [ 92.216650203364821, 26.00526180383185 ], [ 92.216333200477479, 26.005167824979523 ], [ 92.215938178907692, 26.005072790825217 ], [ 92.215511216839658, 26.005072822312467 ], [ 92.21461021379622, 26.00504075859223 ], [ 92.213945225127375, 26.004977744483526 ], [ 92.21355019008287, 26.004835760167971 ], [ 92.213123187590654, 26.004866749338724 ], [ 92.212775161384968, 26.004977788888674 ], [ 92.212411199066125, 26.005056692762203 ], [ 92.212079153889363, 26.005056690340098 ], [ 92.211826142491276, 26.00493073153946 ], [ 92.211209209198543, 26.004408738848106 ], [ 92.210807234668465, 26.003986676475719 ], [ 92.21063318248892, 26.003733679406377 ], [ 92.210506251437579, 26.003432732499039 ], [ 92.210427193404357, 26.002958628561792 ], [ 92.2104272077774, 26.002389626062868 ], [ 92.210364251147354, 26.001836709625508 ], [ 92.210035283598714, 26.001205696413891 ], [ 92.209861321250699, 26.000804648711846 ], [ 92.209861297894477, 26.000438673796882 ], [ 92.209966275018587, 25.999845689765706 ], [ 92.209966318137717, 25.999235702008416 ], [ 92.209843300147767, 25.998781670271647 ], [ 92.209564322048081, 25.998450641885132 ], [ 92.209006367645344, 25.998293672992677 ], [ 92.208570355949135, 25.998258607884907 ], [ 92.208013683442303, 25.998363161284555 ], [ 92.207632326146324, 25.998571220593576 ], [ 92.207195311031953, 25.998989241972854 ], [ 92.206620294927021, 25.999478198788086 ], [ 92.206009277938747, 25.999931216966964 ], [ 92.205451257060659, 26.000559172954755 ], [ 92.204962236677872, 26.001221162009355 ], [ 92.204526224083381, 26.001552184203685 ], [ 92.204523941464217, 26.001552270594406 ], [ 92.204522258021385, 26.001553547884988 ], [ 92.204051192266192, 26.00157153894942 ], [ 92.203650206781219, 26.001484563676996 ], [ 92.203353248002813, 26.001170486844686 ], [ 92.203196197338329, 26.000647562662742 ], [ 92.203029280477054, 25.999120546523965 ], [ 92.20283731229749, 25.998632546615632 ], [ 92.202366336373785, 25.997760513313711 ], [ 92.201493330224494, 25.996435516295421 ], [ 92.200761373947827, 25.99544151952394 ], [ 92.200447355263847, 25.995180424871126 ], [ 92.200098336419799, 25.995075490759945 ], [ 92.19978433390547, 25.995128460858577 ], [ 92.199260273836728, 25.995250410768211 ], [ 92.198336358363619, 25.995389461964713 ], [ 92.1980393160419, 25.995407404719824 ], [ 92.197707256492052, 25.99538940382962 ], [ 92.197463339637906, 25.995215444873899 ], [ 92.197393370758746, 25.994988376644049 ], [ 92.197393323148034, 25.994692365802834 ], [ 92.197411319098109, 25.994238382718486 ], [ 92.197393368962111, 25.993715411532524 ], [ 92.197236414417347, 25.993280499793869 ], [ 92.196992352934444, 25.992704365848816 ], [ 92.196538392000562, 25.992029386914332 ], [ 92.196346416634455, 25.991802362590015 ], [ 92.19625945612168, 25.991506410742073 ], [ 92.196346422922673, 25.991244373921166 ], [ 92.196974443222601, 25.990721379721105 ], [ 92.197759459389843, 25.990407425112448 ], [ 92.198579436191309, 25.990076419158882 ], [ 92.198858496037673, 25.989780418553611 ], [ 92.198858501427551, 25.989536495949867 ], [ 92.19875451334859, 25.989187459056495 ], [ 92.19849252688249, 25.988873385688482 ], [ 92.197934514987594, 25.988612467814654 ], [ 92.197114543576035, 25.98850744386073 ], [ 92.196485503688223, 25.988455383229724 ], [ 92.195805492492866, 25.988315379883254 ], [ 92.195107458397956, 25.988124358051273 ], [ 92.19418252333702, 25.987949402403849 ], [ 92.193519464249391, 25.987740331888574 ], [ 92.192734475929967, 25.987653352029994 ], [ 92.192158471678198, 25.987496308960008 ], [ 92.191827454174117, 25.987269314638535 ], [ 92.191100527564728, 25.986884291661337 ], [ 92.190367484326586, 25.986587249426325 ], [ 92.189268495289468, 25.985524249257818 ], [ 92.188797560688272, 25.98528021446106 ], [ 92.188501483157168, 25.985245241562787 ], [ 92.188082504417054, 25.985245239140273 ], [ 92.187805580764419, 25.985279972210577 ], [ 92.187545512201467, 25.985435836868479 ], [ 92.18700450182159, 25.985679824507237 ], [ 92.187002646800565, 25.985680271861579 ], [ 92.187000504318576, 25.985681238437667 ], [ 92.186494514760071, 25.985803244178111 ], [ 92.18601013237911, 25.985959023355004 ], [ 92.185399472920309, 25.98630676007949 ], [ 92.185397003451612, 25.986307234078762 ], [ 92.185395470925741, 25.986308105365357 ], [ 92.184941452499672, 25.986395191193594 ], [ 92.184540497557435, 25.98636115532025 ], [ 92.18392949494222, 25.986169125787963 ], [ 92.183511436975309, 25.9860471527271 ], [ 92.183092450150355, 25.986012108997297 ], [ 92.182691426936174, 25.986012100114834 ], [ 92.182237480375306, 25.986029125370759 ], [ 92.181522487884493, 25.985925056800131 ], [ 92.180998402662894, 25.985733056432846 ], [ 92.180702417658253, 25.985471118982659 ], [ 92.180522477920334, 25.984833030544966 ], [ 92.180488438957582, 25.984467045453044 ], [ 92.18041849253629, 25.983874085799062 ], [ 92.180243487244212, 25.983107113975059 ], [ 92.179894545655273, 25.981503030454753 ], [ 92.179668559174203, 25.979952002929458 ], [ 92.179441572868186, 25.979080016749869 ], [ 92.17910966154038, 25.978608976913609 ], [ 92.178403649507445, 25.978073070283301 ], [ 92.177775623817595, 25.977706959973411 ], [ 92.177234664641688, 25.977306045273117 ], [ 92.176693583294949, 25.976887974226845 ], [ 92.176048633345133, 25.976067949093427 ], [ 92.175577714913629, 25.975441017067251 ], [ 92.174600716193765, 25.974777977506953 ], [ 92.174024698467278, 25.974446903318277 ], [ 92.173117647965341, 25.974219918527275 ], [ 92.172419703701976, 25.974115905725142 ], [ 92.171913696177171, 25.974080872975495 ], [ 92.171337638924811, 25.97409788703785 ], [ 92.170273657234304, 25.974202828570245 ], [ 92.169757689189609, 25.97417883624334 ], [ 92.169286640502378, 25.974021853509516 ], [ 92.168902649345995, 25.973760831607454 ], [ 92.168414702449965, 25.973289864144306 ], [ 92.167890670228971, 25.972644819255212 ], [ 92.167471639386605, 25.972225790794738 ], [ 92.167070734750041, 25.97201684656892 ], [ 92.166739728924014, 25.971964838397604 ], [ 92.166268703593019, 25.971981715475302 ], [ 92.165570704532428, 25.971946728930334 ], [ 92.165256666983808, 25.971894724765992 ], [ 92.164942668062764, 25.97168573391912 ], [ 92.164575662251764, 25.971389681357238 ], [ 92.164174679461752, 25.970761762539901 ], [ 92.163528731483666, 25.969645758073792 ], [ 92.162915722930407, 25.968590694636625 ], [ 92.162531765910003, 25.967875665436306 ], [ 92.16218277671031, 25.967317734425585 ], [ 92.162130804679549, 25.966724690718781 ], [ 92.162112840170494, 25.965295628567727 ], [ 92.161903842628078, 25.963917729740277 ], [ 92.161590919888738, 25.961933666095423 ], [ 92.161555913440438, 25.960957684237698 ], [ 92.161659981469455, 25.960451665053707 ], [ 92.16192196613892, 25.960103728303068 ], [ 92.162950986296892, 25.959719694633012 ], [ 92.162952617637444, 25.959719221334275 ], [ 92.162954990986421, 25.959718335312488 ], [ 92.163911461405391, 25.959440385030089 ], [ 92.164224970744613, 25.959179718461247 ], [ 92.16422500937216, 25.958882714478207 ], [ 92.16413806862235, 25.958656706838756 ], [ 92.163893991868079, 25.958429700465476 ], [ 92.163401754618249, 25.958006357585148 ], [ 92.162759058541496, 25.957453771124854 ], [ 92.161950122034881, 25.956640139951617 ], [ 92.160021429238427, 25.955134013845257 ], [ 92.158160782028062, 25.954060493213106 ], [ 92.157381088378898, 25.953415549674943 ], [ 92.15708413229541, 25.952857547680168 ], [ 92.157084151160063, 25.952334586314283 ], [ 92.157171181741433, 25.951689629281752 ], [ 92.157222132387687, 25.950999593773627 ], [ 92.157240142710833, 25.950563580618248 ], [ 92.157117203772628, 25.950075562541098 ], [ 92.156629236215338, 25.949465623529004 ], [ 92.156088205174228, 25.948802563598296 ], [ 92.155251219671172, 25.947756545167639 ], [ 92.15458823694037, 25.947059546300508 ], [ 92.153994221467173, 25.946588543856159 ], [ 92.153436271555989, 25.946222469664811 ], [ 92.152860282575602, 25.945926521865779 ], [ 92.152668300022953, 25.945699531332071 ], [ 92.152546280061273, 25.945385473510573 ], [ 92.152459298887294, 25.945008518040918 ], [ 92.152494349353034, 25.944276504097374 ], [ 92.152582312385661, 25.94302048444192 ], [ 92.152564358656392, 25.942445509057677 ], [ 92.152564355961431, 25.941870549445763 ], [ 92.152355350334162, 25.941399535941045 ], [ 92.152285365285309, 25.940719537723908 ], [ 92.152494387082271, 25.940336461083429 ], [ 92.152931380637071, 25.940109538132958 ], [ 92.152933396456561, 25.940109160884923 ], [ 92.152935422157526, 25.940108107498585 ], [ 92.153771862383195, 25.939951263496539 ], [ 92.154414433594141, 25.939708535724737 ], [ 92.154920427644228, 25.939481559056503 ], [ 92.15518149513376, 25.938923557269977 ], [ 92.155286461478113, 25.938488502716567 ], [ 92.155600507111529, 25.938156587275312 ], [ 92.155932533423695, 25.937947550251089 ], [ 92.156049282071294, 25.937776617282879 ], [ 92.156158542362661, 25.937616564712091 ], [ 92.156403535398525, 25.937267544222863 ], [ 92.156791505193326, 25.937134571108469 ], [ 92.156791593228206, 25.937134571108469 ], [ 92.156795527849155, 25.937133222836813 ], [ 92.157214531742085, 25.937133230915116 ], [ 92.157580534134922, 25.93716820761324 ], [ 92.157877535134162, 25.937220214196632 ], [ 92.158207168334414, 25.937203373333585 ], [ 92.158431571085643, 25.937030632163744 ], [ 92.159147566096323, 25.936716660283693 ], [ 92.159792539402318, 25.936454633092605 ], [ 92.16008959969038, 25.936262715983677 ], [ 92.160124552239751, 25.936036689157845 ], [ 92.160089556571222, 25.935792653503231 ], [ 92.159827626699013, 25.935373703069768 ], [ 92.159496571465652, 25.934693636944914 ], [ 92.159356631012386, 25.93439762543937 ], [ 92.159321640733779, 25.934048690740223 ], [ 92.159356598673057, 25.93371767485857 ], [ 92.159408641670694, 25.933438665491803 ], [ 92.159792651691717, 25.933002608324419 ], [ 92.160194685510604, 25.9324976832125 ], [ 92.160298687962623, 25.932113714610473 ], [ 92.160298686166016, 25.931730677038097 ], [ 92.160141736112834, 25.930709659404918 ], [ 92.159984718686005, 25.930081698083796 ], [ 92.160123750942546, 25.929715717201681 ], [ 92.16054274225904, 25.929453638893733 ], [ 92.160856783400902, 25.929279692306135 ], [ 92.160944759908247, 25.928983647810025 ], [ 92.160909765138044, 25.928739702572727 ], [ 92.160664805339835, 25.928460688689711 ], [ 92.160403790850864, 25.928181670106625 ], [ 92.16028180861845, 25.927745656500932 ], [ 92.160228787355422, 25.927361680493505 ], [ 92.160402866484461, 25.926371739078547 ], [ 92.160437860356353, 25.925848706966846 ], [ 92.160367835781642, 25.925342670214111 ], [ 92.160158860697095, 25.924750698852332 ], [ 92.159949856866433, 25.92375664175751 ], [ 92.159739908008135, 25.923337630756848 ], [ 92.159495943543277, 25.923024676737793 ], [ 92.159024906534157, 25.922954599400637 ], [ 92.158692933222596, 25.922710644915952 ], [ 92.158378914538616, 25.922396650230358 ], [ 92.158082972653105, 25.921786657577204 ], [ 92.157541941611996, 25.920050591267223 ], [ 92.157174982513382, 25.918568667499947 ], [ 92.157001045318182, 25.917487603313798 ], [ 92.156949097541926, 25.91597058840237 ], [ 92.156826115484606, 25.91523855322426 ], [ 92.156564069729697, 25.914843610097961 ], [ 92.156442101870283, 25.91472166007814 ], [ 92.15628510420639, 25.914651596389241 ], [ 92.155988063681292, 25.914581618305302 ], [ 92.155726128419175, 25.914599592774145 ], [ 92.155500095225705, 25.914616602504545 ], [ 92.155133110974276, 25.91466862873574 ], [ 92.154819109358272, 25.914633577489081 ], [ 92.1545921257472, 25.914564547162854 ], [ 92.15450507001303, 25.914407592403869 ], [ 92.15450507809787, 25.914198606172427 ], [ 92.154453097083959, 25.913152554424506 ], [ 92.154453179728961, 25.912367611583402 ], [ 92.154575171842851, 25.911896545602332 ], [ 92.154906177668877, 25.911635593631022 ], [ 92.154908818715811, 25.911635269620295 ], [ 92.154910173375256, 25.911634202243295 ], [ 92.155765183574488, 25.911529189591572 ], [ 92.157597230222777, 25.911442228557288 ], [ 92.158278206208749, 25.911355273114886 ], [ 92.15906321069788, 25.911390259079273 ], [ 92.160214209494995, 25.91177328356536 ], [ 92.161331215143477, 25.911913306857102 ], [ 92.161994219433865, 25.911913320593179 ], [ 92.162692228375931, 25.911791335222805 ], [ 92.163425241071366, 25.911547351175425 ], [ 92.164599658049639, 25.911213147527398 ], [ 92.165941242519096, 25.910620801405344 ], [ 92.165943204439699, 25.910620323869203 ], [ 92.165945283141255, 25.910619405157561 ], [ 92.167446304200638, 25.910253436572756 ], [ 92.168440317910296, 25.91006145821515 ], [ 92.169163323373468, 25.910026504177296 ], [ 92.170105336306264, 25.909834493937531 ], [ 92.171204352292833, 25.909538516963551 ], [ 92.172040328987805, 25.909381946598135 ], [ 92.172579386430257, 25.909103934906678 ], [ 92.172928366646772, 25.908737963235627 ], [ 92.173381362790025, 25.908353987537971 ], [ 92.173385240817126, 25.908352697923224 ], [ 92.173385399818926, 25.90835256379038 ], [ 92.173752405629955, 25.908230603018207 ], [ 92.175095414827481, 25.90821359963903 ], [ 92.175741422992701, 25.908126645048394 ], [ 92.17616042419067, 25.908230653116078 ], [ 92.176561420455386, 25.908422661118593 ], [ 92.177102415563894, 25.908788641848247 ], [ 92.177398408653389, 25.909172647643832 ], [ 92.177503398353878, 25.909573680423424 ], [ 92.177468361362855, 25.909799679619777 ], [ 92.177276384200127, 25.910061644867209 ], [ 92.176892371484172, 25.910444667204068 ], [ 92.176648360306885, 25.91081066185988 ], [ 92.176586354094411, 25.910996629819035 ], [ 92.176499349564196, 25.91115365860669 ], [ 92.17649934776756, 25.911258627152272 ], [ 92.176708348004937, 25.911293662433884 ], [ 92.178593362017367, 25.91132770304614 ], [ 92.179832366966238, 25.911502697445783 ], [ 92.180495373053276, 25.911484712000785 ], [ 92.181280373050797, 25.911676728442021 ], [ 92.181908368197952, 25.912060804018772 ], [ 92.182428203489934, 25.9125480325878 ], [ 92.182990344041912, 25.913332794045118 ], [ 92.183426324297074, 25.914204771938127 ], [ 92.183810310961888, 25.91483277906098 ], [ 92.184350292770745, 25.915686820848578 ], [ 92.184822280197437, 25.916366830208659 ], [ 92.185310270212597, 25.916889839753793 ], [ 92.185729266020672, 25.917150818072525 ], [ 92.186130266777013, 25.917220794631771 ], [ 92.186636271606844, 25.917203867689832 ], [ 92.187069352100281, 25.917099550811802 ], [ 92.187539292266436, 25.916786231996891 ], [ 92.1882862710696, 25.916319267979112 ], [ 92.188932384337676, 25.915552292261424 ], [ 92.189141369303684, 25.9153432991709 ], [ 92.189143961841623, 25.9153432991709 ], [ 92.189145338958937, 25.915341921562618 ], [ 92.189372341434591, 25.915341926410495 ], [ 92.18958134167201, 25.915358931185938 ], [ 92.189895341491336, 25.915445937810869 ], [ 92.190785338375932, 25.915846925018876 ], [ 92.191500332663381, 25.916265970723448 ], [ 92.192512323458502, 25.916962961088334 ], [ 92.193210312637618, 25.917555975052196 ], [ 92.193664298724343, 25.918217984366589 ], [ 92.194065287802545, 25.91877602441452 ], [ 92.194414282392117, 25.91910699985252 ], [ 92.194746281754817, 25.919212038074029 ], [ 92.195146509061672, 25.919160147160159 ], [ 92.195614280694727, 25.918969448562517 ], [ 92.195980293867379, 25.918550433473214 ], [ 92.196259330357549, 25.917905425585904 ], [ 92.196364372160346, 25.917069423246442 ], [ 92.196382369008759, 25.916406448417845 ], [ 92.196190355015077, 25.915935497143838 ], [ 92.195736394979534, 25.915290487071129 ], [ 92.195389365005482, 25.914915451238318 ], [ 92.194186438195032, 25.91360744501992 ], [ 92.193976443522644, 25.913276409704583 ], [ 92.193959446499164, 25.913015418770716 ], [ 92.193959407871588, 25.912718410692332 ], [ 92.194029422564839, 25.912422424795697 ], [ 92.19423843897188, 25.912073407262746 ], [ 92.194604477297347, 25.91167245004743 ], [ 92.195232460766363, 25.911201447546453 ], [ 92.196070479332008, 25.910678434588167 ], [ 92.197274535324738, 25.910225513143228 ], [ 92.197277877955912, 25.910224332631174 ], [ 92.197278503183355, 25.910224097498375 ], [ 92.197515037682493, 25.910140541293636 ], [ 92.198276542243789, 25.90987148908803 ], [ 92.199114565300988, 25.909539481740808 ], [ 92.199115940621681, 25.909539177924849 ], [ 92.199118565498978, 25.909538138001619 ], [ 92.199903575377988, 25.909364154755085 ], [ 92.200983820168375, 25.909190462140415 ], [ 92.201155571762484, 25.909104509411847 ], [ 92.20127757645281, 25.908982495279524 ], [ 92.201365598774245, 25.908772547579225 ], [ 92.201434602862776, 25.90835449902049 ], [ 92.20162663572107, 25.907674605065889 ], [ 92.201888637458509, 25.907203543773836 ], [ 92.202115685748268, 25.907081566460914 ], [ 92.202117674618307, 25.907081281223476 ], [ 92.202119682352958, 25.907080202492761 ], [ 92.202363654902655, 25.907045176464031 ], [ 92.202590654683391, 25.907133213006269 ], [ 92.202939645679706, 25.90756818775661 ], [ 92.203201625857588, 25.908388193028543 ], [ 92.203305617529807, 25.908789194538233 ], [ 92.203654609424419, 25.909155202411451 ], [ 92.204195600041359, 25.909713212626443 ], [ 92.204561596145993, 25.909922252863588 ], [ 92.20484076918008, 25.909922257711695 ], [ 92.205203642740813, 25.90976663243061 ], [ 92.20555262565226, 25.909557661407462 ], [ 92.205918630740072, 25.909400600598044 ], [ 92.205919178712364, 25.909400725841493 ], [ 92.205922620158248, 25.909399249585078 ], [ 92.206149620837252, 25.909451254685354 ], [ 92.20649861902011, 25.909608293610749 ], [ 92.206969614706708, 25.909957271573813 ], [ 92.207620609420076, 25.910342284392193 ], [ 92.208231606645413, 25.91062132903831 ], [ 92.209208606263559, 25.910934317596574 ], [ 92.209825607828265, 25.911091362627435 ], [ 92.210244610822855, 25.911091371515546 ], [ 92.210679790679109, 25.910987577669466 ], [ 92.211723650107231, 25.91058772212569 ], [ 92.211724328335279, 25.910587637284227 ], [ 92.211727635033824, 25.91058637112631 ], [ 92.212285640640559, 25.910516382549925 ], [ 92.213367644332294, 25.910673437833445 ], [ 92.215129651134532, 25.91095244371953 ], [ 92.215897651413655, 25.911178458858132 ], [ 92.216303645904603, 25.911511467561141 ], [ 92.216617637639132, 25.911929474225982 ], [ 92.216844634724922, 25.91210450974889 ], [ 92.217263636821215, 25.912173488186948 ], [ 92.218013643845168, 25.912104533989016 ], [ 92.219112656238522, 25.911947526667507 ], [ 92.220281666257051, 25.911877551018982 ], [ 92.221555680349226, 25.911737578589157 ], [ 92.223193453740919, 25.911320186139005 ], [ 92.224290765623422, 25.91081502674308 ], [ 92.224936721686333, 25.910536007603689 ], [ 92.225337714357792, 25.910275085750666 ], [ 92.22552979662342, 25.909857049789661 ], [ 92.225494735377907, 25.909490069620443 ], [ 92.225302735757282, 25.909177049756732 ], [ 92.224866777960003, 25.908654096503625 ], [ 92.224186799104004, 25.908183008418071 ], [ 92.223610802038749, 25.907712024303486 ], [ 92.223086821920049, 25.907294037437001 ], [ 92.222877815394469, 25.907015046330017 ], [ 92.222791840333599, 25.906391048296236 ], [ 92.222791862791453, 25.905345017802119 ], [ 92.222703835080154, 25.904594982698793 ], [ 92.22232087429137, 25.903287985233234 ], [ 92.221971920126009, 25.902207041172069 ], [ 92.221744972447567, 25.901841016589106 ], [ 92.221081959174029, 25.901125990238029 ], [ 92.220610888028901, 25.900829971211913 ], [ 92.220226988500656, 25.900672902822649 ], [ 92.220017959517222, 25.900638014689847 ], [ 92.219706781306172, 25.900741016833894 ], [ 92.219288942528181, 25.900897538062058 ], [ 92.218782930511793, 25.901194558935774 ], [ 92.218084919773062, 25.901438543387084 ], [ 92.218084601769462, 25.901438609649347 ], [ 92.218080939338066, 25.901439888834691 ], [ 92.217661928258622, 25.901526912192175 ], [ 92.217190953233271, 25.90149187077736 ], [ 92.216719893766239, 25.901369891599167 ], [ 92.216311911303535, 25.901045853037171 ], [ 92.215980945901748, 25.900714917417069 ], [ 92.215456944223448, 25.899947804671363 ], [ 92.215334962889358, 25.899372897955686 ], [ 92.215299932186539, 25.898744836804028 ], [ 92.215543977499763, 25.897541872835056 ], [ 92.21559698888133, 25.896844865487889 ], [ 92.215475061446114, 25.896286841276599 ], [ 92.215195051182164, 25.896007906568542 ], [ 92.214758999960125, 25.895711877127521 ], [ 92.214183049607271, 25.895397846924613 ], [ 92.212746068546167, 25.895108753663752 ], [ 92.212206063381117, 25.89472575911628 ], [ 92.211019052022564, 25.894132781492853 ], [ 92.210722059108178, 25.894045763996225 ], [ 92.210391081129927, 25.89408079550028 ], [ 92.210129068612687, 25.894080813279071 ], [ 92.209937050127451, 25.894027768616724 ], [ 92.209763009625988, 25.893870732388187 ], [ 92.209711023222198, 25.893679695511356 ], [ 92.209728093009204, 25.893452744166101 ], [ 92.209728100195761, 25.893278691943387 ], [ 92.209030080473894, 25.892720681579839 ], [ 92.208472086545257, 25.892458725508508 ], [ 92.208071384029651, 25.892493611210593 ], [ 92.20777806702138, 25.892632332848766 ], [ 92.207673056659615, 25.893033298205946 ], [ 92.207516043724368, 25.893468326553492 ], [ 92.207272037937017, 25.893608289142314 ], [ 92.207270460495366, 25.893608281060995 ], [ 92.207268035942406, 25.89360967104507 ], [ 92.206909070951482, 25.893607708096628 ], [ 92.20657703385956, 25.893468672433649 ], [ 92.206089003420217, 25.893084676135086 ], [ 92.204990026061182, 25.891829595562665 ], [ 92.204536070517193, 25.89153361867703 ], [ 92.204205106013703, 25.891358653652375 ], [ 92.203733055704959, 25.891306681792763 ], [ 92.202983080121996, 25.891149544966346 ], [ 92.201692041158609, 25.890835597178249 ], [ 92.200855072723542, 25.890469612483081 ], [ 92.199564059811294, 25.889946476102988 ], [ 92.199005051684708, 25.889510607221656 ], [ 92.198360056819155, 25.888778515338018 ], [ 92.197480079743215, 25.887667496454185 ], [ 92.196328127833581, 25.886063503842276 ], [ 92.195665154984212, 25.885244454690969 ], [ 92.194496208746031, 25.884320402592259 ], [ 92.193676210385021, 25.883780420374652 ], [ 92.192699181122435, 25.883082388595874 ], [ 92.192368150143608, 25.882681345797902 ], [ 92.192019176215311, 25.882123392027427 ], [ 92.191600230712865, 25.881688364709525 ], [ 92.190972235565752, 25.881095362010068 ], [ 92.190054267838164, 25.880299331298666 ], [ 92.189216287001756, 25.879567296261555 ], [ 92.188396247318266, 25.878608313176521 ], [ 92.187716294513393, 25.877963277674809 ], [ 92.18733230784855, 25.877788248895655 ], [ 92.186651293235045, 25.877684226122916 ], [ 92.185971294616124, 25.877492278031355 ], [ 92.185447299226041, 25.877475254058748 ], [ 92.184802276512698, 25.877440216011045 ], [ 92.183877308214093, 25.877457224632096 ], [ 92.183424281528119, 25.87735320560904 ], [ 92.182970308017801, 25.877004170836539 ], [ 92.182359307199221, 25.87646313515738 ], [ 92.181661314426833, 25.875958168442942 ], [ 92.18041730676012, 25.875302153674088 ], [ 92.179754304266382, 25.87476207768545 ], [ 92.178760315709553, 25.87436113676441 ], [ 92.17806234719167, 25.874047087760808 ], [ 92.177643290298136, 25.873699046278002 ], [ 92.177364366995675, 25.873367055989441 ], [ 92.176928333739937, 25.872809025078084 ], [ 92.176561366556484, 25.872095116932325 ], [ 92.176265357297311, 25.871415103023082 ], [ 92.176125387199647, 25.870700044344616 ], [ 92.176108427007065, 25.869811000410415 ], [ 92.176160464614838, 25.869131065500667 ], [ 92.176318487256481, 25.8686310207156 ], [ 92.176702431700477, 25.868283018242249 ], [ 92.177191443100114, 25.867986075421086 ], [ 92.177435489311677, 25.867672124251179 ], [ 92.177470449047576, 25.867306071811711 ], [ 92.177278486257904, 25.86624306708319 ], [ 92.177260554986503, 25.865790140029542 ], [ 92.177348567426449, 25.865214135803374 ], [ 92.177627583255401, 25.864674150308119 ], [ 92.17776658317257, 25.864186092813121 ], [ 92.177749541233311, 25.863854050736787 ], [ 92.17759257411214, 25.863157132307535 ], [ 92.177609585508677, 25.86275613179799 ], [ 92.177732632244741, 25.862599117036527 ], [ 92.178082676964877, 25.862449074029314 ], [ 92.178083962454025, 25.862448850118177 ], [ 92.17808665111167, 25.86244769742034 ], [ 92.178783502125341, 25.862325914750567 ], [ 92.179164624961061, 25.862170103043916 ], [ 92.179339619473339, 25.861926082715797 ], [ 92.179339690440244, 25.861594137758946 ], [ 92.179304684890241, 25.860967152055821 ], [ 92.17928666827892, 25.86028709108443 ], [ 92.179443728824879, 25.859851131343898 ], [ 92.180019720500226, 25.859119086820627 ], [ 92.180176694807898, 25.858683126005921 ], [ 92.180124708404108, 25.858334095900833 ], [ 92.179862747989148, 25.858195125418106 ], [ 92.179497568453115, 25.858142259456027 ], [ 92.179029731243048, 25.858367751640653 ], [ 92.178627721678637, 25.858611742938006 ], [ 92.178209714915695, 25.858785733886645 ], [ 92.178208851634722, 25.858785767838125 ], [ 92.17820568327673, 25.858787085478838 ], [ 92.177975699292631, 25.85879607453662 ], [ 92.177731733031138, 25.858709111032493 ], [ 92.177609702289672, 25.858482098145501 ], [ 92.177626721771034, 25.85815115074973 ], [ 92.17767975740712, 25.857610155659128 ], [ 92.177836738002995, 25.856948146735999 ], [ 92.178289754807508, 25.856006151025436 ], [ 92.178394785830548, 25.855466080619383 ], [ 92.178342840749224, 25.854838096380924 ], [ 92.178080845299988, 25.853932135347534 ], [ 92.177777878588941, 25.852859111373142 ], [ 92.177568892724636, 25.852249105334888 ], [ 92.177394919596821, 25.85188313286141 ], [ 92.177097910512757, 25.851639057345682 ], [ 92.176556897437919, 25.851482069856178 ], [ 92.176068858913752, 25.851482100576089 ], [ 92.175457877858094, 25.851412098790501 ], [ 92.173817900000657, 25.850977034391263 ], [ 92.173032877545253, 25.85080203435686 ], [ 92.172543849077613, 25.850401040443327 ], [ 92.172421856963709, 25.850052961661646 ], [ 92.17242193242221, 25.849651954698501 ], [ 92.172578927391143, 25.849285966911403 ], [ 92.172907891346497, 25.84847102190913 ], [ 92.17294291126953, 25.848191996920342 ], [ 92.172924942268907, 25.847947967951992 ], [ 92.172802957341545, 25.84759898781002 ], [ 92.172645977643924, 25.847371951974882 ], [ 92.172314981699415, 25.846953981929193 ], [ 92.171896000264383, 25.846292035421509 ], [ 92.171687022484875, 25.845734019778035 ], [ 92.171598992078614, 25.845070979869501 ], [ 92.171460065823297, 25.843328036286746 ], [ 92.171320100217216, 25.842159964753311 ], [ 92.171163126807812, 25.841531919558236 ], [ 92.170772127893898, 25.840541974637837 ], [ 92.170335164881791, 25.839878928265605 ], [ 92.169917148237388, 25.83946090668006 ], [ 92.169341130510887, 25.839130001455132 ], [ 92.168765128055782, 25.838867975074145 ], [ 92.168277151515355, 25.838501910260522 ], [ 92.167840161553812, 25.837786945990924 ], [ 92.167317189344857, 25.837002879095007 ], [ 92.166706196611102, 25.836252881383658 ], [ 92.166410184657011, 25.835921854802006 ], [ 92.166113251031391, 25.835851901212969 ], [ 92.165766140208987, 25.835886631412507 ], [ 92.165123196197186, 25.836251443830523 ], [ 92.164442183380316, 25.836495429011947 ], [ 92.164441804291272, 25.836495493693601 ], [ 92.164438211030117, 25.836496780050368 ], [ 92.163409196262066, 25.836671771333936 ], [ 92.162746138072734, 25.836671743035765 ], [ 92.162432128371933, 25.836514747809016 ], [ 92.162240167378854, 25.836095841940914 ], [ 92.162240194328334, 25.835729772593591 ], [ 92.162345204690098, 25.835468757428032 ], [ 92.162938226626594, 25.835049772663673 ], [ 92.163810263493701, 25.834509797378342 ], [ 92.164174229405802, 25.834148800736738 ], [ 92.164209225972627, 25.833886839327917 ], [ 92.164192218169347, 25.833590815139086 ], [ 92.164035226793672, 25.833311770415492 ], [ 92.163738243760747, 25.833050877666683 ], [ 92.16326726693876, 25.83292882135131 ], [ 92.16270924426405, 25.832806802911691 ], [ 92.161959280359198, 25.832439749089005 ], [ 92.161418278064161, 25.831969717819966 ], [ 92.160982257384816, 25.83135973180903 ], [ 92.160842268422527, 25.831167807950063 ], [ 92.160790265849073, 25.830853797833552 ], [ 92.160825299246795, 25.830435750025593 ], [ 92.161051365677949, 25.82966772168529 ], [ 92.161296350628987, 25.829144810996251 ], [ 92.162081372186108, 25.828186813661876 ], [ 92.162463375370777, 25.82756376168695 ], [ 92.162533448454496, 25.827145734602656 ], [ 92.162429401985037, 25.826709822508043 ], [ 92.162114458934639, 25.826291832837835 ], [ 92.161608453206455, 25.825785803618967 ], [ 92.161347408174777, 25.825436824414012 ], [ 92.161172490019297, 25.825018827823339 ], [ 92.161015470795846, 25.824512825507295 ], [ 92.16091150876801, 25.824042787019401 ], [ 92.160911500683184, 25.823658751924697 ], [ 92.1611205161919, 25.822926733275636 ], [ 92.161364481555083, 25.821985837263256 ], [ 92.161329537090523, 25.821130807446323 ], [ 92.160998606722984, 25.820485768070935 ], [ 92.160695542993921, 25.820287757802419 ], [ 92.160224579646652, 25.820322772355134 ], [ 92.159966034626407, 25.820391831881064 ], [ 92.159600552358114, 25.820705370824392 ], [ 92.159216535150577, 25.821280331169362 ], [ 92.158640517424075, 25.821803317836061 ], [ 92.158117508384208, 25.822030338849448 ], [ 92.158116495084556, 25.82203047874065 ], [ 92.158113524355912, 25.822031768489094 ], [ 92.157485471716626, 25.822118676478091 ], [ 92.157066533400723, 25.822066684683143 ], [ 92.156735504218503, 25.821856677933241 ], [ 92.156577473492064, 25.821438684066788 ], [ 92.156368522661992, 25.820985637990198 ], [ 92.156159539492634, 25.820026682708896 ], [ 92.155862577120956, 25.819398621137747 ], [ 92.155478577879705, 25.819084665519441 ], [ 92.154397560538172, 25.818736594075961 ], [ 92.153175558002644, 25.818387602180518 ], [ 92.152006584815027, 25.817870544800694 ], [ 92.151622601743441, 25.817625551658349 ], [ 92.151325606134094, 25.817329606486101 ], [ 92.151203588867375, 25.816963546222162 ], [ 92.151151575514106, 25.81659762310705 ], [ 92.151151596175353, 25.816144616733322 ], [ 92.151447611722716, 25.815342615036403 ], [ 92.152076726170719, 25.813773581918831 ], [ 92.152669696903246, 25.812761610835462 ], [ 92.15266971307291, 25.812273576911608 ], [ 92.152547734433739, 25.811890635814382 ], [ 92.152250712773252, 25.811611573909357 ], [ 92.15172769205526, 25.811314583435621 ], [ 92.151059747929139, 25.810900558639958 ], [ 92.150832774199557, 25.810569542847386 ], [ 92.150675739704752, 25.809993565723438 ], [ 92.150606797599949, 25.809383616914268 ], [ 92.150483818237532, 25.808738595240357 ], [ 92.150204845527753, 25.80811053689154 ], [ 92.149594790635135, 25.807483520887143 ], [ 92.149035837305803, 25.80675054582267 ], [ 92.148843808040766, 25.806158472619202 ], [ 92.14886182465213, 25.805582524192161 ], [ 92.149104921344417, 25.804264557838174 ], [ 92.149174936935964, 25.803340536090555 ], [ 92.1490699445405, 25.80199850289975 ], [ 92.148895949853127, 25.801231579298143 ], [ 92.148772951626114, 25.800568501216212 ], [ 92.148842968115986, 25.800185506921174 ], [ 92.149048018461045, 25.799701560491847 ], [ 92.149102052125386, 25.799598509934871 ], [ 92.149533006306541, 25.79921148803858 ], [ 92.150239065950188, 25.79860760376393 ], [ 92.150402043698918, 25.798428544674788 ], [ 92.150476096319352, 25.798297534238682 ], [ 92.150497075574492, 25.798077563197243 ], [ 92.150439038118961, 25.797992544682316 ], [ 92.150218065135476, 25.797861616260356 ], [ 92.149850050516406, 25.797716558208542 ], [ 92.149682061964981, 25.79760652124622 ], [ 92.149566101139897, 25.797501573879444 ], [ 92.149514096769792, 25.797412527997171 ], [ 92.149498049265588, 25.797275575076434 ], [ 92.14954010748886, 25.797144558513267 ], [ 92.149650067567833, 25.797018544174332 ], [ 92.149866113292006, 25.796871573107804 ], [ 92.150139071780941, 25.796724573551305 ], [ 92.150307116027903, 25.796561522496319 ], [ 92.150333126746958, 25.796362523522955 ], [ 92.150338113295092, 25.796147604677035 ], [ 92.150333110577293, 25.795522591053647 ], [ 92.150385142795159, 25.795007596627023 ], [ 92.150403122575568, 25.794677559579149 ], [ 92.150403147728383, 25.794385515394165 ], [ 92.150366149715097, 25.794187594146649 ], [ 92.150272155393665, 25.793989609481422 ], [ 92.150187185547594, 25.793829503594079 ], [ 92.149998138689284, 25.793697588674934 ], [ 92.149668157841049, 25.793641493428119 ], [ 92.149508142736096, 25.793613565094759 ], [ 92.149376134406779, 25.793556550995387 ], [ 92.149329210009583, 25.793424562979197 ], [ 92.149367219525914, 25.793330536583198 ], [ 92.14947019250863, 25.793226598068966 ], [ 92.149555147083333, 25.79312354835351 ], [ 92.14959321049858, 25.793010563839857 ], [ 92.149612164052726, 25.792878509701527 ], [ 92.149546163930481, 25.792699556810938 ], [ 92.149498194792642, 25.792529555682329 ], [ 92.149508190346822, 25.792350506015197 ], [ 92.149564182338466, 25.792237536132493 ], [ 92.149630178867454, 25.792105576574365 ], [ 92.149659165705032, 25.791973581281102 ], [ 92.149574245266294, 25.791841551870181 ], [ 92.149395245166161, 25.791823532848152 ], [ 92.148933213767762, 25.791809545821071 ], [ 92.14873517746841, 25.791762525521364 ], [ 92.148594247970024, 25.791630529846195 ], [ 92.148612225953812, 25.791508580477647 ], [ 92.14866924202488, 25.791413492187758 ], [ 92.148858229594339, 25.791253544587477 ], [ 92.149159227198282, 25.791140563953618 ], [ 92.149395221809925, 25.791008515820796 ], [ 92.149536260004481, 25.790848557159396 ], [ 92.149574252452794, 25.790641594523493 ], [ 92.149489255657272, 25.790462530681637 ], [ 92.149150239553862, 25.790302564004133 ], [ 92.14882928677423, 25.790273513028097 ], [ 92.148612270869563, 25.790189550110643 ], [ 92.14847124435309, 25.790094565911808 ], [ 92.148367258070749, 25.789868536002924 ], [ 92.148245293804635, 25.789557541762164 ], [ 92.14814131560712, 25.789284568005012 ], [ 92.148000260344588, 25.788917579900769 ], [ 92.147830304482724, 25.788578498347768 ], [ 92.147701311797832, 25.788468507096745 ], [ 92.147612290549787, 25.788243468165383 ], [ 92.147584337673067, 25.788092542261531 ], [ 92.147622269035949, 25.787894517491097 ], [ 92.147725277951281, 25.787819559469987 ], [ 92.147727247956695, 25.787819646017272 ], [ 92.147729307793639, 25.787818146403396 ], [ 92.148163310856859, 25.787837122907327 ], [ 92.148493313264694, 25.787846162649121 ], [ 92.148612998504944, 25.787818919667078 ], [ 92.148696354078467, 25.787743545038495 ], [ 92.148725287915454, 25.787630507675882 ], [ 92.148706333462968, 25.787451558997621 ], [ 92.148517351283374, 25.787093499059392 ], [ 92.148319343730137, 25.786801558331867 ], [ 92.148263331975542, 25.786537533141619 ], [ 92.148225378154777, 25.786255557057739 ], [ 92.14817832440022, 25.786038527356343 ], [ 92.148093361740635, 25.785878511032124 ], [ 92.147989366475116, 25.785746548441629 ], [ 92.147801385917106, 25.785605519099729 ], [ 92.147375350910437, 25.785345463607829 ], [ 92.147139332942601, 25.785194491954538 ], [ 92.147007341681274, 25.785090531748807 ], [ 92.146951351486223, 25.784996496317564 ], [ 92.146960383148112, 25.78488352266417 ], [ 92.147045383536934, 25.784704551236789 ], [ 92.147064385600132, 25.784393478743393 ], [ 92.147055363819703, 25.784148505365305 ], [ 92.14707341456706, 25.784016535996592 ], [ 92.147215380721292, 25.783875544232693 ], [ 92.147218588605156, 25.783874950514683 ], [ 92.147219406072082, 25.783874138399039 ], [ 92.14732240600425, 25.783855108683817 ], [ 92.147530408213328, 25.783855112728197 ], [ 92.147737407902568, 25.783883117776917 ], [ 92.147916410697661, 25.78386512100311 ], [ 92.148067412107025, 25.783846155996859 ], [ 92.148293550403366, 25.78376948301624 ], [ 92.148506395430189, 25.783583478295927 ], [ 92.148615413176401, 25.783449513593055 ], [ 92.148794372852365, 25.783298534673072 ], [ 92.148954440059597, 25.783213528209352 ], [ 92.14895578663419, 25.783213581595739 ], [ 92.148958434867666, 25.783212174945358 ], [ 92.149184437518429, 25.783221148711174 ], [ 92.149401437253388, 25.783297153099113 ], [ 92.1495994367218, 25.783372156849449 ], [ 92.149748733128774, 25.783372159276098 ], [ 92.149906453936453, 25.783279579282834 ], [ 92.150085459426464, 25.783006544968543 ], [ 92.150255488950194, 25.78272352753973 ], [ 92.150406471494946, 25.782516592786131 ], [ 92.150528486066733, 25.782393535572236 ], [ 92.150745503768007, 25.782290532256088 ], [ 92.150746626662112, 25.78229053306497 ], [ 92.150749473423232, 25.782289182217124 ], [ 92.151023474856288, 25.782289187879364 ], [ 92.151306475611804, 25.782364162338141 ], [ 92.151503475255282, 25.782411197688816 ], [ 92.151642737480543, 25.782402405862026 ], [ 92.151726483821221, 25.782318553852051 ], [ 92.151754450172632, 25.78216759371476 ], [ 92.151660521428212, 25.782007617466039 ], [ 92.151490464955018, 25.78191355047041 ], [ 92.151132477331146, 25.781833643899983 ], [ 92.15093452727011, 25.781776607150015 ], [ 92.150793478295753, 25.781720534575232 ], [ 92.150727506021283, 25.781607573979429 ], [ 92.150783515080946, 25.781456597568308 ], [ 92.150859461350024, 25.781277570818332 ], [ 92.150887515736343, 25.781079576731802 ], [ 92.150887497770043, 25.780966640601513 ], [ 92.150830501461897, 25.780863572952043 ], [ 92.15066152925526, 25.7807215744023 ], [ 92.150510506286324, 25.780599631611622 ], [ 92.150425499609298, 25.780457580976108 ], [ 92.150397509003369, 25.780288600122521 ], [ 92.15043226122846, 25.780166388330201 ], [ 92.150501521336835, 25.780071550604777 ], [ 92.15050499691867, 25.780070903479935 ], [ 92.15050552692469, 25.780070178700111 ], [ 92.150655529407487, 25.780042244743822 ], [ 92.151108530042322, 25.780146223125623 ], [ 92.151438531551818, 25.780211229992837 ], [ 92.15164553303768, 25.780221202174474 ], [ 92.151803225099286, 25.780202480066052 ], [ 92.151952544862468, 25.780099605890054 ], [ 92.152103533695396, 25.779902598321996 ], [ 92.152245525002485, 25.77977965649692 ], [ 92.152461568929994, 25.779685673478816 ], [ 92.152650580753971, 25.779553615827204 ], [ 92.152782583693423, 25.779412650305972 ], [ 92.152895560315116, 25.779148615948003 ], [ 92.15298958697592, 25.778912638995113 ], [ 92.153084580223947, 25.778667728717945 ], [ 92.153121553084404, 25.778498674939097 ], [ 92.153121590813655, 25.77831965585893 ], [ 92.153065590737128, 25.778064659555675 ], [ 92.152970573234612, 25.777791650448538 ], [ 92.152858622488935, 25.777390620417442 ], [ 92.152811663057463, 25.776881637664708 ], [ 92.152754655969517, 25.776571656126006 ], [ 92.152660676919453, 25.776326639899818 ], [ 92.152504599130424, 25.776129648716427 ], [ 92.152226660381501, 25.775977629089411 ], [ 92.151906676884067, 25.775921598265047 ], [ 92.151227665513616, 25.775622614944552 ], [ 92.15069368984075, 25.775396605183452 ], [ 92.150290632840736, 25.775112589164177 ], [ 92.149946691274636, 25.774922533444752 ], [ 92.149661691767605, 25.77482761225118 ], [ 92.149352671309884, 25.774768570809833 ], [ 92.148973667599947, 25.774744597805054 ], [ 92.14868866360132, 25.774673508737042 ], [ 92.148510660631132, 25.774542558613039 ], [ 92.14842764911235, 25.774317553931532 ], [ 92.148403711705001, 25.773961543049776 ], [ 92.148466079938544, 25.773518649014363 ], [ 92.148545727266566, 25.773143472442797 ], [ 92.148629727830482, 25.772918542768018 ], [ 92.148771692188078, 25.772752542695784 ], [ 92.148774915343338, 25.77275209857898 ], [ 92.148775702267528, 25.772751179605006 ], [ 92.149036705078359, 25.772715185104005 ], [ 92.149344708643213, 25.77269119226942 ], [ 92.149603599514819, 25.772632898050084 ], [ 92.149696748521578, 25.772562591596532 ], [ 92.149744714964484, 25.772420595245936 ], [ 92.149756689507228, 25.772182514559503 ], [ 92.149780757170333, 25.771874630517264 ], [ 92.149766714705791, 25.771479587858966 ], [ 92.150209762905604, 25.770349561628993 ], [ 92.150446791478174, 25.76967359860182 ], [ 92.150541842218374, 25.769258608885188 ], [ 92.150588789073439, 25.768843608818678 ], [ 92.15058886004033, 25.768475550289189 ], [ 92.150636847144526, 25.768191548446744 ], [ 92.150743867935887, 25.767977584933881 ], [ 92.150956858489749, 25.767847654837571 ], [ 92.151193868197694, 25.767681663852184 ], [ 92.151371847811646, 25.767456557982129 ], [ 92.151431833713062, 25.767242589908339 ], [ 92.151431876832191, 25.76699360652341 ], [ 92.151348861720152, 25.766618654450369 ], [ 92.151265855591291, 25.766404574842248 ], [ 92.151217944843921, 25.766215616743491 ], [ 92.151193891553888, 25.766013617234265 ], [ 92.151241929861996, 25.765918564328505 ], [ 92.151336924906659, 25.765776572163713 ], [ 92.151464854884608, 25.765593603745604 ], [ 92.151502911113312, 25.765491631889166 ], [ 92.151502929977909, 25.765361633542145 ], [ 92.151419912170951, 25.765218601945758 ], [ 92.151288872225493, 25.765029611216811 ], [ 92.151087951435784, 25.764827572474871 ], [ 92.150944904608252, 25.7646736291039 ], [ 92.150885905955349, 25.764471605936322 ], [ 92.150885923023324, 25.764353614655779 ], [ 92.150980923457908, 25.764210627958672 ], [ 92.150984869756954, 25.764209335962999 ], [ 92.150984938028898, 25.764209232409215 ], [ 92.151091939955663, 25.764174202898896 ], [ 92.15129290925438, 25.764209238881325 ], [ 92.151589940796342, 25.764257213412741 ], [ 92.151898170736615, 25.764245249715213 ], [ 92.152250993047616, 25.764092635609728 ], [ 92.152475998568391, 25.763855704819598 ], [ 92.152690021286531, 25.763451606815593 ], [ 92.153239065299985, 25.760874594957709 ], [ 92.153324018976392, 25.760431648042317 ], [ 92.15347603638034, 25.760050660821232 ], [ 92.153610053342646, 25.759761650254401 ], [ 92.153775108894649, 25.759524639624942 ], [ 92.15398709603032, 25.759359671772991 ], [ 92.154219088647395, 25.759225694285039 ], [ 92.154221902170875, 25.759224992031225 ], [ 92.154223091540288, 25.759224304340318 ], [ 92.154744824074157, 25.759093851726337 ], [ 92.1551251024935, 25.758910652138024 ], [ 92.155389154186423, 25.758765664574142 ], [ 92.155679162699485, 25.758554654104678 ], [ 92.155917123723299, 25.758250626267756 ], [ 92.155996116179509, 25.75788167082175 ], [ 92.155970123426769, 25.757394745968149 ], [ 92.155917209063276, 25.756761686708845 ], [ 92.155732206420396, 25.755983688939793 ], [ 92.155454228145615, 25.755238734377521 ], [ 92.155256207117631, 25.754790714553298 ], [ 92.155243249817985, 25.75446067646822 ], [ 92.155349199817536, 25.754104696648579 ], [ 92.155626245641074, 25.753643723122813 ], [ 92.155823274030638, 25.753208737371963 ], [ 92.155942257686633, 25.752601771713877 ], [ 92.156021295956918, 25.751969746822851 ], [ 92.156246319444008, 25.751481748325734 ], [ 92.156443305612754, 25.751086754318028 ], [ 92.15757268465596, 25.749878522679001 ], [ 92.158237668833223, 25.749314974958057 ], [ 92.158643493542627, 25.74851990126626 ], [ 92.15899718542282, 25.747631901321345 ], [ 92.159761542135143, 25.746601464559305 ], [ 92.161195539891153, 25.745613521419099 ], [ 92.162681061418638, 25.744625226985125 ], [ 92.16267072450465, 25.743273354550009 ], [ 92.162502765597665, 25.74150286176133 ], [ 92.162337951692507, 25.740151995215065 ], [ 92.162122833928038, 25.73894122157698 ], [ 92.16191011646201, 25.738056813257693 ], [ 92.161904083376569, 25.737264324063279 ], [ 92.161643543198068, 25.736846375131819 ], [ 92.160970059161599, 25.736291172423471 ], [ 92.160345898922387, 25.735455940318886 ], [ 92.160083223448481, 25.734758206628715 ], [ 92.159922732236453, 25.733966721532031 ], [ 92.159557467360457, 25.733316332505833 ], [ 92.158933002592406, 25.732434509904575 ], [ 92.158464825819124, 25.731784696763132 ], [ 92.157842103782698, 25.731135976589211 ], [ 92.157373526360857, 25.730439574645491 ], [ 92.156699768338171, 25.729837678338978 ], [ 92.155812048682847, 25.728164932574273 ], [ 92.154824140822186, 25.726865710876666 ], [ 92.154146891048001, 25.725797679632436 ], [ 92.153835597852591, 25.725473310938394 ], [ 92.153216211260826, 25.725244019604837 ], [ 92.152394207860112, 25.725249152055586 ], [ 92.15142286223832, 25.725813208824302 ], [ 92.151014597704631, 25.726281917709162 ], [ 92.151011373651073, 25.726282387087178 ], [ 92.151010596608359, 25.726283278905434 ], [ 92.150342117086311, 25.726380673188942 ], [ 92.149466742977907, 25.726339455350058 ], [ 92.148849152118402, 25.726343251645353 ], [ 92.148126770086066, 25.726114691144716 ], [ 92.147762976650483, 25.72565070454009 ], [ 92.147086773413619, 25.724722488779715 ], [ 92.146873948149789, 25.723791385513181 ], [ 92.146608530119309, 25.72272076604294 ], [ 92.146345959748274, 25.722023099242719 ], [ 92.146032910346491, 25.721465608195967 ], [ 92.145617682072697, 25.721001946599525 ], [ 92.145305693581278, 25.720584299833035 ], [ 92.145301878436271, 25.720071502122519 ], [ 92.145140531129769, 25.719140066232697 ], [ 92.144827818596198, 25.718629247569009 ], [ 92.14446616854093, 25.71844494561071 ], [ 92.14415524455309, 25.718167141774554 ], [ 92.143946262282043, 25.717748832734092 ], [ 92.143995285143703, 25.71742222613511 ], [ 92.144454975532497, 25.716953225774972 ], [ 92.144553749789551, 25.716393182588853 ], [ 92.144600661610298, 25.715786793743991 ], [ 92.144591982088059, 25.71462144128277 ], [ 92.144743586266969, 25.714247499110787 ], [ 92.145153188392129, 25.713965256675248 ], [ 92.145511008929347, 25.71363675793042 ], [ 92.145972142012468, 25.713354184636387 ], [ 92.146277449733134, 25.712886078773245 ], [ 92.146685743012924, 25.71241740127428 ], [ 92.146887000670844, 25.711810108332578 ], [ 92.147345356163129, 25.711154666605317 ], [ 92.148067416598607, 25.709949801618293 ], [ 92.149208533927606, 25.709265120209672 ], [ 92.149428926599384, 25.708934636004262 ], [ 92.149432586335863, 25.708933768337644 ], [ 92.14943293578051, 25.708933243043202 ], [ 92.150573076640796, 25.708662546934882 ], [ 92.151139205712653, 25.70865905926318 ], [ 92.151656294854817, 25.708982194161909 ], [ 92.151814222275007, 25.709447416158525 ], [ 92.152225630013902, 25.709584259142499 ], [ 92.152632602770197, 25.709303841337494 ], [ 92.152988588947636, 25.708742216206936 ], [ 92.15349867841708, 25.708133005666017 ], [ 92.154062673990126, 25.707849828441582 ], [ 92.15457382077669, 25.707380460922614 ], [ 92.154775850087447, 25.706866326631836 ], [ 92.154720460865349, 25.706353859928832 ], [ 92.154612227348323, 25.705655295829025 ], [ 92.154916085188134, 25.70500073889124 ], [ 92.155012992746052, 25.704207577756396 ], [ 92.154904101662254, 25.70341575255852 ], [ 92.154794473959939, 25.702530665613679 ], [ 92.154789878178917, 25.701924605180086 ], [ 92.154573171294729, 25.700480799934304 ], [ 92.154462809668814, 25.699502450933441 ], [ 92.154561519247167, 25.698942399280824 ], [ 92.154712003226933, 25.698428687508457 ], [ 92.155223763562816, 25.698052486237906 ], [ 92.155839564080011, 25.697815642355501 ], [ 92.156198377255606, 25.697626871470767 ], [ 92.156603370125055, 25.696738623395685 ], [ 92.156597365785686, 25.695946130077338 ], [ 92.156226886189472, 25.694596499436635 ], [ 92.15607718733726, 25.69417268152824 ], [ 92.156108129807208, 25.692499288611053 ], [ 92.156509156614689, 25.6910982392044 ], [ 92.157269701775263, 25.689601674050262 ], [ 92.15787911167746, 25.688525649380018 ], [ 92.159102682671445, 25.687026239561824 ], [ 92.159762018242233, 25.685763437946893 ], [ 92.160477078106709, 25.685059594569964 ], [ 92.160104187432282, 25.683383692689262 ], [ 92.159720243886582, 25.680262554318364 ], [ 92.159750131734413, 25.677418604704382 ], [ 92.159745177525608, 25.676765956254808 ], [ 92.159176061555456, 25.676349926524392 ], [ 92.158296099750899, 25.675656121031547 ], [ 92.157313934819825, 25.675056150633306 ], [ 92.156477283490077, 25.673289809747502 ], [ 92.156164389496837, 25.672732339032393 ], [ 92.156156865208018, 25.672727329810876 ], [ 92.157135908493458, 25.671933755378966 ], [ 92.15928654625057, 25.670568425602351 ], [ 92.161997697710618, 25.668500216662494 ], [ 92.16333108684978, 25.667932431844314 ], [ 92.164510078947799, 25.667365648316601 ], [ 92.164511465048292, 25.667365503385149 ], [ 92.164514079145775, 25.667364245962933 ], [ 92.166878853707018, 25.667116327063781 ], [ 92.168681642226531, 25.667384708017877 ], [ 92.170175397711887, 25.667608395326422 ], [ 92.170745606931746, 25.668164219659424 ], [ 92.171215804914397, 25.669093667470921 ], [ 92.171897174362456, 25.670721022907241 ], [ 92.172637551446599, 25.673327036656893 ], [ 92.173368272539719, 25.674674394392916 ], [ 92.173885268257095, 25.674997436110235 ], [ 92.174296864642187, 25.674994851799383 ], [ 92.175067562562077, 25.674850118158979 ], [ 92.175941477806475, 25.674751323161836 ], [ 92.176662139565039, 25.674793370107576 ], [ 92.177232067612209, 25.675302568988222 ], [ 92.178113956303037, 25.676229336376409 ], [ 92.179050896449425, 25.677621980477902 ], [ 92.180038621952107, 25.678920999784449 ], [ 92.182263753402466, 25.680538483375098 ], [ 92.184227677226062, 25.681644804904494 ], [ 92.185884001726677, 25.68289290066631 ], [ 92.187803122973804, 25.684838596161136 ], [ 92.188732587340397, 25.685252177314354 ], [ 92.190795898970407, 25.685891564235455 ], [ 92.19352961790706, 25.686713058289818 ], [ 92.195023280865954, 25.686889870944309 ], [ 92.196206759150499, 25.686882207834852 ], [ 92.196825322885459, 25.687018033260124 ], [ 92.197292843888548, 25.687574448701564 ], [ 92.197712601468012, 25.688597331555375 ], [ 92.198393351078508, 25.690084720483082 ], [ 92.199693815165887, 25.691847777560032 ], [ 92.20114759741773, 25.693469993613814 ], [ 92.201924274524174, 25.694070978669998 ], [ 92.203369211065407, 25.694574351842984 ], [ 92.205792963618322, 25.69521115179953 ], [ 92.207548520516838, 25.695945531872482 ], [ 92.208428945852063, 25.696639050026953 ], [ 92.208798481318922, 25.697802089463625 ], [ 92.208960334376911, 25.698733404210454 ], [ 92.209636037252153, 25.699568104971995 ], [ 92.210361744847688, 25.700215995205028 ], [ 92.211498738011244, 25.700814549443383 ], [ 92.213105683019023, 25.702249112549048 ], [ 92.214352778195362, 25.703732701490981 ], [ 92.2150594909142, 25.70422534053515 ], [ 92.215697580430202, 25.704562946955722 ], [ 92.216423319466756, 25.705210773580408 ], [ 92.217306487358556, 25.706230542500784 ], [ 92.217932341820401, 25.707252023472268 ], [ 92.219182210994305, 25.709061829225597 ], [ 92.219660137183354, 25.710876806895737 ], [ 92.220555080191886, 25.713341635502058 ], [ 92.221284681984187, 25.714455619547472 ], [ 92.222631166763549, 25.715472270960625 ], [ 92.224027251123033, 25.716255456351551 ], [ 92.225215963890705, 25.716853575434122 ], [ 92.226401996085627, 25.717125349556504 ], [ 92.229647169930971, 25.717429886469496 ], [ 92.231136303584194, 25.7170937215582 ], [ 92.231895906412007, 25.716810037971189 ], [ 92.232340928210505, 25.715999514218517 ], [ 92.232639143732001, 25.71507410280141 ], [ 92.232664598393882, 25.714027365041598 ], [ 92.232619449067727, 25.71267330740757 ], [ 92.232502334805815, 25.710827303751461 ], [ 92.232901008027227, 25.709716535417947 ], [ 92.233403925347446, 25.708882116261741 ], [ 92.23401347538686, 25.708631727698251 ], [ 92.234352318115398, 25.708506304160629 ], [ 92.234352564253811, 25.708506302541842 ], [ 92.234356277889177, 25.708504928191825 ], [ 92.23459412392863, 25.708503307786156 ], [ 92.235750971656572, 25.708680176308437 ], [ 92.236605523714985, 25.709290006467754 ], [ 92.237395194053718, 25.71026964773305 ], [ 92.238045652472863, 25.710850035929358 ], [ 92.238695862956973, 25.711399673190645 ], [ 92.239513954194635, 25.711701940712913 ], [ 92.240330738383591, 25.711850302496263 ], [ 92.241486340148228, 25.711873231965161 ], [ 92.24264247191887, 25.711957692985951 ], [ 92.243594696001509, 25.712043557393205 ], [ 92.2449577564945, 25.712495960009996 ], [ 92.245946784554349, 25.712920136789737 ], [ 92.246701051389394, 25.713715277011897 ], [ 92.247246549752404, 25.713927006491101 ], [ 92.248259725425356, 25.713613387700903 ], [ 92.249780043195358, 25.712434744385082 ], [ 92.250275010425341, 25.711999708181498 ], [ 92.250869053746328, 25.711505776374544 ], [ 92.251067058604619, 25.711425723690844 ], [ 92.251068283906662, 25.711425456597571 ], [ 92.251071048921091, 25.711424338852694 ], [ 92.251249051891293, 25.711385342418385 ], [ 92.251447053156312, 25.711365346836136 ], [ 92.251684052982782, 25.711464384222015 ], [ 92.251863048591375, 25.711662387521681 ], [ 92.252377034952531, 25.712394398257814 ], [ 92.252615029213999, 25.712651370374616 ], [ 92.252872025538693, 25.712869344369736 ], [ 92.253110024291757, 25.7130074128406 ], [ 92.253367022413073, 25.713146418392238 ], [ 92.253625023054241, 25.713205423284901 ], [ 92.254159027473193, 25.713205433806607 ], [ 92.254793034146218, 25.713126415821684 ], [ 92.255644045944123, 25.712888465586552 ], [ 92.256414593845363, 25.712651898890098 ], [ 92.25740205883659, 25.712296825792116 ], [ 92.25894603463793, 25.711762917950306 ], [ 92.258948917331679, 25.711761964510938 ], [ 92.258950068971856, 25.711761566300289 ], [ 92.260273121197045, 25.71132353133201 ], [ 92.261759886891184, 25.710891326314087 ], [ 92.262367151616516, 25.710533966321275 ], [ 92.263496172231896, 25.709763003021727 ], [ 92.263499459167505, 25.709762129695442 ], [ 92.263500186802901, 25.709761631923723 ], [ 92.263797190497087, 25.709682606795567 ], [ 92.264213195813582, 25.709642615055476 ], [ 92.264787199517201, 25.709642626386888 ], [ 92.26530220007632, 25.709741638496808 ], [ 92.265836201800326, 25.70987964908365 ], [ 92.266410200114052, 25.710097661340907 ], [ 92.267004198519274, 25.710315674008125 ], [ 92.267558198538154, 25.710493716675117 ], [ 92.268251197575864, 25.710750730937409 ], [ 92.269063199134209, 25.710928717106441 ], [ 92.270123196796447, 25.711310739171243 ], [ 92.271093194945294, 25.711705758519077 ], [ 92.271568189033246, 25.712022768739491 ], [ 92.272498184304169, 25.712536787675582 ], [ 92.27392413764683, 25.713565816825717 ], [ 92.275389148839722, 25.714791846139811 ], [ 92.276379136300278, 25.715563866234554 ], [ 92.276953130122422, 25.715998908830375 ], [ 92.277349128160907, 25.716176886339355 ], [ 92.277844130425166, 25.716255927387856 ], [ 92.278834140343619, 25.716137885797313 ], [ 92.279487148181516, 25.716038931617149 ], [ 92.279962151252633, 25.716057972199664 ], [ 92.280279150546718, 25.716156978971238 ], [ 92.280714143553368, 25.716552956673109 ], [ 92.28134813854831, 25.716968000201952 ], [ 92.281843138117608, 25.717145979498454 ], [ 92.282338140381881, 25.717225990294654 ], [ 92.2837631864261, 25.717028051288704 ], [ 92.285167174163448, 25.716697081190041 ], [ 92.285602177949869, 25.716677089737829 ], [ 92.285959179223568, 25.71673609692613 ], [ 92.286315180672361, 25.716816074005866 ], [ 92.286652180956239, 25.71689511139234 ], [ 92.286988179618589, 25.717053118832904 ], [ 92.287245177739905, 25.717191123367115 ], [ 92.287523175777622, 25.71731013025677 ], [ 92.287978178757243, 25.717370139085503 ], [ 92.288334182002657, 25.717370146369493 ], [ 92.288809185972084, 25.717350156649083 ], [ 92.289324192819407, 25.717251136302554 ], [ 92.290017200840282, 25.717132151205895 ], [ 92.290572236616669, 25.717093162307709 ], [ 92.291106212289549, 25.716994204066118 ], [ 92.291462217331585, 25.716934212043792 ], [ 92.29193825256695, 25.716895222271425 ], [ 92.292294223472993, 25.716895229555455 ], [ 92.292571223482454, 25.71697420376114 ], [ 92.2933432158747, 25.717548220565515 ], [ 92.294341171391807, 25.718347271276055 ], [ 92.295113197021706, 25.718782256752245 ], [ 92.295925185105332, 25.719514303804157 ], [ 92.296697168514399, 25.720384319663754 ], [ 92.29707316556312, 25.720602327239806 ], [ 92.297647165673467, 25.720800308047419 ], [ 92.298617166517261, 25.720998328181572 ], [ 92.29935017022953, 25.721116373851366 ], [ 92.300597179167582, 25.721116400558511 ], [ 92.301290183595214, 25.721136353227191 ], [ 92.301845184337324, 25.72129439549936 ], [ 92.302201181294521, 25.721532434130758 ], [ 92.30249817331061, 25.721927439771406 ], [ 92.302973166500223, 25.722343417902234 ], [ 92.303607162393462, 25.722679400452762 ], [ 92.303864160514763, 25.722818467539426 ], [ 92.304299150826509, 25.723352445539582 ], [ 92.304755131173152, 25.724222454365115 ], [ 92.305270113765957, 25.725093495942215 ], [ 92.30602210516841, 25.725666480580518 ], [ 92.306992100622281, 25.726102500246302 ], [ 92.308037089232741, 25.726868553836891 ], [ 92.30882911046254, 25.727521537029453 ], [ 92.309126076427489, 25.727679544110529 ], [ 92.309403078233572, 25.727738581447966 ], [ 92.309838074833479, 25.727956590109493 ], [ 92.310611071542226, 25.72839157442932 ], [ 92.311105072184915, 25.728490584691595 ], [ 92.311422074173947, 25.728490591165677 ], [ 92.311778308286392, 25.728470673719695 ], [ 92.312012128076759, 25.728373028659476 ], [ 92.312111104454758, 25.728215055679559 ], [ 92.312289115509785, 25.72787897304443 ], [ 92.312764103309533, 25.726731052567128 ], [ 92.313042182195616, 25.72596002186085 ], [ 92.313160127399158, 25.72576205287961 ], [ 92.313299197384922, 25.725564003450337 ], [ 92.313938182521255, 25.725156059787935 ], [ 92.314116190881322, 25.724919101516832 ], [ 92.314255191696802, 25.724661104641253 ], [ 92.314453197453417, 25.724305071157637 ], [ 92.314631260610724, 25.723929081983446 ], [ 92.314869230617674, 25.723613047932933 ], [ 92.315126251196887, 25.723415099323361 ], [ 92.31548324258911, 25.723257072008643 ], [ 92.31548508413546, 25.723256633371793 ], [ 92.315487239193828, 25.723255680024547 ], [ 92.315902244685404, 25.723156720435483 ], [ 92.316179247389783, 25.723116725941004 ], [ 92.316595252706293, 25.723017703111317 ], [ 92.316971258738107, 25.722938710257875 ], [ 92.317546263164985, 25.722899722453672 ], [ 92.318159269023269, 25.722899736211708 ], [ 92.318912267437156, 25.72315678356037 ], [ 92.319506263147389, 25.72353279540852 ], [ 92.320325258090264, 25.72396777972499 ], [ 92.321177255340018, 25.724323766470533 ], [ 92.322068224201729, 25.724580817215596 ], [ 92.322919252169314, 25.724976865606617 ], [ 92.323513250574507, 25.725193878252252 ], [ 92.323850251756738, 25.725253853969438 ], [ 92.324226254195281, 25.725272893076891 ], [ 92.324641258788574, 25.7252139014535 ], [ 92.325255233929056, 25.725134884161836 ], [ 92.3264632730518, 25.725213940298925 ], [ 92.327413274702408, 25.725411927996774 ], [ 92.327928277058191, 25.72547096969717 ], [ 92.328344280578037, 25.725470979408524 ], [ 92.328797567775453, 25.72537236317843 ], [ 92.32944829568919, 25.725077400159886 ], [ 92.330280305423884, 25.724641384019037 ], [ 92.330814311639443, 25.724444409072376 ], [ 92.330814590117186, 25.724444378319543 ], [ 92.330818326210448, 25.724443000107211 ], [ 92.331175330179093, 25.724403038416721 ], [ 92.331531333424508, 25.724403045700292 ], [ 92.332204336862333, 25.724443029241474 ], [ 92.332957339767773, 25.72454107650605 ], [ 92.333311339770106, 25.724672051818782 ], [ 92.333989333349336, 25.725091066481934 ], [ 92.334699325817283, 25.725623080683381 ], [ 92.335522317364806, 25.72620412879434 ], [ 92.335990316271648, 25.726365138406294 ], [ 92.336361316890716, 25.726478114330401 ], [ 92.336683318004333, 25.726510153370718 ], [ 92.337006320739448, 25.726526159130039 ], [ 92.337297321890915, 25.726574134313012 ], [ 92.337555321633772, 25.726671171470301 ], [ 92.338232316286394, 25.72705818471491 ], [ 92.338910313458882, 25.727332167473826 ], [ 92.339943313153555, 25.727687220778819 ], [ 92.341169310497108, 25.728171214047638 ], [ 92.342121309102595, 25.728509234837297 ], [ 92.342822310332892, 25.728645279817083 ], [ 92.343839311032369, 25.728936300199688 ], [ 92.34475830822926, 25.729323319828957 ], [ 92.345226304441155, 25.72961329785668 ], [ 92.345823301422755, 25.729951310500365 ], [ 92.346049295988678, 25.730209346071018 ], [ 92.346275290554601, 25.730500350486601 ], [ 92.346469278146941, 25.731015353724416 ], [ 92.34722724963423, 25.732370369460391 ], [ 92.348147224198158, 25.733644387660213 ], [ 92.348663212005789, 25.734240367110878 ], [ 92.34947519829278, 25.735044415033911 ], [ 92.350427179830291, 25.736076403730802 ], [ 92.351411159358236, 25.737156453911808 ], [ 92.352267144229515, 25.738043439735346 ], [ 92.352605132660216, 25.738527478234083 ], [ 92.352783113172535, 25.739349450512247 ], [ 92.35286410797346, 25.739591451974022 ], [ 92.352976105431523, 25.739736454041534 ], [ 92.353364102175775, 25.739994461897954 ], [ 92.353735100099911, 25.740187501133963 ], [ 92.353993099842782, 25.740268506279619 ], [ 92.354364025003377, 25.740268513562199 ], [ 92.354860145670173, 25.740092928438564 ], [ 92.355780153471756, 25.739576889126852 ], [ 92.357216210166428, 25.738705983602255 ], [ 92.358200156456689, 25.738205927889581 ], [ 92.359358199842305, 25.737724055913603 ], [ 92.360487224949239, 25.737239969636889 ], [ 92.360488466420961, 25.737239796468536 ], [ 92.360491227842132, 25.737238612612028 ], [ 92.361185235687941, 25.737141626967535 ], [ 92.361717238660447, 25.737125670380074 ], [ 92.362411239319727, 25.737318652776821 ], [ 92.36286324012967, 25.737415694111451 ], [ 92.363202241860023, 25.737480701719175 ], [ 92.363847239420522, 25.737722714268948 ], [ 92.364235237063113, 25.737947722753152 ], [ 92.36449623358574, 25.738177728378162 ], [ 92.364674224877831, 25.738580700209173 ], [ 92.364835198485181, 25.739677701830022 ], [ 92.36486718479749, 25.740225702412705 ], [ 92.364948174208564, 25.740660736511508 ], [ 92.365464153033017, 25.741611745901263 ], [ 92.366110127960582, 25.742788759259657 ], [ 92.366658101182196, 25.744046737636513 ], [ 92.367049083926446, 25.744798777690814 ], [ 92.367437074382508, 25.745298753066265 ], [ 92.367759065614621, 25.745750759722917 ], [ 92.368082047688503, 25.746540766536956 ], [ 92.368356032951866, 25.747233772080083 ], [ 92.368502059491178, 25.747426775281323 ], [ 92.36871102469425, 25.747668809649369 ], [ 92.368953022746965, 25.747749815358645 ], [ 92.369244026593378, 25.747717790134534 ], [ 92.369486030035972, 25.747652796218347 ], [ 92.369809033669398, 25.747620802524064 ], [ 92.370067035208905, 25.74765280835528 ], [ 92.370357034738802, 25.74774984448721 ], [ 92.370664032190518, 25.747942850895669 ], [ 92.371212022480151, 25.748474862342121 ], [ 92.372051002243111, 25.749506847681783 ], [ 92.372463988321954, 25.750207887371847 ], [ 92.372673983892653, 25.750433891689937 ], [ 92.372947981732409, 25.750626866227879 ], [ 92.373157979099759, 25.750739901619962 ], [ 92.373367979162026, 25.75082090523502 ], [ 92.373609980807998, 25.75083687940193 ], [ 92.374029983627523, 25.750852919104197 ], [ 92.374529987711298, 25.750836898820452 ], [ 92.37494899250251, 25.750788939094441 ], [ 92.375255995344119, 25.750723945240342 ], [ 92.375657012270111, 25.750611480253401 ], [ 92.375962018156827, 25.750483278016155 ], [ 92.376252025771578, 25.750274348423154 ], [ 92.376898071666048, 25.74980639519281 ], [ 92.377495034511696, 25.749274400228106 ], [ 92.377898040307713, 25.748742385889347 ], [ 92.377901802452129, 25.748741321087998 ], [ 92.377902067455125, 25.748740971548347 ], [ 92.378015068331351, 25.748709004038933 ], [ 92.378338070168155, 25.748773011060784 ], [ 92.378838066167091, 25.749080020483689 ], [ 92.379338028030077, 25.74949903163688 ], [ 92.379935022316758, 25.74991801299316 ], [ 92.380468046673741, 25.750321023492148 ], [ 92.381081038158982, 25.750853067170453 ], [ 92.381387033989157, 25.751127073561388 ], [ 92.382545892146695, 25.752077690908887 ], [ 92.383355440406035, 25.75288723889545 ], [ 92.38462729135496, 25.75311853279889 ], [ 92.38554875622394, 25.752773012135979 ], [ 92.385664288552647, 25.75104010301396 ], [ 92.385556065815422, 25.75112215987685 ], [ 92.385555127974257, 25.751121197043869 ], [ 92.385552062922528, 25.751123519170452 ], [ 92.384987080999309, 25.75054352254222 ], [ 92.384164118197859, 25.749785482874131 ], [ 92.383615083167527, 25.749447499129094 ], [ 92.383486088685999, 25.749414542262208 ], [ 92.383373123742402, 25.749350507267 ], [ 92.383293135054558, 25.749205448966158 ], [ 92.383244148125499, 25.74899552110158 ], [ 92.383212092642879, 25.748866465927442 ], [ 92.383051127120368, 25.748592506105592 ], [ 92.382518160255572, 25.7479154935669 ], [ 92.38214717221291, 25.747173443344202 ], [ 92.381840146913433, 25.746464435185871 ], [ 92.381776200339928, 25.746254442601497 ], [ 92.381760187869986, 25.746012423153026 ], [ 92.381760206734597, 25.745754493903675 ], [ 92.381760147445789, 25.745464423364705 ], [ 92.381776200339928, 25.745142462944521 ], [ 92.381824234156483, 25.744852505810051 ], [ 92.381694204815716, 25.744099470030704 ], [ 92.381533274327538, 25.743471429498147 ], [ 92.381517260060946, 25.743293509835212 ], [ 92.381549253559811, 25.74308446645302 ], [ 92.381597285579744, 25.742858427924492 ], [ 92.381646294966686, 25.742713466078651 ], [ 92.381775298431364, 25.742568482208569 ], [ 92.381984292380551, 25.742455525621956 ], [ 92.38198631358992, 25.742455142888151 ], [ 92.381988259340844, 25.742454090977056 ], [ 92.382585266203947, 25.742341104342646 ], [ 92.382989271824869, 25.742260081189897 ], [ 92.38345727612159, 25.742244090495628 ], [ 92.383860277426024, 25.742309099508027 ], [ 92.384231276248499, 25.742470106727097 ], [ 92.384586274279087, 25.742647114080096 ], [ 92.384828271433477, 25.742841149937597 ], [ 92.385216259194578, 25.743405126472194 ], [ 92.38561925510912, 25.743712136011052 ], [ 92.386393248049501, 25.744195151310297 ], [ 92.387168239018166, 25.74479216696437 ], [ 92.387487238860416, 25.744923174177902 ], [ 92.387809239974004, 25.744971211522522 ], [ 92.388148242602639, 25.744987187285194 ], [ 92.388423243860586, 25.745003192984036 ], [ 92.388661611821234, 25.744940190508082 ], [ 92.389112289412751, 25.744440614152438 ], [ 92.389419281474559, 25.744214575776347 ], [ 92.390177298775924, 25.74377962184786 ], [ 92.391065374164128, 25.743295644390482 ], [ 92.392130362866041, 25.742634727441757 ], [ 92.392517419074196, 25.742376696187893 ], [ 92.392872327273281, 25.742183712294654 ], [ 92.393356394345616, 25.741973661167108 ], [ 92.393706507337697, 25.741834010420796 ], [ 92.394163383304686, 25.741651739838165 ], [ 92.395373369974934, 25.741216740924934 ], [ 92.395373725707771, 25.741216659198685 ], [ 92.395377394427427, 25.741215341059426 ], [ 92.396361408091309, 25.740989361281631 ], [ 92.397028414376308, 25.740925032061565 ], [ 92.397555417325947, 25.740940386114431 ], [ 92.398120419012102, 25.741037429346822 ], [ 92.398572418923706, 25.741215407411445 ], [ 92.399346411864101, 25.741698453898142 ], [ 92.399664378643749, 25.741892460556432 ], [ 92.400132408991595, 25.742053470767502 ], [ 92.401036404323264, 25.742553458504052 ], [ 92.40169739728573, 25.742988502691805 ], [ 92.401956391463628, 25.743262477054525 ], [ 92.402101384042041, 25.743617511098247 ], [ 92.402278379102484, 25.743859514387172 ], [ 92.402746373517715, 25.74427849297652 ], [ 92.40305336917281, 25.744504498865105 ], [ 92.40326236761355, 25.744616504373695 ], [ 92.403601369343903, 25.744665510391652 ], [ 92.404069372742299, 25.7446655201014 ], [ 92.404440375158018, 25.74469752834705 ], [ 92.404747376203005, 25.744745565782928 ], [ 92.405037376631213, 25.744826541119497 ], [ 92.405296375300665, 25.744923546384872 ], [ 92.40555437234859, 25.74510058163964 ], [ 92.405780339066723, 25.745261586694383 ], [ 92.405957400602503, 25.74535859079543 ], [ 92.406167369223738, 25.745423595676399 ], [ 92.406357695283006, 25.745423598912957 ], [ 92.406502412976934, 25.745263018068794 ], [ 92.406937423949898, 25.744764004618354 ], [ 92.407077460522927, 25.74461010482467 ], [ 92.407228340659728, 25.74444099283409 ], [ 92.407325418897557, 25.744312016054756 ], [ 92.407470433035527, 25.74421501271754 ], [ 92.407599418533934, 25.744167056791401 ], [ 92.407728404930623, 25.744119011030168 ], [ 92.407729089446889, 25.744118835444375 ], [ 92.407732415010031, 25.744117597443289 ], [ 92.407857777602885, 25.744085529973354 ], [ 92.408002399177136, 25.743925029045144 ], [ 92.408018416138646, 25.743812062419973 ], [ 92.408018395477384, 25.743666981982702 ], [ 92.407922414082535, 25.743409021748704 ], [ 92.407728453439645, 25.743280034948413 ], [ 92.407486481438085, 25.743183985574476 ], [ 92.407308482061183, 25.743118981895666 ], [ 92.407163448160233, 25.743037951990893 ], [ 92.40701848792115, 25.742908982589292 ], [ 92.406953437318165, 25.742796951196315 ], [ 92.406889460201953, 25.742650977824155 ], [ 92.406889443133963, 25.742521966735303 ], [ 92.406986435133504, 25.74240996248896 ], [ 92.407115495192045, 25.742297005751652 ], [ 92.407118368902658, 25.74229657042169 ], [ 92.40711945766077, 25.742295617227125 ], [ 92.407442461294224, 25.742246623178371 ], [ 92.407667430882412, 25.742246628033335 ], [ 92.40803946366573, 25.742279636247616 ], [ 92.408458466660335, 25.742311644326822 ], [ 92.408666467072791, 25.742331273819076 ], [ 92.408797468390688, 25.742343620030894 ], [ 92.409055470828477, 25.742343625695007 ], [ 92.40932947405814, 25.742311662937595 ], [ 92.409571476602409, 25.74227966780499 ], [ 92.41020948347338, 25.742174649654945 ], [ 92.410580486787438, 25.742158658140003 ], [ 92.410919488517791, 25.742222696202425 ], [ 92.411274490141651, 25.742271703207674 ], [ 92.411597490181833, 25.742351679295474 ], [ 92.412000490587957, 25.742432718569031 ], [ 92.412517494390173, 25.742464729843626 ], [ 92.412904496699397, 25.742496675567523 ], [ 92.413178499030735, 25.742496681231632 ], [ 92.413501501765879, 25.742480750447232 ], [ 92.413741155215703, 25.74243322105896 ], [ 92.413916546783312, 25.742337079565068 ], [ 92.41407854985998, 25.742144170859746 ], [ 92.414239554010052, 25.741886164433957 ], [ 92.414320544319438, 25.741515166791608 ], [ 92.414417560573497, 25.741128162581454 ], [ 92.414497569922588, 25.740806183129006 ], [ 92.414497601363621, 25.740531189206099 ], [ 92.414368577237667, 25.740370151847952 ], [ 92.414110564020078, 25.740209136928542 ], [ 92.413303619976787, 25.739580154985269 ], [ 92.412480557462317, 25.738887094283438 ], [ 92.411932570765956, 25.738597068478299 ], [ 92.411706630098962, 25.738435095503519 ], [ 92.411561585418241, 25.738290061098947 ], [ 92.41148058432907, 25.738178056909916 ], [ 92.411399582341588, 25.738016038049299 ], [ 92.411319644857699, 25.737855105714953 ], [ 92.411222603450824, 25.737645081731799 ], [ 92.411141584395367, 25.737420046780379 ], [ 92.410832606158436, 25.736960081513779 ], [ 92.410638633837451, 25.736718068220341 ], [ 92.410396658242632, 25.736525062190776 ], [ 92.41020360310155, 25.736364122173146 ], [ 92.409977661536232, 25.736154027582085 ], [ 92.409751621156261, 25.735864033140384 ], [ 92.409573679271503, 25.735573061275616 ], [ 92.409412661646698, 25.735251009319231 ], [ 92.409267675356489, 25.734896070853303 ], [ 92.409170698628301, 25.734574097984275 ], [ 92.409106699054192, 25.734300017814448 ], [ 92.409073687764149, 25.734010083587108 ], [ 92.4090737254934, 25.733703039273745 ], [ 92.409138715909251, 25.733494032430755 ], [ 92.409251711395569, 25.733236017746272 ], [ 92.409735725467286, 25.732591029566443 ], [ 92.410574733976361, 25.731672119979045 ], [ 92.410999753886713, 25.730985088134677 ], [ 92.41138679751846, 25.730630134503723 ], [ 92.41172586123254, 25.730453109253681 ], [ 92.412047831803434, 25.730308154126778 ], [ 92.412050228508619, 25.730307434707903 ], [ 92.412051801458674, 25.730306726618469 ], [ 92.412374805990439, 25.730209702139138 ], [ 92.412895811787251, 25.730124651189879 ], [ 92.413262785258894, 25.730064720819566 ], [ 92.413584819610165, 25.730048727675303 ], [ 92.41398882163783, 25.730096766985941 ], [ 92.414327822469858, 25.730145774135625 ], [ 92.414730825570942, 25.730161782642529 ], [ 92.415085828093126, 25.730161789925745 ], [ 92.41548883119421, 25.730145799222253 ], [ 92.415924834805551, 25.730145807314742 ], [ 92.416376837412102, 25.730193817453291 ], [ 92.416876840597581, 25.730225796417486 ], [ 92.417808845399776, 25.730297785269148 ], [ 92.417925845575681, 25.730306849623727 ], [ 92.41882885006558, 25.730435836746551 ], [ 92.419522849826535, 25.730645851618029 ], [ 92.420006844135287, 25.730999861627794 ], [ 92.420216844197597, 25.731096898410094 ], [ 92.420393842851254, 25.731161901381181 ], [ 92.420619845502017, 25.731177905705056 ], [ 92.420745570115926, 25.731145747345863 ], [ 92.420890884291239, 25.731034307748367 ], [ 92.421051873169944, 25.730824322695774 ], [ 92.421223862817584, 25.730600297714787 ], [ 92.42154588998234, 25.730390319988093 ], [ 92.421547970480518, 25.730390133052609 ], [ 92.421549872213987, 25.730388893289987 ], [ 92.42172787428585, 25.73037289776158 ], [ 92.42196987323689, 25.730469902685858 ], [ 92.422227872081436, 25.73058294025849 ], [ 92.422469870134108, 25.730743944750234 ], [ 92.422711864593566, 25.731033886943489 ], [ 92.422921861960916, 25.731226953680277 ], [ 92.423373858279263, 25.731468932027003 ], [ 92.424502855538464, 25.731936955045178 ], [ 92.426019854931781, 25.732420986851213 ], [ 92.42760086108575, 25.732630050608371 ], [ 92.428810868417273, 25.732727043980184 ], [ 92.43022387344341, 25.732936074020802 ], [ 92.430611879170826, 25.732888081983436 ], [ 92.430948273990225, 25.732823397982777 ], [ 92.431268906969635, 25.732679477512843 ], [ 92.431591908806453, 25.732469571433764 ], [ 92.431752947092491, 25.732228517648259 ], [ 92.431833906859168, 25.731937497231968 ], [ 92.431849898667821, 25.731599548500181 ], [ 92.43184996065159, 25.73129250443462 ], [ 92.431768956867487, 25.730970517759147 ], [ 92.43163996418258, 25.730696464078353 ], [ 92.431526925577117, 25.730438542049917 ], [ 92.431429942560712, 25.730261484144762 ], [ 92.43134995836445, 25.7300194903925 ], [ 92.431300951672455, 25.729745477409693 ], [ 92.431300952570766, 25.729503524688202 ], [ 92.431350023043137, 25.729245513481796 ], [ 92.431495030892947, 25.729003494193268 ], [ 92.43209200272176, 25.728310479454471 ], [ 92.432784174411083, 25.727492702948076 ], [ 92.433205062969492, 25.727213567152365 ], [ 92.433899087883248, 25.726730554866425 ], [ 92.434232344887377, 25.726538015756216 ], [ 92.435150094324328, 25.726007565119723 ], [ 92.435376126619502, 25.725716653295571 ], [ 92.43615010339019, 25.725201617395545 ], [ 92.437231172834061, 25.724652646009677 ], [ 92.438054148211904, 25.72397564519704 ], [ 92.438748186600435, 25.723411716482783 ], [ 92.43929718659642, 25.723169619767823 ], [ 92.439298693969448, 25.723169371314686 ], [ 92.439301193082585, 25.72316826986599 ], [ 92.43959119620574, 25.723120307066981 ], [ 92.440011201720239, 25.723071284073058 ], [ 92.440398174385052, 25.723007293153223 ], [ 92.440655879480488, 25.7229423739373 ], [ 92.440830180493393, 25.722879749848424 ], [ 92.441007191723486, 25.722766674199526 ], [ 92.441152198674956, 25.722589738404736 ], [ 92.441265231890526, 25.722411776965089 ], [ 92.441378237258334, 25.722169714633161 ], [ 92.441523268464323, 25.72186376629201 ], [ 92.441669286918824, 25.721557731377558 ], [ 92.441846297250621, 25.72125073260063 ], [ 92.442024253508393, 25.721057760540987 ], [ 92.442363267815139, 25.72092878347809 ], [ 92.442364401489044, 25.72092845894522 ], [ 92.442367274301319, 25.720927365568876 ], [ 92.442703611628517, 25.72083082064092 ], [ 92.443056261462971, 25.720686771542447 ], [ 92.443057957482225, 25.720686332086782 ], [ 92.44306028501714, 25.720685381146886 ], [ 92.4438032959617, 25.720492365276467 ], [ 92.444105706615531, 25.720396541092899 ], [ 92.444331285261512, 25.720235809897186 ], [ 92.444449302330256, 25.720080795483341 ], [ 92.444465287850733, 25.719806763645543 ], [ 92.444498352141395, 25.719483773067878 ], [ 92.444707353277096, 25.718887811915362 ], [ 92.444756332121329, 25.718500782603787 ], [ 92.444756391410138, 25.718080795380374 ], [ 92.444756390511813, 25.717726803563952 ], [ 92.444772360760936, 25.717597852834484 ], [ 92.444917362322528, 25.71743680140802 ], [ 92.445191369145462, 25.717178828768546 ], [ 92.445740380819544, 25.716694844180633 ], [ 92.445901400240942, 25.716517873454801 ], [ 92.445982448042543, 25.716339785576377 ], [ 92.446014436151472, 25.716194825386566 ], [ 92.446031441259791, 25.716001779568003 ], [ 92.446014437049783, 25.715839840558939 ], [ 92.445934467226564, 25.715678836122471 ], [ 92.445901438868518, 25.71553380957031 ], [ 92.445805412557888, 25.715307831966818 ], [ 92.44578847122996, 25.715114836507265 ], [ 92.445772448878557, 25.714953895028248 ], [ 92.445788487399639, 25.714791810528375 ], [ 92.445885474907598, 25.714614866917739 ], [ 92.445950439272323, 25.714501811739336 ], [ 92.446047442949961, 25.714356827457483 ], [ 92.446160473470584, 25.71421181386215 ], [ 92.446224488316048, 25.714001792631016 ], [ 92.446273519262562, 25.713743865151223 ], [ 92.446305528032767, 25.713469803337969 ], [ 92.446388552127971, 25.712810884821849 ], [ 92.446437544446937, 25.712649829343217 ], [ 92.446533498892293, 25.712375828949995 ], [ 92.446663521046517, 25.712181856682928 ], [ 92.446872525775476, 25.711988816493566 ], [ 92.447114586710242, 25.711827860264194 ], [ 92.447324572399495, 25.711617850203091 ], [ 92.4475505606772, 25.711359870611751 ], [ 92.447663598384381, 25.711069864267245 ], [ 92.44769559457815, 25.710779912253656 ], [ 92.447744568032491, 25.710408861256283 ], [ 92.447776633396543, 25.710085867017181 ], [ 92.447808596352658, 25.709731814181119 ], [ 92.447727604246651, 25.709489824793035 ], [ 92.447179663364381, 25.70902180652007 ], [ 92.446453600035994, 25.708344831683416 ], [ 92.446291631993631, 25.708231815873756 ], [ 92.445969662321076, 25.708167847728578 ], [ 92.445662600190659, 25.708167763551405 ], [ 92.445259602479496, 25.708118833951403 ], [ 92.444984662306979, 25.70808682071447 ], [ 92.44454959114691, 25.708006798916056 ], [ 92.444033634780311, 25.707893787641765 ], [ 92.443855611148891, 25.707893829730427 ], [ 92.443645616476502, 25.707893751218879 ], [ 92.443436615340801, 25.707909745723416 ], [ 92.443213322008958, 25.707957150505187 ], [ 92.442880603095716, 25.70816135232776 ], [ 92.442654628292729, 25.708322347511078 ], [ 92.442380590927101, 25.708483340857818 ], [ 92.442377688470401, 25.708484097640802 ], [ 92.442376563779675, 25.708484758915347 ], [ 92.442004611844695, 25.708581742031274 ], [ 92.441682548747337, 25.708678735590258 ], [ 92.441327598327447, 25.708742739074058 ], [ 92.441117619824752, 25.708791769591507 ], [ 92.440972560770987, 25.708807734837244 ], [ 92.44079461888623, 25.708807774497423 ], [ 92.440617580706657, 25.708807727552756 ], [ 92.44048860688639, 25.708758750461726 ], [ 92.440343561307358, 25.708613653960963 ], [ 92.440133575618106, 25.708242695764643 ], [ 92.439923564776038, 25.708017720916139 ], [ 92.439487566554575, 25.707662684982267 ], [ 92.438890571369569, 25.70734070313528 ], [ 92.438277602342211, 25.706920611765103 ], [ 92.438035623154121, 25.706678627992389 ], [ 92.437922637549264, 25.7065336527948 ], [ 92.437858621805461, 25.706356635389024 ], [ 92.437842629098483, 25.706034630582785 ], [ 92.437922631261046, 25.705082653508263 ], [ 92.437922736363944, 25.703152713248851 ], [ 92.437938676070331, 25.702943683479422 ], [ 92.438003692537322, 25.702749648891583 ], [ 92.438067649890641, 25.70258865264568 ], [ 92.438422717091512, 25.70204065994065 ], [ 92.438535751205393, 25.701701637941245 ], [ 92.438583739207871, 25.701475668876714 ], [ 92.438616727141749, 25.701153671911765 ], [ 92.43858370237696, 25.700782669419365 ], [ 92.438535809595905, 25.700427679898016 ], [ 92.438519807905749, 25.700089695877555 ], [ 92.43847076528111, 25.699734701052083 ], [ 92.438503855622926, 25.698847724982759 ], [ 92.438503857419548, 25.698654612979347 ], [ 92.438535839240316, 25.698476702352906 ], [ 92.438567823756003, 25.698315673616097 ], [ 92.438616806193508, 25.698122659504332 ], [ 92.438616878957035, 25.697896686075001 ], [ 92.438616863685681, 25.697654641865427 ], [ 92.438567860586915, 25.697396700003992 ], [ 92.438487890763696, 25.69718766174682 ], [ 92.438325833788127, 25.696800724562376 ], [ 92.438261844993804, 25.69667164673546 ], [ 92.438212887709142, 25.696526647208383 ], [ 92.438196891408893, 25.696397663793029 ], [ 92.438101920618706, 25.695690666382117 ], [ 92.438117884579626, 25.695528673022654 ], [ 92.438133918609125, 25.695351693487552 ], [ 92.438214882867385, 25.695190671857208 ], [ 92.438262913989007, 25.695077643558655 ], [ 92.438440933128859, 25.694916636128447 ], [ 92.438444836308761, 25.694915331237315 ], [ 92.438444906377356, 25.694915267287936 ], [ 92.43868690981995, 25.694834271727288 ], [ 92.438785973334532, 25.69480742996539 ], [ 92.43913729186572, 25.694705494516949 ], [ 92.439311936035068, 25.694642733334554 ], [ 92.439634924397154, 25.694480745834881 ], [ 92.439924945486638, 25.694303734791166 ], [ 92.440118954638535, 25.694061713229154 ], [ 92.440214968372743, 25.693739687308891 ], [ 92.440295999106326, 25.693352691159877 ], [ 92.440327982723687, 25.692997737770064 ], [ 92.440408955066786, 25.692675743781209 ], [ 92.440521996367167, 25.692384748844326 ], [ 92.440650992645345, 25.692143741739223 ], [ 92.440990004257159, 25.691610756196667 ], [ 92.441280005583707, 25.6912247407328 ], [ 92.442007075923527, 25.690563774855462 ], [ 92.443201085158123, 25.689740818648815 ], [ 92.444298141020766, 25.689176861270155 ], [ 92.445083150899791, 25.688827842221819 ], [ 92.445325158833981, 25.688650817918909 ], [ 92.44563110076524, 25.688473855686695 ], [ 92.445633475012528, 25.688473374826103 ], [ 92.445635125217706, 25.688472420390685 ], [ 92.4458771286603, 25.688423425219337 ], [ 92.446232131182484, 25.688423433314615 ], [ 92.446668135692136, 25.688407441858804 ], [ 92.446991023442919, 25.688359497431161 ], [ 92.447342145243084, 25.688231893516161 ], [ 92.44734265997775, 25.688231722705055 ], [ 92.44734614544106, 25.688230455788641 ], [ 92.447779010338792, 25.688086210182153 ], [ 92.448229166009142, 25.687908884440152 ], [ 92.448471176638279, 25.687747924795193 ], [ 92.448761204015923, 25.687473842797374 ], [ 92.44905216114995, 25.687086912099545 ], [ 92.449423229142667, 25.686683852454703 ], [ 92.449810187434466, 25.68634495106987 ], [ 92.45035924132938, 25.685941926963245 ], [ 92.45036249233236, 25.685941059129078 ], [ 92.450363226255973, 25.685940519970863 ], [ 92.45078223194551, 25.685828528829056 ], [ 92.451250206597848, 25.685779571428522 ], [ 92.451654239168235, 25.685828547448647 ], [ 92.452292272090361, 25.685980592532133 ], [ 92.452696239982032, 25.686109600991966 ], [ 92.452889209783166, 25.686141604757005 ], [ 92.453131242870157, 25.686141610423835 ], [ 92.453454247401936, 25.686077584265583 ], [ 92.453874252018096, 25.685948625153454 ], [ 92.45435825980158, 25.68583560346524 ], [ 92.454713264120414, 25.685770611351778 ], [ 92.455052269443996, 25.685674617541888 ], [ 92.455435660525822, 25.685546831030798 ], [ 92.455677274099571, 25.685434080970285 ], [ 92.455983259149974, 25.685223964441018 ], [ 92.456177273691765, 25.685079063504009 ], [ 92.456354269650504, 25.684918027985102 ], [ 92.456613282693013, 25.684773008480999 ], [ 92.456617009803125, 25.684771816816379 ], [ 92.456617303552207, 25.684771651667223 ], [ 92.457020310246548, 25.684642691950945 ], [ 92.457275309616364, 25.684562640632926 ], [ 92.457500334900075, 25.684450031313407 ], [ 92.457629371602451, 25.684354090679772 ], [ 92.457710306216271, 25.684192065709691 ], [ 92.457807352114742, 25.68404707284693 ], [ 92.458000314729361, 25.683934034782599 ], [ 92.458004103823228, 25.683932786440355 ], [ 92.458004336486866, 25.683932649624648 ], [ 92.458291629392832, 25.683837942345505 ], [ 92.458533389392016, 25.683676093158052 ], [ 92.45867833076646, 25.683515117269529 ], [ 92.459033341373484, 25.683128133235364 ], [ 92.459037236468561, 25.683126843596813 ], [ 92.459037364927653, 25.683126703541888 ], [ 92.459327368949118, 25.683030709220784 ], [ 92.459698404602491, 25.682965717196264 ], [ 92.460118348133221, 25.6828687569312 ], [ 92.460681362745959, 25.682740200749002 ], [ 92.461206384910398, 25.682493188976984 ], [ 92.461209734728072, 25.682492092009298 ], [ 92.461210397684766, 25.682491780324749 ], [ 92.461593309964513, 25.682366444209737 ], [ 92.462141870684349, 25.682186958919996 ], [ 92.46260942312847, 25.681993147145395 ], [ 92.46288445223415, 25.681865147005723 ], [ 92.463158471633463, 25.6816872169654 ], [ 92.463368453729473, 25.681478174613506 ], [ 92.463481486945042, 25.681284214342689 ], [ 92.463497491330145, 25.681123210125552 ], [ 92.463448481943189, 25.680929285708032 ], [ 92.463352426886487, 25.680800190680525 ], [ 92.463271459933296, 25.680623211929049 ], [ 92.463206489280353, 25.680397177771429 ], [ 92.463206459635956, 25.680220225947277 ], [ 92.463319492851539, 25.680026175383745 ], [ 92.463561466649722, 25.679865189706405 ], [ 92.463916496121385, 25.679688277571682 ], [ 92.46428754255453, 25.679494180804827 ], [ 92.464610536306495, 25.67920420775663 ], [ 92.464836556923572, 25.678898259891252 ], [ 92.465078500179033, 25.678559236779428 ], [ 92.465207535983069, 25.678092230369618 ], [ 92.465256554353189, 25.677769201088982 ], [ 92.465256533691957, 25.67747921574724 ], [ 92.465336567295552, 25.677221212382438 ], [ 92.465417597130809, 25.677108296569951 ], [ 92.465421461683164, 25.677107019010343 ], [ 92.465421566786048, 25.677106870852295 ], [ 92.465663571126981, 25.677026844426788 ], [ 92.465921573564785, 25.677009849956761 ], [ 92.466147573520587, 25.677058855489214 ], [ 92.466421605496322, 25.677122891351569 ], [ 92.466760608124986, 25.677155898204205 ], [ 92.467018609664478, 25.677155903871455 ], [ 92.46721082937232, 25.677139061625908 ], [ 92.467353544721504, 25.677060303876438 ], [ 92.467531573742832, 25.676882377186359 ], [ 92.46770856790495, 25.676641248041719 ], [ 92.467837649523076, 25.676383331920107 ], [ 92.467982624135217, 25.676173324110533 ], [ 92.468144633500046, 25.676012309749449 ], [ 92.468337656301813, 25.675899258395486 ], [ 92.46834033867124, 25.675898651184202 ], [ 92.468341620567131, 25.675897900671028 ], [ 92.468672625494818, 25.675822939198422 ], [ 92.468962627719691, 25.675806914476325 ], [ 92.469253627972805, 25.675855920503391 ], [ 92.469511629512311, 25.675887956978425 ], [ 92.469801631737184, 25.67590396306846 ], [ 92.470011632697791, 25.675903967116543 ], [ 92.470236069584985, 25.675872163005405 ], [ 92.470427650590693, 25.675776310190066 ], [ 92.470636698438767, 25.675550371279485 ], [ 92.471169657218724, 25.674373312891603 ], [ 92.472702801134361, 25.671649368290765 ], [ 92.473460837300323, 25.670101423506502 ], [ 92.474643879003665, 25.667973407574401 ], [ 92.476321991243182, 25.66473343868314 ], [ 92.478519059324071, 25.660838591052539 ], [ 92.480180222150807, 25.657613589051685 ], [ 92.480713253694347, 25.656549615298403 ], [ 92.482954643753018, 25.652442957580853 ], [ 92.483283382231221, 25.651840675066605 ], [ 92.485267460656544, 25.648003734234532 ], [ 92.488451609249694, 25.64203777754016 ], [ 92.490420723538989, 25.638280784572093 ], [ 92.492814876603305, 25.633860849468959 ], [ 92.494201996674548, 25.631006860757907 ], [ 92.495719010440922, 25.628362941549128 ], [ 92.496431023219984, 25.626996892004513 ], [ 92.49722209403221, 25.625478985056045 ], [ 92.497527122376837, 25.625011919051861 ], [ 92.497894131781095, 25.624609977946001 ], [ 92.498147163840457, 25.624497000182924 ], [ 92.498493205667657, 25.62421795027949 ], [ 92.498772224191555, 25.623958984491516 ], [ 92.499061193353825, 25.623795028315286 ], [ 92.499064168574051, 25.623794172178386 ], [ 92.499065180077054, 25.62379359872056 ], [ 92.499430184441621, 25.623688576515011 ], [ 92.499824190915106, 25.623572551582683 ], [ 92.500225431521585, 25.623477217244293 ], [ 92.500445198067666, 25.623344019087284 ], [ 92.500845215168738, 25.623178001496061 ], [ 92.500846386571865, 25.623177777133591 ], [ 92.500849209078481, 25.623176605912839 ], [ 92.501099212917026, 25.623128641739971 ], [ 92.501281213390186, 25.623118645860401 ], [ 92.501858216568536, 25.62316662623671 ], [ 92.5023392185891, 25.62324369837642 ], [ 92.502724221248528, 25.623262644439581 ], [ 92.503252224921397, 25.623253686955788 ], [ 92.503781232012415, 25.623166665925389 ], [ 92.504192048659846, 25.623042637945534 ], [ 92.504691284684043, 25.622784092416932 ], [ 92.505825274779568, 25.621987124057792 ], [ 92.506354308820079, 25.621621189502328 ], [ 92.506662285435468, 25.621285113952165 ], [ 92.506729279094415, 25.621131137193128 ], [ 92.506748329666621, 25.620872089384804 ], [ 92.506673298780854, 25.620463125495817 ], [ 92.506375380601682, 25.619771185215399 ], [ 92.506134381475576, 25.61907907568764 ], [ 92.506086337777546, 25.618839121665197 ], [ 92.506067407579579, 25.618589154702246 ], [ 92.506067381528425, 25.61817611028512 ], [ 92.506106397157865, 25.617955139424566 ], [ 92.506154373482246, 25.617792160790316 ], [ 92.506183422303593, 25.617638146319365 ], [ 92.506183394455817, 25.617465164420107 ], [ 92.506106416920801, 25.617311151957704 ], [ 92.505990386027108, 25.617187162449941 ], [ 92.505827432532897, 25.617090099306221 ], [ 92.505721398091708, 25.617052092627198 ], [ 92.505615395989864, 25.616946103007653 ], [ 92.50557743677922, 25.616850095118657 ], [ 92.505606403853861, 25.6167161224875 ], [ 92.50571138906281, 25.616610124469787 ], [ 92.505714728999024, 25.616609431094911 ], [ 92.505715412616979, 25.616608740960089 ], [ 92.50594641529058, 25.616560715019222 ], [ 92.506186708340877, 25.616550748560801 ], [ 92.506717474333243, 25.616325160014629 ], [ 92.50672070647164, 25.616324081878918 ], [ 92.506721459259836, 25.616323761921276 ], [ 92.507644443179984, 25.616015750866243 ], [ 92.508279480220651, 25.615919763290343 ], [ 92.508875456716083, 25.615862806575457 ], [ 92.509356459634986, 25.615881816990768 ], [ 92.509894459760318, 25.615996797173732 ], [ 92.510480459566239, 25.616208839564344 ], [ 92.510942456828673, 25.61648685029073 ], [ 92.511384451304636, 25.616832858792129 ], [ 92.511721444402014, 25.617207834801953 ], [ 92.512060434454284, 25.617664841019607 ], [ 92.512233429316737, 25.617943876259091 ], [ 92.512377426561841, 25.618078878653158 ], [ 92.512541425695034, 25.618174882314854 ], [ 92.512771425848811, 25.618241856086343 ], [ 92.513060427350425, 25.61829989221523 ], [ 92.513387428486922, 25.618318899812838 ], [ 92.513666429942802, 25.618318905482848 ], [ 92.513992433051001, 25.618308880850662 ], [ 92.51439643328203, 25.618471920340486 ], [ 92.514598428456836, 25.618692924265492 ], [ 92.514790426280797, 25.618856897163756 ], [ 92.514973424782283, 25.618942900731341 ], [ 92.515089426929862, 25.618961903366671 ], [ 92.515229761743555, 25.618915128204311 ], [ 92.515383417674585, 25.618829346557369 ], [ 92.515469412498419, 25.618685268114398 ], [ 92.515527423902824, 25.618454337565794 ], [ 92.515527476005119, 25.618156403628834 ], [ 92.515527482293322, 25.617849351488239 ], [ 92.515536432208506, 25.617666286887882 ], [ 92.515575414600249, 25.617551305071267 ], [ 92.515633497869871, 25.617465368543019 ], [ 92.515815469597015, 25.6173493254169 ], [ 92.515818574174602, 25.617348491104149 ], [ 92.515819471591584, 25.617347919235417 ], [ 92.516030137305492, 25.617291283966267 ], [ 92.51621950486232, 25.617215418956558 ], [ 92.516315453019516, 25.617128342497217 ], [ 92.516392516792777, 25.616917336127717 ], [ 92.516402510550321, 25.616638304971211 ], [ 92.516350497197053, 25.6162773615753 ], [ 92.516292503758962, 25.616076289421205 ], [ 92.516215524427324, 25.615960291927365 ], [ 92.51614855502288, 25.615826361229825 ], [ 92.516177526589104, 25.615586305092645 ], [ 92.51625453736176, 25.615470365445031 ], [ 92.516388545340902, 25.615394338894173 ], [ 92.516390867485939, 25.615393873939468 ], [ 92.516392525775942, 25.615392932689691 ], [ 92.516681529972516, 25.615334938080323 ], [ 92.51716153396481, 25.615334948610695 ], [ 92.518142539170853, 25.615430969057336 ], [ 92.519950546902152, 25.615642006402233 ], [ 92.52080255133842, 25.615768054971962 ], [ 92.521437521903721, 25.615825068433619 ], [ 92.522417560522527, 25.61586408803095 ], [ 92.52444657716994, 25.615844099105512 ], [ 92.525580618469434, 25.615816122542526 ], [ 92.526023589414109, 25.61582516320626 ], [ 92.52643659166263, 25.615883140567249 ], [ 92.526850593736043, 25.615912149082728 ], [ 92.527302598139229, 25.615864189283744 ], [ 92.527801574550338, 25.615739200325905 ], [ 92.528924589029728, 25.615486192524571 ], [ 92.529383559867952, 25.615334217967185 ], [ 92.52993964936816, 25.615065677025413 ], [ 92.530353670306212, 25.614892580428268 ], [ 92.530355610667229, 25.61489207335012 ], [ 92.530357647147966, 25.614891222009597 ], [ 92.53061765103223, 25.614823228153107 ], [ 92.53094365414043, 25.614804266171141 ], [ 92.531463656519051, 25.61481427732685 ], [ 92.532184658739112, 25.614948260190449 ], [ 92.533453663825227, 25.615188318419378 ], [ 92.533837664863114, 25.615246326060305 ], [ 92.534068666638419, 25.615246330920446 ], [ 92.534242819429295, 25.615188712902519 ], [ 92.534487702870678, 25.61503671528606 ], [ 92.534747707653239, 25.614699703451386 ], [ 92.535157696952297, 25.613995716166254 ], [ 92.535369690376186, 25.613755695233515 ], [ 92.53556173401428, 25.613640742865719 ], [ 92.535565620126178, 25.613639390103071 ], [ 92.535565718042577, 25.613639330970337 ], [ 92.53578672246708, 25.613562366850683 ], [ 92.536142725712466, 25.613533373965584 ], [ 92.53711372997445, 25.613667363125462 ], [ 92.538526733203966, 25.613975424785178 ], [ 92.538776733449225, 25.614023398302685 ], [ 92.539015083443545, 25.61399460560812 ], [ 92.539157785317997, 25.613918820319103 ], [ 92.53923476824292, 25.613803771713869 ], [ 92.539234745785038, 25.61365977064532 ], [ 92.539166790030436, 25.613476822752705 ], [ 92.538416799176133, 25.612775754950839 ], [ 92.538186740631886, 25.612525755863444 ], [ 92.538109800826092, 25.612458794279231 ], [ 92.538089779175039, 25.612304797236053 ], [ 92.538157780743759, 25.612218792941203 ], [ 92.538757815827651, 25.611975838493453 ], [ 92.538759040231398, 25.611975510423694 ], [ 92.53876178638123, 25.611974398226682 ], [ 92.539156790882984, 25.611868438935836 ], [ 92.53937779351088, 25.611839411617733 ], [ 92.539607794562983, 25.611868448656441 ], [ 92.539857793909903, 25.611974421718106 ], [ 92.54004079151305, 25.612127425258379 ], [ 92.540242791179438, 25.612223428840952 ], [ 92.54048279048061, 25.612300465917009 ], [ 92.540838791929403, 25.61234844172694 ], [ 92.541309794802544, 25.61236748348308 ], [ 92.541723798672592, 25.612348460358021 ], [ 92.542617810128178, 25.612214510221872 ], [ 92.542838811857777, 25.612175514544433 ], [ 92.5429538123838, 25.612214517512299 ], [ 92.543021808562585, 25.612339518256917 ], [ 92.542771798435865, 25.61270448164332 ], [ 92.542713794217988, 25.612848512214388 ], [ 92.542729788721601, 25.613045512860321 ], [ 92.542825785387819, 25.613199514619385 ], [ 92.542921783850645, 25.613286483776069 ], [ 92.543133785359387, 25.613314457691104 ], [ 92.543306755967365, 25.613305524572713 ], [ 92.543517789990517, 25.613238496192054 ], [ 92.543748791765836, 25.613238501862334 ], [ 92.544094793168867, 25.613324477882042 ], [ 92.544565793347076, 25.613430550907552 ], [ 92.545056795413387, 25.613516560810712 ], [ 92.545700796742238, 25.613651573876776 ], [ 92.546238800460856, 25.613708585108022 ], [ 92.547498807122764, 25.613814610810504 ], [ 92.548478814300523, 25.613804631972513 ], [ 92.549315821363109, 25.613804648983304 ], [ 92.5496908536212, 25.613872625598507 ], [ 92.550084822365449, 25.614016633700913 ], [ 92.550687818296538, 25.614315677174009 ], [ 92.551418816969104, 25.614594692692972 ], [ 92.552245815002834, 25.614920677901758 ], [ 92.553053813668271, 25.615257694783487 ], [ 92.553437812011211, 25.615429702987647 ], [ 92.553755812028498, 25.615506708836051 ], [ 92.553955927029406, 25.615497783981784 ], [ 92.554126858461686, 25.615422148690676 ], [ 92.554279821791653, 25.615278161722568 ], [ 92.554385855334516, 25.615143150494116 ], [ 92.554452818450756, 25.61498021257621 ], [ 92.55451085500799, 25.614788085828284 ], [ 92.554510877465859, 25.614605081340688 ], [ 92.55434785749631, 25.614250132531051 ], [ 92.554010903924819, 25.613760130184534 ], [ 92.553933867100994, 25.613606142918499 ], [ 92.553895870161099, 25.613510146926878 ], [ 92.553876895945677, 25.613356155288546 ], [ 92.553914900072073, 25.613251091507042 ], [ 92.554049860265408, 25.613155080649495 ], [ 92.554053364593358, 25.613154079439074 ], [ 92.554053873938116, 25.613153716540776 ], [ 92.554322878043195, 25.613076783700045 ], [ 92.554581881204228, 25.613028727178257 ], [ 92.554870884502506, 25.612960763853764 ], [ 92.555108517641258, 25.61290430228463 ], [ 92.555270920468175, 25.612818161523929 ], [ 92.55542489799609, 25.612665148337356 ], [ 92.555481898795819, 25.612530167368792 ], [ 92.555577945767681, 25.612319105897708 ], [ 92.555664885619208, 25.612194147254218 ], [ 92.555760964032103, 25.612107225905547 ], [ 92.555763887150007, 25.612106715575358 ], [ 92.555764914822703, 25.612105784020251 ], [ 92.555999916795983, 25.612064757516517 ], [ 92.556518920247996, 25.612064768047141 ], [ 92.556677927443189, 25.6120081699666 ], [ 92.556764969702641, 25.611855222977166 ], [ 92.55669795448415, 25.611566203406603 ], [ 92.556629969085122, 25.611451157397024 ], [ 92.556224930401598, 25.611273152310737 ], [ 92.556022962176286, 25.61123516241301 ], [ 92.555917986848812, 25.611196112142395 ], [ 92.555801913734328, 25.611138159239452 ], [ 92.555724989199902, 25.611042224449868 ], [ 92.555676923942301, 25.610937169165013 ], [ 92.55563895305356, 25.610745201169298 ], [ 92.555639006952489, 25.610264171263541 ], [ 92.555706020374359, 25.609131139279896 ], [ 92.555725043997114, 25.608650166874369 ], [ 92.555724996386445, 25.608352140449536 ], [ 92.555696010447164, 25.608151172422986 ], [ 92.555619001471115, 25.607923153185098 ], [ 92.555561070915076, 25.60757719179631 ], [ 92.555561017016146, 25.607125142778486 ], [ 92.555590046074542, 25.606981138524283 ], [ 92.555648063767194, 25.606837132476411 ], [ 92.555686031062677, 25.606674196196803 ], [ 92.555696093092166, 25.606529140718198 ], [ 92.555677102707051, 25.606357183701874 ], [ 92.555619062556559, 25.606174183317574 ], [ 92.555590068532439, 25.605953171634599 ], [ 92.555552088660534, 25.605742155256785 ], [ 92.55555208416898, 25.605521141154959 ], [ 92.555571098808571, 25.60530921265892 ], [ 92.555600090137759, 25.605175140411252 ], [ 92.555667107152885, 25.605040189059324 ], [ 92.555715078985685, 25.604925133528571 ], [ 92.555734076557314, 25.604762139556502 ], [ 92.555744090077781, 25.604541156046995 ], [ 92.555714140246224, 25.603890211233878 ], [ 92.555570141204498, 25.602747147179642 ], [ 92.555455135288554, 25.60224716810411 ], [ 92.555368140639814, 25.602122132502778 ], [ 92.555253163469956, 25.602103184708326 ], [ 92.555120177773603, 25.60212190243 ], [ 92.554612150836064, 25.602418764860367 ], [ 92.55377613102192, 25.602908778052804 ], [ 92.553420123284965, 25.603100707595573 ], [ 92.55341708877593, 25.603101580082903 ], [ 92.553416163511187, 25.603102078299873 ], [ 92.552714117540233, 25.603304063397889 ], [ 92.552426156287694, 25.603362047642378 ], [ 92.55228213029649, 25.603381107842235 ], [ 92.552176058126065, 25.603352072792447 ], [ 92.552128085394955, 25.603246113959958 ], [ 92.55228217521227, 25.602862159440065 ], [ 92.552455130548879, 25.602439078456051 ], [ 92.552570175092356, 25.602065114935485 ], [ 92.552666185233306, 25.601642070017014 ], [ 92.552714193897017, 25.601363151453604 ], [ 92.552743201395856, 25.601181138255289 ], [ 92.552801149019885, 25.601056091817792 ], [ 92.552887179776349, 25.600931131932757 ], [ 92.552964209413616, 25.600864105524995 ], [ 92.553157213350744, 25.60076809281999 ], [ 92.553159089931384, 25.600767775251096 ], [ 92.553161180311022, 25.600766735050943 ], [ 92.5536031855668, 25.600691743399768 ], [ 92.554186678174773, 25.600548374637132 ], [ 92.55436821421894, 25.600453178286546 ], [ 92.554464192020532, 25.600347116429415 ], [ 92.55455022098036, 25.600222154993414 ], [ 92.55457019142743, 25.600107104548041 ], [ 92.554541256692119, 25.599982154203051 ], [ 92.554493199519371, 25.599876195624905 ], [ 92.554397209141399, 25.599742193437603 ], [ 92.554214238487688, 25.599569103816254 ], [ 92.554118238228213, 25.599482140072656 ], [ 92.554050198930284, 25.599406184366618 ], [ 92.554031229206444, 25.599185112375544 ], [ 92.55412725641537, 25.599021089806886 ], [ 92.554127285161442, 25.598858127483538 ], [ 92.554012237923004, 25.598704114540872 ], [ 92.553925221714692, 25.598608148710056 ], [ 92.553906257380746, 25.598474110265869 ], [ 92.554041283151093, 25.598378189618384 ], [ 92.554099240656583, 25.598272101616672 ], [ 92.554022256833377, 25.598128136118721 ], [ 92.553916282579308, 25.59811815273077 ], [ 92.553772226045396, 25.598147145303702 ], [ 92.553599291370048, 25.598147159076117 ], [ 92.553493296454718, 25.598032175496698 ], [ 92.55353128980137, 25.597840168146377 ], [ 92.553685241278131, 25.597667113849006 ], [ 92.553688407839502, 25.597666675560163 ], [ 92.553689263035636, 25.597665714727302 ], [ 92.553833264772322, 25.597645717897958 ], [ 92.554006297364026, 25.597645721948673 ], [ 92.554237265003351, 25.597751726250895 ], [ 92.55458323047381, 25.597982733252707 ], [ 92.554862262472398, 25.598059771403815 ], [ 92.555080299761514, 25.598021299322788 ], [ 92.555195321847151, 25.597916201810712 ], [ 92.555272292195639, 25.597753113219419 ], [ 92.555320287384632, 25.597609167350353 ], [ 92.555377326811893, 25.59748420710417 ], [ 92.555531281881926, 25.597398183235956 ], [ 92.555532376029959, 25.597398410077261 ], [ 92.555535283876523, 25.597396785731398 ], [ 92.555670284494056, 25.597424756073206 ], [ 92.555785283223457, 25.59750175893728 ], [ 92.555920281146058, 25.597626761292748 ], [ 92.556052616462139, 25.597702839650768 ], [ 92.556146282898496, 25.597609237833083 ], [ 92.556185338952091, 25.597484224117238 ], [ 92.556223244263819, 25.597359206219991 ], [ 92.556310300896328, 25.597244178134982 ], [ 92.556313465661077, 25.597243865417632 ], [ 92.556314293907761, 25.597242770096685 ], [ 92.556506296223318, 25.597223806136299 ], [ 92.55665029706168, 25.59723284010466 ], [ 92.556702557451644, 25.597214247190813 ], [ 92.556781278616626, 25.59718619983564 ], [ 92.556839347513232, 25.59707117401468 ], [ 92.556839326851971, 25.596965181261524 ], [ 92.556820278076387, 25.596831142596276 ], [ 92.556752361847629, 25.596677183754014 ], [ 92.55664635345758, 25.596543152867554 ], [ 92.556377294555276, 25.596379194728524 ], [ 92.556156357504406, 25.596370218216631 ], [ 92.555666362449529, 25.596331172002532 ], [ 92.555387325061034, 25.596312177111702 ], [ 92.555156362811587, 25.596283216500137 ], [ 92.554993342842025, 25.596245161887801 ], [ 92.554849332122203, 25.596085102623384 ], [ 92.554752292511949, 25.595969153784537 ], [ 92.554695308780197, 25.595835180436026 ], [ 92.554666304874644, 25.595729099090402 ], [ 92.554656364117704, 25.595575135588884 ], [ 92.554675347316291, 25.595460172221269 ], [ 92.554772377943394, 25.595268163172356 ], [ 92.554887351519952, 25.595153130645844 ], [ 92.555281359790101, 25.594768186855344 ], [ 92.555416358611012, 25.594567174933271 ], [ 92.555493354112301, 25.594374201971217 ], [ 92.555550417794123, 25.59415318063143 ], [ 92.555589405575759, 25.593913144977506 ], [ 92.555570389139504, 25.593615151496351 ], [ 92.555330428465865, 25.592512149892908 ], [ 92.555070394937189, 25.591820147472784 ], [ 92.554763459469243, 25.591311098023414 ], [ 92.554628462444995, 25.59093609993122 ], [ 92.554493421403251, 25.590484090900805 ], [ 92.554426501406184, 25.590196153137203 ], [ 92.554407463410357, 25.589927140911321 ], [ 92.554397444499998, 25.589639195325656 ], [ 92.554388482906731, 25.589332203625489 ], [ 92.554416550767755, 25.588582122561927 ], [ 92.55451355803865, 25.58792912612364 ], [ 92.554638575678453, 25.586807190747411 ], [ 92.554830542959706, 25.585875144869533 ], [ 92.555119630699608, 25.585212168638694 ], [ 92.555686671561475, 25.584097173401162 ], [ 92.55599462302402, 25.583771190855927 ], [ 92.556930675634902, 25.58295524575481 ], [ 92.55814172411381, 25.581726264930477 ], [ 92.558651770464166, 25.581140237787036 ], [ 92.558776770137626, 25.580861277092044 ], [ 92.558814727551635, 25.58063026457851 ], [ 92.558814750907842, 25.580467303131442 ], [ 92.558804768828395, 25.580256279873602 ], [ 92.55866079853277, 25.579977229609696 ], [ 92.558083782777999, 25.579439202360966 ], [ 92.5575458033139, 25.578959163095298 ], [ 92.557403806616946, 25.578814189874908 ], [ 92.556446813378471, 25.577836137257275 ], [ 92.556359836696046, 25.577711191201125 ], [ 92.556263827453421, 25.577586218275254 ], [ 92.556205812455744, 25.57742217743851 ], [ 92.556176811245095, 25.577249196513943 ], [ 92.556176837296235, 25.577086142952897 ], [ 92.556263813978674, 25.576788199938047 ], [ 92.556753828796488, 25.576154177755139 ], [ 92.557090860521441, 25.575616203818612 ], [ 92.557167907226727, 25.575338182348681 ], [ 92.557244875778551, 25.575059167617042 ], [ 92.557263902994606, 25.574752260060674 ], [ 92.557207933460816, 25.573831195583207 ], [ 92.557101935850554, 25.572918195551061 ], [ 92.556909980247369, 25.572140181226175 ], [ 92.556899957743767, 25.571852235792413 ], [ 92.556889970274426, 25.57162125937451 ], [ 92.556928959852712, 25.571467171667244 ], [ 92.557005991286616, 25.57130426176202 ], [ 92.557322951953154, 25.570862198281109 ], [ 92.557852014739765, 25.57029518990668 ], [ 92.558083000345391, 25.570103222322796 ], [ 92.558605993215593, 25.569846227567812 ], [ 92.559914051660385, 25.56921222048474 ], [ 92.56073108737759, 25.568779325586164 ], [ 92.561462056405716, 25.568376323528902 ], [ 92.562394113310262, 25.567713269016942 ], [ 92.563337116186489, 25.566858298014406 ], [ 92.56409617912685, 25.566195348548089 ], [ 92.56448420731212, 25.565681343334678 ], [ 92.565215215866161, 25.564576363067292 ], [ 92.565657231003385, 25.563817395083799 ], [ 92.565821204983777, 25.56362539523619 ], [ 92.566205232072789, 25.563260432845315 ], [ 92.566518225779035, 25.562810390638173 ], [ 92.566806310100773, 25.562301409063149 ], [ 92.567162276515234, 25.561542450976741 ], [ 92.567325266840399, 25.561302417184411 ], [ 92.567479336894777, 25.561100455193454 ], [ 92.567700289217001, 25.560927400445944 ], [ 92.567704299296437, 25.560926022775352 ], [ 92.56792630354586, 25.56084902798337 ], [ 92.568204306075131, 25.560801065557236 ], [ 92.568512308741688, 25.560772071230531 ], [ 92.568906313418537, 25.560715080153354 ], [ 92.569213426752938, 25.560628338587808 ], [ 92.569518339214866, 25.560514472966798 ], [ 92.569941330729336, 25.560312486956281 ], [ 92.57043137429325, 25.559861512247259 ], [ 92.570931405326476, 25.559255455884276 ], [ 92.571475383740022, 25.558547506011561 ], [ 92.571687444537559, 25.558355551204667 ], [ 92.572389445592762, 25.557875485766214 ], [ 92.572783445778072, 25.557673496927265 ], [ 92.572785535259428, 25.55767309658151 ], [ 92.572787419924865, 25.557672130565095 ], [ 92.573037423763424, 25.557624167677528 ], [ 92.57333542548588, 25.557653140884867 ], [ 92.573614425145138, 25.5577591789874 ], [ 92.574017421059679, 25.557999155045874 ], [ 92.57448941477459, 25.55838316517476 ], [ 92.574912410780613, 25.558691205492739 ], [ 92.575190410614965, 25.558806210660656 ], [ 92.575537442385638, 25.558921186543497 ], [ 92.575758410877526, 25.558969222658924 ], [ 92.575969411663024, 25.558969227521395 ], [ 92.576354417017413, 25.558912234776155 ], [ 92.576687834819936, 25.558815956636497 ], [ 92.577754444980982, 25.558307719067027 ], [ 92.578338477476407, 25.558057598866288 ], [ 92.578341525460161, 25.558056641767525 ], [ 92.578342453419864, 25.558056244664701 ], [ 92.578679459093621, 25.55795025220829 ], [ 92.57896743112596, 25.557864257464555 ], [ 92.579371468187915, 25.557816297895563 ], [ 92.579909471906532, 25.557806308713722 ], [ 92.580419442798373, 25.557883319238268 ], [ 92.581130476413747, 25.558027303971411 ], [ 92.581457475753581, 25.558113310754347 ], [ 92.581909479258485, 25.558171350933364 ], [ 92.582102479602312, 25.558161354487432 ], [ 92.58225239764343, 25.558133927671669 ], [ 92.582367473627983, 25.55802870031485 ], [ 92.582482520866421, 25.557874732890589 ], [ 92.582713543302972, 25.556942755142426 ], [ 92.583021567529073, 25.556174773046205 ], [ 92.583194541730279, 25.555837783415491 ], [ 92.583284584362772, 25.555388784715277 ], [ 92.583332597518066, 25.554773725285632 ], [ 92.583400628731184, 25.554446727660874 ], [ 92.583534568438353, 25.55416876240475 ], [ 92.583775652904407, 25.553812735511002 ], [ 92.583871619027903, 25.553572852373481 ], [ 92.583948604647759, 25.553361805224995 ], [ 92.584015662985422, 25.553101796967578 ], [ 92.584025670217642, 25.552794768309042 ], [ 92.584005700668911, 25.552016822643161 ], [ 92.583976643762725, 25.551564776082785 ], [ 92.583976668915554, 25.551295729733727 ], [ 92.583986688724238, 25.551151754741895 ], [ 92.584073717508943, 25.551026777604655 ], [ 92.584077123920494, 25.551026192451509 ], [ 92.584077675486085, 25.551025399009792 ], [ 92.584298678113967, 25.550987372964219 ], [ 92.584548680155848, 25.550996377193158 ], [ 92.584942681239497, 25.551073385610611 ], [ 92.585778680392323, 25.551313433411821 ], [ 92.586644673394218, 25.551899420115017 ], [ 92.587442667522353, 25.552370437293188 ], [ 92.587959665934676, 25.552560478487973 ], [ 92.58837966695755, 25.552668456452615 ], [ 92.589316667291072, 25.552956505546035 ], [ 92.589676668937798, 25.553028513861598 ], [ 92.590013670120015, 25.553040457431354 ], [ 92.590553675285079, 25.553016500592086 ], [ 92.591009678987916, 25.552968540703642 ], [ 92.59145468551506, 25.552884519069341 ], [ 92.591934692202273, 25.552764529625495 ], [ 92.592355699338299, 25.552620600973039 ], [ 92.592955709269361, 25.552416551211348 ], [ 92.593736721645371, 25.552152567248111 ], [ 92.594240728622069, 25.552044609080003 ], [ 92.594505731630889, 25.552020613950269 ], [ 92.594733731236502, 25.552080619190317 ], [ 92.59500972962438, 25.552212624291098 ], [ 92.595413692126201, 25.552636633306442 ], [ 92.595965712258177, 25.553224612911336 ], [ 92.596205710661053, 25.553368648627639 ], [ 92.596494710366059, 25.553428654813597 ], [ 92.596890743438834, 25.553464662887144 ], [ 92.597106715501141, 25.553464666939373 ], [ 92.597323714337804, 25.553548671958023 ], [ 92.597419711004022, 25.553704674291271 ], [ 92.597539705264708, 25.553992676319645 ], [ 92.597587696860444, 25.554316676558578 ], [ 92.59768369173004, 25.554544648016343 ], [ 92.597851690162884, 25.554700651484286 ], [ 92.598127687652479, 25.554844687857742 ], [ 92.598488688225814, 25.554928663543738 ], [ 92.598872691958618, 25.554940703365883 ], [ 92.599244694199257, 25.554952710769435 ], [ 92.599448695312077, 25.554952714821574 ], [ 92.599641694757594, 25.555060718995922 ], [ 92.599845691378832, 25.555276661407476 ], [ 92.600113677692718, 25.555860728275668 ], [ 92.600365666808003, 25.556376733615583 ], [ 92.600498661487492, 25.556616735945269 ], [ 92.600726658398173, 25.556832709590303 ], [ 92.600918655323852, 25.556988714131432 ], [ 92.601146654031197, 25.557144718469459 ], [ 92.601338652753498, 25.557228753324981 ], [ 92.60142265152075, 25.557312754894394 ], [ 92.601506643101487, 25.557648724924732 ], [ 92.601279580438728, 25.560055751591076 ], [ 92.601315557965847, 25.560992720652017 ], [ 92.601423542649499, 25.561628721854341 ], [ 92.601615503642591, 25.562012725211446 ], [ 92.601808527342612, 25.562324730324899 ], [ 92.602000522471656, 25.562576733051312 ], [ 92.602180521498397, 25.562708737123504 ], [ 92.602420522596233, 25.562768711078739 ], [ 92.602792523938561, 25.562780780907545 ], [ 92.603537529142997, 25.562792764834647 ], [ 92.604906543669713, 25.562636793783618 ], [ 92.605879554768009, 25.562516814106047 ], [ 92.606658560307665, 25.562495830028737 ], [ 92.60754756724883, 25.562543880108134 ], [ 92.60926457654017, 25.562723914774487 ], [ 92.610729579648222, 25.562999914459215 ], [ 92.612531586633423, 25.563287983285662 ], [ 92.613552590225808, 25.563480004743919 ], [ 92.615554596329247, 25.563818045004449 ], [ 92.616587597820555, 25.564106067292855 ], [ 92.617512596661854, 25.564394085647155 ], [ 92.618605596630985, 25.564778108502015 ], [ 92.619494597283946, 25.565006094899342 ], [ 92.620118599419627, 25.565127140145918 ], [ 92.62069560169968, 25.565175119478294 ], [ 92.621146604481311, 25.565226161162208 ], [ 92.621866603283209, 25.565502143736072 ], [ 92.622563598925652, 25.565862190129231 ], [ 92.622995596050828, 25.566138198789716 ], [ 92.623452587900474, 25.56660617707017 ], [ 92.623996573500577, 25.567343218732944 ], [ 92.624177537317919, 25.567572192115239 ], [ 92.624501565929123, 25.56781219875683 ], [ 92.624753563129261, 25.567992234418114 ], [ 92.625089559096651, 25.568256210221421 ], [ 92.62537855341175, 25.568556278118173 ], [ 92.625678546699206, 25.5689042534122 ], [ 92.626098537840605, 25.569408262251187 ], [ 92.626579531776343, 25.569780240422691 ], [ 92.627203524928888, 25.570248253091023 ], [ 92.627648521574557, 25.570524230574321 ], [ 92.628741514357145, 25.571196284387803 ], [ 92.629644508965583, 25.571647303123793 ], [ 92.629980504932988, 25.571875309667274 ], [ 92.630160502163093, 25.572079313320096 ], [ 92.630280497322147, 25.572319315790221 ], [ 92.630400485294629, 25.572811349210038 ], [ 92.630545477873071, 25.573195321574421 ], [ 92.630941456148619, 25.574143360328929 ], [ 92.63158042691191, 25.575485341095479 ], [ 92.631844414824428, 25.576073377898858 ], [ 92.632264380813012, 25.577526385437363 ], [ 92.632709350509245, 25.578882394619718 ], [ 92.633453319057864, 25.580346378726514 ], [ 92.634354295151866, 25.581594427668733 ], [ 92.635163271184339, 25.582768443537653 ], [ 92.635898507210086, 25.583547177152624 ], [ 92.636160252029356, 25.583824432514973 ], [ 92.637637229680166, 25.58518046352064 ], [ 92.638886215810174, 25.586117519562997 ], [ 92.640075205258995, 25.586909543276541 ], [ 92.640515200085161, 25.587229521670999 ], [ 92.640743195199221, 25.587529556594131 ], [ 92.641188179268454, 25.588285566076113 ], [ 92.641452168977651, 25.588789571093955 ], [ 92.642076161231856, 25.589269553103797 ], [ 92.643385188060506, 25.589845580664527 ], [ 92.644923117301673, 25.590614611526465 ], [ 92.64625614262313, 25.591262670598734 ], [ 92.648187135106724, 25.592193711200796 ], [ 92.649364131148161, 25.592709734969127 ], [ 92.649701132330392, 25.592769741695854 ], [ 92.650169135728788, 25.592745719078366 ], [ 92.651271377565564, 25.592386678768413 ], [ 92.652855194548025, 25.591679177569691 ], [ 92.653336179500613, 25.591403145157461 ], [ 92.653516240511124, 25.591235192221244 ], [ 92.653648184161739, 25.591067214743564 ], [ 92.653672255418087, 25.59086322886975 ], [ 92.653720206589625, 25.590550237583628 ], [ 92.653804221526585, 25.590202209354729 ], [ 92.654008278334928, 25.589770230539408 ], [ 92.654385259937186, 25.588765264915335 ], [ 92.654493337147329, 25.588272297277921 ], [ 92.654565297591475, 25.587660158223468 ], [ 92.654673332580799, 25.587324285357983 ], [ 92.654949326477109, 25.58700018401769 ], [ 92.655550381148913, 25.586448246856882 ], [ 92.655658341578047, 25.586136298122373 ], [ 92.65569433617317, 25.585896226937912 ], [ 92.655730398141941, 25.585632229263521 ], [ 92.655730408023416, 25.585284274234056 ], [ 92.655730384667194, 25.584948235894167 ], [ 92.655730394548655, 25.584600279686001 ], [ 92.65571840293795, 25.584372282795186 ], [ 92.655742378972874, 25.584228246283338 ], [ 92.656538426451803, 25.583213243809254 ], [ 92.65728248213702, 25.582229263696224 ], [ 92.657619529133285, 25.581448281149086 ], [ 92.657919552065138, 25.580404301176017 ], [ 92.6582575539706, 25.579399232585978 ], [ 92.658618577900128, 25.578583362204462 ], [ 92.658714622177015, 25.577923336321234 ], [ 92.658690567090346, 25.577575323226696 ], [ 92.658618565323692, 25.577227289673612 ], [ 92.658413592233742, 25.576231334489133 ], [ 92.658211615923591, 25.575395369851741 ], [ 92.658187638092031, 25.574963302745072 ], [ 92.658223642568586, 25.574687296598984 ], [ 92.658391665255962, 25.574266331346074 ], [ 92.658583672961441, 25.574014344303624 ], [ 92.658956680416864, 25.573714386511085 ], [ 92.659448729918779, 25.573414342074177 ], [ 92.659451936904361, 25.573413381856895 ], [ 92.659452695980761, 25.57341291916989 ], [ 92.660173707184001, 25.573196966506618 ], [ 92.661074717413996, 25.573064952926575 ], [ 92.661420217557065, 25.573005391714723 ], [ 92.661526699359285, 25.572934335370622 ], [ 92.661562749649974, 25.572814340889465 ], [ 92.66155075714093, 25.572670399051407 ], [ 92.66145476766124, 25.572442389970352 ], [ 92.66129875634752, 25.572334318815358 ], [ 92.660937716248327, 25.572178373965826 ], [ 92.660013767537549, 25.571950338827939 ], [ 92.659268724603834, 25.571602364282437 ], [ 92.65860775499759, 25.57125431255518 ], [ 92.657947760063394, 25.570882333290452 ], [ 92.657617802571323, 25.570596263174505 ], [ 92.657317764368116, 25.570067305955909 ], [ 92.65713779318915, 25.569467305016229 ], [ 92.657052807173372, 25.568723251573989 ], [ 92.657149847681936, 25.567799325569858 ], [ 92.657064876039215, 25.566215263924548 ], [ 92.657016916782823, 25.565327293096683 ], [ 92.656958921548068, 25.563611297931033 ], [ 92.656982973041494, 25.563035338613673 ], [ 92.657078942758233, 25.562255232497744 ], [ 92.657139019389518, 25.561943259618779 ], [ 92.657139017592868, 25.561655342342849 ], [ 92.657115005625343, 25.561439233952228 ], [ 92.656995070653437, 25.561295310857535 ], [ 92.65671902555313, 25.561199323132762 ], [ 92.655914029057357, 25.561031219223594 ], [ 92.655013009844239, 25.560827221873257 ], [ 92.654087986748422, 25.560407201445997 ], [ 92.652761975472686, 25.559583194060775 ], [ 92.651814012099464, 25.558983168153777 ], [ 92.651141032017819, 25.558647152430432 ], [ 92.650624029113942, 25.558479163260024 ], [ 92.650060050608886, 25.5583471747875 ], [ 92.649279054402555, 25.558263146389319 ], [ 92.648407031010194, 25.558176097522768 ], [ 92.647891043202563, 25.558056132827595 ], [ 92.647025979058682, 25.557612107054172 ], [ 92.646017038043922, 25.556939036928984 ], [ 92.645717056434606, 25.556615001638722 ], [ 92.645561068477079, 25.556399024359536 ], [ 92.645513025677374, 25.556267001988889 ], [ 92.64548905682895, 25.556099105111691 ], [ 92.645513017592549, 25.555907036974343 ], [ 92.645609084327333, 25.55570304548667 ], [ 92.645705058535668, 25.55547503895291 ], [ 92.645801078558051, 25.555259038547707 ], [ 92.645861049188113, 25.555103082811875 ], [ 92.645909059648488, 25.554911072239754 ], [ 92.645909108157497, 25.554755060941385 ], [ 92.645897113851817, 25.554563086281302 ], [ 92.645825078847508, 25.554383065285304 ], [ 92.645076130937255, 25.553042962525481 ], [ 92.644656124524474, 25.55231108866499 ], [ 92.644044114897838, 25.551111072856258 ], [ 92.643539194334494, 25.550175036363861 ], [ 92.643227235487473, 25.549190986584861 ], [ 92.642974221394454, 25.548316052579565 ], [ 92.642866278931592, 25.547404003285529 ], [ 92.642830244810582, 25.54676695723489 ], [ 92.642830270861737, 25.545927037605203 ], [ 92.642987316136342, 25.544726995162648 ], [ 92.643071302327201, 25.544498959642265 ], [ 92.643131284635359, 25.544282963770367 ], [ 92.643143333738266, 25.544067032349997 ], [ 92.642984349899294, 25.543732952449581 ], [ 92.642696345527625, 25.543397022027552 ], [ 92.642096350867874, 25.542760945135459 ], [ 92.642024360779303, 25.542652969592787 ], [ 92.64200034342187, 25.542448957977776 ], [ 92.64198834462465, 25.542232966517744 ], [ 92.642036333525411, 25.541993017247098 ], [ 92.642240356197803, 25.541669032326404 ], [ 92.642588370725392, 25.541140992973858 ], [ 92.643008428342156, 25.540037021662357 ], [ 92.643129514954239, 25.539197035430533 ], [ 92.643141435598054, 25.538081054150428 ], [ 92.643141518243056, 25.537637032999193 ], [ 92.643238503954393, 25.536148020389874 ], [ 92.64315450159387, 25.535524037599295 ], [ 92.643093573359707, 25.535367967024868 ], [ 92.643021541948684, 25.535164018398198 ], [ 92.642913550078475, 25.535020022411604 ], [ 92.64273353398373, 25.534864022511467 ], [ 92.641220584195693, 25.534180027786945 ], [ 92.640211603655104, 25.533650921969237 ], [ 92.639126578929066, 25.532756870397485 ], [ 92.638862621559241, 25.532432909969074 ], [ 92.638682589294845, 25.532120892698458 ], [ 92.63847862411464, 25.531688918387999 ], [ 92.638286612815904, 25.531184925992953 ], [ 92.638082655720552, 25.530860931326963 ], [ 92.637865654188943, 25.530644884139679 ], [ 92.63758959202066, 25.530500919204687 ], [ 92.63726561281679, 25.530380941403504 ], [ 92.636676610841221, 25.53021290694565 ], [ 92.635703604234465, 25.529828856830207 ], [ 92.634070663778999, 25.529180785532585 ], [ 92.633208596414889, 25.528861820160238 ], [ 92.632608637687781, 25.528657807781233 ], [ 92.632552988852552, 25.528627764041911 ], [ 92.63173564860648, 25.529140613360731 ], [ 92.630077755647349, 25.528778045080347 ], [ 92.628895190051139, 25.527986593524826 ], [ 92.628266733169951, 25.526838146172778 ], [ 92.627397090313053, 25.527050973123661 ], [ 92.627479187346864, 25.526047684569658 ], [ 92.62732473461017, 25.524900437857816 ], [ 92.627091289417294, 25.523752989674961 ], [ 92.626777744145471, 25.522963728587701 ], [ 92.625910347975108, 25.522459768444687 ], [ 92.623224959299066, 25.522309532185027 ], [ 92.621171761800852, 25.52208920473236 ], [ 92.620698017269476, 25.522016300705044 ], [ 92.61982929967732, 25.521942371151084 ], [ 92.619666079383464, 25.521743720867487 ], [ 92.619885774064286, 25.521108729732681 ], [ 92.620061231208965, 25.520578764515868 ], [ 92.619399219556954, 25.520089633681781 ], [ 92.618412833442363, 25.520218409433173 ], [ 92.617940687013885, 25.519643751915471 ], [ 92.617821406913819, 25.51958431169713 ], [ 92.617794124180335, 25.519444732212662 ], [ 92.617642040301035, 25.519243636038023 ], [ 92.617305548463605, 25.51907072921459 ], [ 92.616931527708545, 25.519107980645447 ], [ 92.616414817655411, 25.519302550296509 ], [ 92.616287988113712, 25.519440796386149 ], [ 92.616124157863766, 25.519621952902622 ], [ 92.615981205359361, 25.519702744612843 ], [ 92.61583940539343, 25.519597284100463 ], [ 92.615840331556512, 25.519306259138332 ], [ 92.615938750080701, 25.519053448814137 ], [ 92.616204059415026, 25.518940263588977 ], [ 92.616330164914643, 25.518750793335737 ], [ 92.616316944408595, 25.518522997030445 ], [ 92.616261890258087, 25.518295092472023 ], [ 92.61627708166786, 25.517902877090904 ], [ 92.616334106722107, 25.517510771492383 ], [ 92.616448234085681, 25.517299449285176 ], [ 92.616550642028045, 25.517162111134244 ], [ 92.616590517345216, 25.517042751523721 ], [ 92.616525222400497, 25.516875330726823 ], [ 92.616433179219825, 25.516839250864326 ], [ 92.616063633871534, 25.516870384693501 ], [ 92.615974978237816, 25.51677147938765 ], [ 92.615559224449598, 25.516812293715631 ], [ 92.615428162046271, 25.517369209894277 ], [ 92.61495401057806, 25.517380617907666 ], [ 92.614675526551778, 25.517253352669094 ], [ 92.614578926217703, 25.516936763345857 ], [ 92.614453911272875, 25.516784593966253 ], [ 92.614454679332425, 25.51654418195643 ], [ 92.61456667858711, 25.516405288838282 ], [ 92.614609077271879, 25.516228253101811 ], [ 92.614766590568777, 25.515969453340876 ], [ 92.614033302988872, 25.51533735910321 ], [ 92.614227070493953, 25.515065394014282 ], [ 92.614661669140219, 25.51501875174668 ], [ 92.615424442122688, 25.515271628939569 ], [ 92.615688124608042, 25.515152856830902 ], [ 92.615557729652963, 25.514758283376228 ], [ 92.615334989683319, 25.514423200070858 ], [ 92.614624615431381, 25.514254084479443 ], [ 92.613517535268457, 25.514633454775851 ], [ 92.61321579206286, 25.515043942772877 ], [ 92.612820610592962, 25.515114577821148 ], [ 92.611794659080019, 25.51482515043087 ], [ 92.611977691717442, 25.51448602998461 ], [ 92.611952974572418, 25.513984215869023 ], [ 92.611572229927447, 25.513660653891264 ], [ 92.611178359997879, 25.513325111088882 ], [ 92.610481047250161, 25.513191848730049 ], [ 92.610126522631703, 25.512904192989556 ], [ 92.609706099400626, 25.512640253388987 ], [ 92.609416319059648, 25.512687267079972 ], [ 92.608824214303056, 25.512590117592438 ], [ 92.608470393065446, 25.512087424023001 ], [ 92.607957706566538, 25.511859071886033 ], [ 92.607563581515393, 25.511607143352837 ], [ 92.607104412149482, 25.51111611046737 ], [ 92.606131985854418, 25.510575913438764 ], [ 92.605567795346971, 25.510722859023566 ], [ 92.605427373396722, 25.510831429197363 ], [ 92.605229393691246, 25.510824359605106 ], [ 92.605150660848182, 25.51074649596416 ], [ 92.605015469787801, 25.510542176328588 ], [ 92.605016131846156, 25.510339956152478 ], [ 92.605280596764104, 25.510263017248185 ], [ 92.605307726784019, 25.510018189057142 ], [ 92.605236435584771, 25.509677524353865 ], [ 92.60509912719526, 25.509396414237649 ], [ 92.604580365390063, 25.509018704013783 ], [ 92.604271726716291, 25.508796862823139 ], [ 92.603863553810754, 25.508819653723414 ], [ 92.6034419609732, 25.508920058163842 ], [ 92.603079647062941, 25.509008675905122 ], [ 92.602805552205126, 25.509086882807317 ], [ 92.602650689836636, 25.509066379069296 ], [ 92.602606240298087, 25.508852090069652 ], [ 92.602442295962121, 25.508666476024633 ], [ 92.602212392826388, 25.508522496073887 ], [ 92.601903208875257, 25.508467897817024 ], [ 92.601626896077022, 25.508425335108964 ], [ 92.601516758131609, 25.508417466786973 ], [ 92.601637749522283, 25.507717734565894 ], [ 92.601603326978903, 25.507589022426053 ], [ 92.601353641144001, 25.507456933350305 ], [ 92.600991823103769, 25.507396217453365 ], [ 92.600657921109274, 25.50737806543086 ], [ 92.600106853191491, 25.507495350197768 ], [ 92.599941667383789, 25.507686042185682 ], [ 92.599894859767602, 25.507906923065011 ], [ 92.599637563405608, 25.508085416642512 ], [ 92.599393310581533, 25.508299784842357 ], [ 92.599083573268217, 25.508412428790521 ], [ 92.598767133624534, 25.5085608931225 ], [ 92.598641278754911, 25.508799476670696 ], [ 92.598637274963679, 25.509002512618878 ], [ 92.598282037082896, 25.509269508612398 ], [ 92.59810382480525, 25.508779412308392 ], [ 92.598161495748172, 25.508583127083565 ], [ 92.5981362414106, 25.50826050480309 ], [ 92.598090610587434, 25.508026485528461 ], [ 92.598148342615815, 25.507845193954111 ], [ 92.598421001965775, 25.507741616945729 ], [ 92.598658671935453, 25.507527232345076 ], [ 92.598738272551088, 25.507342281072553 ], [ 92.598666544770609, 25.507138995846731 ], [ 92.598462937119876, 25.507007028700574 ], [ 92.59814059464648, 25.506952385973644 ], [ 92.597890635723715, 25.50690391553448 ], [ 92.597568612152244, 25.506753701964858 ], [ 92.597543119761113, 25.506502757525023 ], [ 92.597286998395504, 25.506328831057832 ], [ 92.597010572409559, 25.506322098478091 ], [ 92.596871332642195, 25.506626349249391 ], [ 92.596698763581188, 25.507055945015299 ], [ 92.596618660807252, 25.50739022353245 ], [ 92.596604338966713, 25.507736629998426 ], [ 92.596563609351705, 25.508106856155216 ], [ 92.596425683819632, 25.5080168781172 ], [ 92.59631516588685, 25.507604423525606 ], [ 92.596190904628557, 25.507365153324546 ], [ 92.596060321925577, 25.507048214432523 ], [ 92.595981776830399, 25.506916587705565 ], [ 92.595461058494493, 25.50674192891011 ], [ 92.595250672156638, 25.506669669845973 ], [ 92.594974226407729, 25.506668906108981 ], [ 92.594891398145293, 25.506671828092113 ], [ 92.594856179694546, 25.506574964800851 ], [ 92.594988753064186, 25.506262769224382 ], [ 92.594944101404664, 25.50583854843692 ], [ 92.594839591404522, 25.505599331471167 ], [ 92.594702111436817, 25.505377943670059 ], [ 92.594683648362789, 25.504995607511283 ], [ 92.594645840967402, 25.504493754541699 ], [ 92.594593826715837, 25.504302468049719 ], [ 92.594488897202439, 25.504188686778889 ], [ 92.594285179058943, 25.504092551996273 ], [ 92.592617008474633, 25.503986382122374 ], [ 92.591866025880265, 25.504175436235236 ], [ 92.591759544078059, 25.50452158522933 ], [ 92.591751790718831, 25.504868009699436 ], [ 92.591685506728979, 25.50500520867806 ], [ 92.5913426584126, 25.505177475792067 ], [ 92.591125150231179, 25.5052664676282 ], [ 92.591060483208793, 25.504925815389161 ], [ 92.591147343110279, 25.504543772913276 ], [ 92.591200949176539, 25.504263181838294 ], [ 92.591214901809522, 25.504030265541086 ], [ 92.591162913609097, 25.50383300529273 ], [ 92.591005595246642, 25.503641424245448 ], [ 92.590848196934118, 25.503473735850584 ], [ 92.590539295054, 25.503341463065262 ], [ 92.59013123982777, 25.503334349249705 ], [ 92.589881006918873, 25.503369489418684 ], [ 92.589796360466266, 25.50393159045915 ], [ 92.589690070005204, 25.504084872301785 ], [ 92.588665490219725, 25.503436895500261 ], [ 92.588668355845456, 25.502595549565878 ], [ 92.588946677276681, 25.502506732502724 ], [ 92.589085301698063, 25.502387656693429 ], [ 92.589105962051278, 25.502118920845049 ], [ 92.589094017152945, 25.501760495177255 ], [ 92.589075146243786, 25.501503594737205 ], [ 92.588536316075093, 25.501245235933322 ], [ 92.587931162390717, 25.501136018994227 ], [ 92.587476695705305, 25.501230312388998 ], [ 92.587369587777346, 25.501291165995521 ], [ 92.587014949072852, 25.501066870025269 ], [ 92.587251278756113, 25.500745849155315 ], [ 92.587285392279028, 25.500393526362366 ], [ 92.58718112572231, 25.500088599805892 ], [ 92.586912257262867, 25.499801129162076 ], [ 92.586498614515548, 25.499507275949075 ], [ 92.585934005393156, 25.499093532130885 ], [ 92.585664875523946, 25.498883709947261 ], [ 92.585001466093345, 25.498493576576717 ], [ 92.584666790649422, 25.498205914816893 ], [ 92.584062416702679, 25.497875676191637 ], [ 92.583372794432094, 25.497455595034829 ], [ 92.583228289638868, 25.497371559653917 ], [ 92.582866964773714, 25.49717938937173 ], [ 92.5827552439968, 25.497131286346669 ], [ 92.582459757557103, 25.496933329619864 ], [ 92.581714741572867, 25.496357779015206 ], [ 92.580972236379836, 25.496009213726609 ], [ 92.579972686353088, 25.495767427109687 ], [ 92.579446565549034, 25.495652427987576 ], [ 92.578820190064377, 25.495524326451296 ], [ 92.576657389118338, 25.494316198520718 ], [ 92.576192379804766, 25.493671904605453 ], [ 92.575746171331772, 25.493294303047779 ], [ 92.575470721814511, 25.493018738933479 ], [ 92.574957402003307, 25.493011279083127 ], [ 92.574108247921401, 25.493056601721065 ], [ 92.573339562227744, 25.493266135688103 ], [ 92.572667836194256, 25.493284499853811 ], [ 92.571872972694905, 25.492848493681556 ], [ 92.571705776457577, 25.49258836562575 ], [ 92.573777540336096, 25.492140874351026 ], [ 92.573849335490252, 25.491825370245387 ], [ 92.573528057520434, 25.491483963897277 ], [ 92.573041217348859, 25.491434762303935 ], [ 92.572561402901087, 25.491260141812283 ], [ 92.572272295398264, 25.491127888824487 ], [ 92.572108358248784, 25.490960161068859 ], [ 92.57191204491815, 25.490643008609446 ], [ 92.571795594511258, 25.490075214688595 ], [ 92.571421211735128, 25.489865058892899 ], [ 92.571270672958136, 25.489631664643905 ], [ 92.571219125830524, 25.489320907318703 ], [ 92.571206535941798, 25.489159594340141 ], [ 92.571024401619624, 25.489039597116086 ], [ 92.571025143628063, 25.488830537443029 ], [ 92.571373160850584, 25.488568734324573 ], [ 92.571565111962201, 25.488258688641015 ], [ 92.571627178361794, 25.487458460485776 ], [ 92.571556375846058, 25.487010263282016 ], [ 92.571466199364565, 25.486678612120151 ], [ 92.571482973605868, 25.486628946348567 ], [ 92.57142678667978, 25.486555995654879 ], [ 92.570317667341229, 25.484694054152371 ], [ 92.568638461851975, 25.483097310152679 ], [ 92.567713297720644, 25.482325630327136 ], [ 92.567190256341405, 25.481654354124821 ], [ 92.567181727736099, 25.480874537033745 ], [ 92.567172094202988, 25.479990618466879 ], [ 92.566290020459192, 25.477918679995369 ], [ 92.565237848919722, 25.476004231602275 ], [ 92.564367734447345, 25.475024043773374 ], [ 92.564011013448024, 25.47383131228354 ], [ 92.56394012559231, 25.472584083349879 ], [ 92.564025893142386, 25.469931490312057 ], [ 92.564003286139922, 25.46785179546546 ], [ 92.564045892335557, 25.466499449147875 ], [ 92.564319886582055, 25.465353099230281 ], [ 92.565226294788559, 25.464409055664461 ], [ 92.566080564775987, 25.463933432882982 ], [ 92.566083007295234, 25.46393285622684 ], [ 92.566084539821105, 25.463932003002821 ], [ 92.566998832540875, 25.463715830555305 ], [ 92.567974398447859, 25.463863070268456 ], [ 92.56815105484344, 25.46397938612429 ], [ 92.569575203470663, 25.464696977543113 ], [ 92.570405980716799, 25.465106151124914 ], [ 92.571126819443506, 25.465532947186446 ], [ 92.571570939333441, 25.465845611914116 ], [ 92.571903998708166, 25.466075932285417 ], [ 92.57249337438293, 25.466237287589365 ], [ 92.573009499632803, 25.466415954171165 ], [ 92.573654528634364, 25.466626780315313 ], [ 92.573931216928372, 25.466740941835297 ], [ 92.57422511784155, 25.467056167084237 ], [ 92.574746624898282, 25.468207051410449 ], [ 92.575697666797993, 25.469306259140193 ], [ 92.576881589748623, 25.470232969554125 ], [ 92.578066915867723, 25.471287462954891 ], [ 92.579438653188035, 25.47221242825535 ], [ 92.580428745751476, 25.472586916952785 ], [ 92.581130656975134, 25.472580576624249 ], [ 92.582012927449952, 25.471849563210053 ], [ 92.582421860330214, 25.470610208042743 ], [ 92.582488041912143, 25.468095771218717 ], [ 92.582850890320017, 25.466942052903082 ], [ 92.583924076148918, 25.466335763286018 ], [ 92.583925126279482, 25.466336003351842 ], [ 92.583928022447964, 25.466334367497801 ], [ 92.58482233663581, 25.466539260275905 ], [ 92.586955993539078, 25.468437241552795 ], [ 92.588946997076917, 25.470166032264373 ], [ 92.590454932469058, 25.470663562389987 ], [ 92.592476909917877, 25.470943355222904 ], [ 92.595010061102741, 25.470749720186944 ], [ 92.596363753963914, 25.470354817612296 ], [ 92.59748043442228, 25.46949283501894 ], [ 92.597720630454518, 25.469216227718373 ], [ 92.599009677852948, 25.467689237145137 ], [ 92.599650261092165, 25.466192066763327 ], [ 92.599870201911372, 25.464869171855238 ], [ 92.599095374436075, 25.462745890058429 ], [ 92.598355175218373, 25.459514445395254 ], [ 92.597567067948262, 25.456198265805849 ], [ 92.597591256883945, 25.454152822215228 ], [ 92.597239879962245, 25.452110862544245 ], [ 92.597368830426319, 25.451044492330286 ], [ 92.597877558049802, 25.450358090613964 ], [ 92.597881051597952, 25.450357352475731 ], [ 92.597881562739332, 25.450356662194807 ], [ 92.599146016061923, 25.450089407183199 ], [ 92.601210316737053, 25.449985199630973 ], [ 92.602708349999801, 25.449801236214689 ], [ 92.603732414152347, 25.44919640953449 ], [ 92.604191246650004, 25.448254794369625 ], [ 92.604179393379852, 25.447189661903273 ], [ 92.603607030898246, 25.446385477809756 ], [ 92.603012891457524, 25.44362140030114 ], [ 92.602837332803247, 25.440512567337901 ], [ 92.602830487640759, 25.435697876605172 ], [ 92.602723795632798, 25.434548430498523 ], [ 92.60327500997596, 25.433478226537392 ], [ 92.604428802533604, 25.431720582723688 ], [ 92.605443585292647, 25.43013473053119 ], [ 92.606413858325951, 25.428762277894222 ], [ 92.606684968980403, 25.427822404649387 ], [ 92.606674916832347, 25.426927732892793 ], [ 92.606237357338955, 25.425568298488304 ], [ 92.605705400180526, 25.424167168953758 ], [ 92.604750641950474, 25.422727251443614 ], [ 92.604176133393679, 25.421709987517342 ], [ 92.604159438204107, 25.420218868396521 ], [ 92.604187824068759, 25.418556868502172 ], [ 92.604361235749522, 25.417276988856258 ], [ 92.604673007746982, 25.415782780369124 ], [ 92.605316612020502, 25.414583885341671 ], [ 92.605827561177676, 25.414110441511447 ], [ 92.605831167913564, 25.414109398070373 ], [ 92.605831531731241, 25.414109060534223 ], [ 92.606439634584746, 25.413933010147268 ], [ 92.607424549258894, 25.413881313477415 ], [ 92.608836050505246, 25.414209153756534 ], [ 92.610301196445448, 25.415132996458492 ], [ 92.612484127738668, 25.417285790529078 ], [ 92.613673538497338, 25.418723439581179 ], [ 92.614019751902788, 25.420296758194805 ], [ 92.614636990622728, 25.420930145511416 ], [ 92.615396945590135, 25.421732630220014 ], [ 92.617427277371135, 25.422821576282978 ], [ 92.618044048967107, 25.423412371331136 ], [ 92.618701989454237, 25.423491446841187 ], [ 92.619868509342851, 25.423183189578005 ], [ 92.62154272828397, 25.421889808981625 ], [ 92.621546600022825, 25.421888528698727 ], [ 92.62154670782067, 25.421888444320135 ], [ 92.623136421344682, 25.421362289087217 ], [ 92.625014932452757, 25.421472578020474 ], [ 92.626661716845064, 25.421840643836891 ], [ 92.627324491166732, 25.422345718641733 ], [ 92.627849412719868, 25.423107760769117 ], [ 92.62785957805562, 25.424002417070657 ], [ 92.627681057655835, 25.424813662977979 ], [ 92.627269373235862, 25.425754872380949 ], [ 92.626305662395666, 25.427681259108528 ], [ 92.62580830385042, 25.429347653661932 ], [ 92.625121292982385, 25.430845358524508 ], [ 92.624718277304865, 25.432553441399211 ], [ 92.624774382484262, 25.433362475050391 ], [ 92.624879359608371, 25.434341476238586 ], [ 92.625312869496497, 25.435317422445742 ], [ 92.625876739305397, 25.435397300574529 ], [ 92.626645175267441, 25.435093476385344 ], [ 92.62750401678133, 25.434585992059084 ], [ 92.628621079023659, 25.433384765912901 ], [ 92.629916696700064, 25.431976592994776 ], [ 92.632162959220821, 25.43064157566312 ], [ 92.634404506484657, 25.428895980247578 ], [ 92.635656710380033, 25.427652329184916 ], [ 92.635963899172907, 25.426828235988072 ], [ 92.635929606885242, 25.423831190632402 ], [ 92.636140232174952, 25.422474259138294 ], [ 92.636975964528176, 25.420413375763747 ], [ 92.637725903280185, 25.41876388962509 ], [ 92.638219066693054, 25.418389694355405 ], [ 92.638222545868146, 25.418388672046621 ], [ 92.638223048924729, 25.41838828908649 ], [ 92.638944216434837, 25.418176178483758 ], [ 92.639577314012769, 25.418170223118647 ], [ 92.640348409886343, 25.418368208018983 ], [ 92.640900924091738, 25.41922525040129 ], [ 92.64145677374178, 25.420369667920379 ], [ 92.641516149687121, 25.421600886595087 ], [ 92.641753565433532, 25.422584078917993 ], [ 92.642350393531899, 25.423358559550778 ], [ 92.64374506484144, 25.424455557022938 ], [ 92.644357184960882, 25.424817695203288 ], [ 92.645184880087257, 25.426000586885689 ], [ 92.646153971835957, 25.427674823927166 ], [ 92.64725497759089, 25.429019345875446 ], [ 92.648469486380279, 25.430294994976407 ], [ 92.650643321332979, 25.432600351737168 ], [ 92.652149521179965, 25.433776694854132 ], [ 92.653191770827121, 25.434012937872009 ], [ 92.653863211196324, 25.433679612215393 ], [ 92.654128386681691, 25.433143304470423 ], [ 92.653757488470546, 25.432366692253094 ], [ 92.65288060878575, 25.430855849898006 ], [ 92.651912844747017, 25.429304790358493 ], [ 92.651583425345805, 25.428199357419309 ], [ 92.651424094757118, 25.426718375453813 ], [ 92.650905720125778, 25.424346226549275 ], [ 92.650972394882814, 25.422292552203832 ], [ 92.651139574052138, 25.421100266971568 ], [ 92.651710345617346, 25.419616680976901 ], [ 92.652282016396157, 25.418215165022584 ], [ 92.652901379631729, 25.417018527869484 ], [ 92.653924226567071, 25.415530672494604 ], [ 92.65641416968505, 25.411852555043779 ], [ 92.659945749799206, 25.408328667259205 ], [ 92.661558753045256, 25.407040298580803 ], [ 92.661561244971864, 25.407040094099788 ], [ 92.661562700242627, 25.407038931316958 ], [ 92.662692149354399, 25.40694595409305 ], [ 92.663371807511822, 25.40706262352241 ], [ 92.664012484175842, 25.407713418138211 ], [ 92.664767546918213, 25.410416089060444 ], [ 92.665660231562171, 25.413281668135781 ], [ 92.666217237343957, 25.414508086030452 ], [ 92.667084571530566, 25.415197728186047 ], [ 92.667990387747295, 25.415312185122133 ], [ 92.669345026534515, 25.415134868307767 ], [ 92.671241329675112, 25.41487018837099 ], [ 92.672918941553007, 25.414637317255238 ], [ 92.67358432727724, 25.414437983390215 ], [ 92.673942759567183, 25.414188465077451 ], [ 92.674561343963404, 25.41295065197798 ], [ 92.67553538363272, 25.411175694479279 ], [ 92.676545446643232, 25.408487197472887 ], [ 92.677035089558515, 25.407958562465218 ], [ 92.677618522877651, 25.407583346967989 ], [ 92.68126112218448, 25.405864466231268 ], [ 92.683955147263674, 25.404236904498372 ], [ 92.683958983968253, 25.404235588324184 ], [ 92.683959098952613, 25.404235517727894 ], [ 92.685801751111171, 25.403602949931322 ], [ 92.687508064162415, 25.402600917303534 ], [ 92.688223763627377, 25.401937023188072 ], [ 92.689647229535026, 25.39995218972679 ], [ 92.69144544023986, 25.399072335842611 ], [ 92.692566486510472, 25.398281243003343 ], [ 92.693902399017247, 25.396543660925236 ], [ 92.694792338409655, 25.394631879087875 ], [ 92.695001406020666, 25.39390505152269 ], [ 92.695650221421161, 25.391435151889969 ], [ 92.696395249083494, 25.38945696841385 ], [ 92.697009070612111, 25.38784959129293 ], [ 92.698170345237742, 25.386647458884649 ], [ 92.700414550616529, 25.385270383664672 ], [ 92.700417190765151, 25.385269799327837 ], [ 92.700418512186928, 25.385268987748891 ], [ 92.702357507761405, 25.384839277847771 ], [ 92.704256242641463, 25.384820535987124 ], [ 92.70638983306938, 25.385538485220692 ], [ 92.707793246783282, 25.385688858195454 ], [ 92.708529974910704, 25.385565279436644 ], [ 92.709097886240059, 25.385430320607185 ], [ 92.709946441145661, 25.384601316139957 ], [ 92.710927597268636, 25.3834829644168 ], [ 92.712526850002661, 25.381126714365937 ], [ 92.71341364259662, 25.379680869623375 ], [ 92.714034673105374, 25.378689279590457 ], [ 92.714731463931898, 25.377369639675539 ], [ 92.716204130567675, 25.374890219607284 ], [ 92.716734144670127, 25.373858444954333 ], [ 92.717587559461393, 25.373398265372607 ], [ 92.717589957963213, 25.37339772805452 ], [ 92.71759153540485, 25.373396876624536 ], [ 92.718358014836184, 25.373225017508016 ], [ 92.718859197509616, 25.373548496001785 ], [ 92.719320183269019, 25.374282942532723 ], [ 92.719973395922835, 25.375959861516044 ], [ 92.721238972139489, 25.378340855758058 ], [ 92.721589870259123, 25.378776768477358 ], [ 92.722725461152478, 25.379217073732033 ], [ 92.724539152524642, 25.379650578468688 ], [ 92.727437321548763, 25.380032107514374 ], [ 92.729567452564567, 25.380462339343893 ], [ 92.731692125416672, 25.380440976922443 ], [ 92.733998112429092, 25.380458804776875 ], [ 92.73688989263492, 25.380429628971445 ], [ 92.737740676260742, 25.379970736484225 ], [ 92.737825102626104, 25.379477195914923 ], [ 92.737227837048181, 25.378703090980974 ], [ 92.736128830943088, 25.37756449694729 ], [ 92.734940001394378, 25.37646798779727 ], [ 92.734107180481004, 25.374916161519874 ], [ 92.732953560399878, 25.372997994404155 ], [ 92.732298702930791, 25.371197918922245 ], [ 92.732011447754076, 25.369886965774722 ], [ 92.732454448343191, 25.369143441395771 ], [ 92.733396643633995, 25.368559095746807 ], [ 92.734345856563792, 25.368219722300665 ], [ 92.73737029637752, 25.367860722719207 ], [ 92.738495374287112, 25.367726560674239 ], [ 92.738759972155734, 25.36723218760196 ], [ 92.739061285966656, 25.365997317527992 ], [ 92.73885732797298, 25.364110670006355 ], [ 92.739109910874689, 25.362588960161627 ], [ 92.739863204834279, 25.361349561841795 ], [ 92.740761117673131, 25.360847793680861 ], [ 92.740764321065456, 25.360846804977882 ], [ 92.740765122362703, 25.360846356895713 ], [ 92.743377037831635, 25.360039785232466 ], [ 92.745264712653935, 25.359446885154039 ], [ 92.746205396080128, 25.35878066430725 ], [ 92.746918838977095, 25.357112203391718 ], [ 92.747017813558458, 25.356730276451799 ], [ 92.74723083914661, 25.356361274981548 ], [ 92.747840813190834, 25.355412224844567 ], [ 92.748180883018051, 25.354675246945824 ], [ 92.748449925750691, 25.354122243495546 ], [ 92.74888989003415, 25.353343269351278 ], [ 92.749445989415847, 25.352397279552832 ], [ 92.749912994785973, 25.351135309145892 ], [ 92.750112000367466, 25.350441335329595 ], [ 92.750140041279053, 25.350115262939276 ], [ 92.750139991871706, 25.34986029104002 ], [ 92.750140047567271, 25.349633307666199 ], [ 92.750098066599108, 25.348967273856839 ], [ 92.749942092116314, 25.348542296063382 ], [ 92.749843068127603, 25.348358301327046 ], [ 92.749800103504199, 25.348131244505257 ], [ 92.749757031981261, 25.347876289530817 ], [ 92.749757066117255, 25.347621226045327 ], [ 92.749772086847116, 25.347171258495901 ], [ 92.749772073372398, 25.346859313806373 ], [ 92.74974311887415, 25.346633364765548 ], [ 92.749672116034091, 25.346293311142443 ], [ 92.749658107705571, 25.345216243751008 ], [ 92.749800115182296, 25.34481930952667 ], [ 92.750098173498628, 25.344408283473399 ], [ 92.750509173402349, 25.344025347054455 ], [ 92.75051275498538, 25.344024271345319 ], [ 92.750513146650846, 25.344023906010165 ], [ 92.75126515871456, 25.343797921634167 ], [ 92.752186168137683, 25.343655909005964 ], [ 92.752683174543378, 25.343570918764854 ], [ 92.753463186196143, 25.343400966518619 ], [ 92.754196231230907, 25.343147353323701 ], [ 92.754593265026912, 25.342892414635795 ], [ 92.754919234897429, 25.342608370037521 ], [ 92.755089234776747, 25.342339414950036 ], [ 92.755203288478498, 25.342141423095228 ], [ 92.755316260608609, 25.34182939480193 ], [ 92.75538730477119, 25.34150339256065 ], [ 92.755515285953066, 25.340653455291161 ], [ 92.755734336541849, 25.339664353381657 ], [ 92.755862352758058, 25.339366434983638 ], [ 92.756231374388548, 25.338814394262304 ], [ 92.756968412434773, 25.337921400267629 ], [ 92.757819412554568, 25.337113461095708 ], [ 92.758457429307015, 25.3364764440995 ], [ 92.758812466863475, 25.336065492815194 ], [ 92.759152464825476, 25.335469426466783 ], [ 92.759932496241177, 25.334733498653243 ], [ 92.760931469549533, 25.334073492529949 ], [ 92.761441538357744, 25.333860516892713 ], [ 92.761443520041269, 25.333859953417363 ], [ 92.761445483758465, 25.333859132562026 ], [ 92.761842489706694, 25.333746110230077 ], [ 92.762438497643203, 25.333661153624263 ], [ 92.7629775002884, 25.333689134197279 ], [ 92.763501500170065, 25.333845143919834 ], [ 92.763998499389217, 25.334043185074705 ], [ 92.764508496332198, 25.334313195426557 ], [ 92.765260491327894, 25.33480921082263 ], [ 92.766834470859706, 25.336056242731516 ], [ 92.768503449927735, 25.337466245133726 ], [ 92.769311436915117, 25.338231292801513 ], [ 92.769694434534813, 25.338443269424687 ], [ 92.769963435046634, 25.338543338493167 ], [ 92.770304435528502, 25.3385713138779 ], [ 92.770601438324348, 25.338543351483459 ], [ 92.771096834050709, 25.338429667773674 ], [ 92.771902509672827, 25.338090734239579 ], [ 92.772654539702842, 25.33779376594693 ], [ 92.773348549345258, 25.337453817380361 ], [ 92.773802532737037, 25.337169837144589 ], [ 92.77417151843494, 25.336942786927327 ], [ 92.774483554537085, 25.336716732491467 ], [ 92.774738556601818, 25.336446800573903 ], [ 92.775008522802594, 25.336149803889498 ], [ 92.775838614634154, 25.335366828179772 ], [ 92.776335563547619, 25.334969864888812 ], [ 92.776746575129465, 25.33478584869793 ], [ 92.777554594456163, 25.334501850834318 ], [ 92.777554768729345, 25.334501807802557 ], [ 92.777558592857488, 25.334500463263268 ], [ 92.778579608127956, 25.334245453581175 ], [ 92.779033614875914, 25.334103493070902 ], [ 92.779501621867595, 25.333962471789519 ], [ 92.779813626528721, 25.333877509652122 ], [ 92.780153629880601, 25.333834484977718 ], [ 92.780621633278997, 25.333834494720826 ], [ 92.780947634590547, 25.333877533197921 ], [ 92.781231636967618, 25.333877538881392 ], [ 92.781499508297131, 25.33384866604721 ], [ 92.781723631672335, 25.33375093062822 ], [ 92.781922665999929, 25.333608931377356 ], [ 92.782205636212765, 25.333311940719238 ], [ 92.782475730872576, 25.332744970185178 ], [ 92.782829734468166, 25.331851910292059 ], [ 92.783077735961911, 25.331403002948083 ], [ 92.783602785075828, 25.33015599373261 ], [ 92.783857839242856, 25.329192993212725 ], [ 92.783971819282741, 25.328172002004973 ], [ 92.784084873159557, 25.326655959004558 ], [ 92.784126883772146, 25.324957971358113 ], [ 92.784311916059423, 25.324107997465163 ], [ 92.784665965469074, 25.322888992801275 ], [ 92.784835938398942, 25.322351034169372 ], [ 92.785048969376987, 25.320905017590039 ], [ 92.785304016357514, 25.319927025911426 ], [ 92.785433082704287, 25.319492024050991 ], [ 92.785504043323499, 25.319067050741122 ], [ 92.785575091079338, 25.318174022309755 ], [ 92.78564605439351, 25.317932966282402 ], [ 92.785858095428125, 25.317365993559804 ], [ 92.786341149200808, 25.316516087371202 ], [ 92.786851167703375, 25.315609068058102 ], [ 92.787022152136245, 25.315090066879041 ], [ 92.787050175979829, 25.314806060166678 ], [ 92.78705021281074, 25.314550996008045 ], [ 92.787050191251168, 25.314282027299654 ], [ 92.786994239683722, 25.313999072743169 ], [ 92.786823236386226, 25.313687060418303 ], [ 92.786228239952749, 25.312837036652176 ], [ 92.785263231945279, 25.311461987370087 ], [ 92.784125264109676, 25.310250010678878 ], [ 92.782920295428582, 25.30922996907081 ], [ 92.782125362758961, 25.30843597456181 ], [ 92.781797342034622, 25.308075961103892 ], [ 92.78169833511393, 25.307919976650005 ], [ 92.781627286459795, 25.307749949988207 ], [ 92.781556289907925, 25.307551931608817 ], [ 92.781514318821237, 25.307338969417966 ], [ 92.781485322102156, 25.30715491935528 ], [ 92.781471366774213, 25.306942991088011 ], [ 92.781457351259178, 25.30667291807805 ], [ 92.781443378863258, 25.306332961717629 ], [ 92.781471361384334, 25.305666945453684 ], [ 92.781556343806855, 25.305099970546632 ], [ 92.781726423636201, 25.304632889488591 ], [ 92.782138433246331, 25.303782981679447 ], [ 92.78262040095585, 25.302974979573829 ], [ 92.783031493386034, 25.302265917897742 ], [ 92.783102456700249, 25.301883921011761 ], [ 92.783215495305697, 25.301473004197785 ], [ 92.783417530006332, 25.300626034504742 ], [ 92.783487520445092, 25.30014498914948 ], [ 92.783573492811044, 25.299889960723689 ], [ 92.783686565552486, 25.299734017710851 ], [ 92.783927507186419, 25.299577990845563 ], [ 92.784352503740578, 25.299378985338933 ], [ 92.784976559775188, 25.299082034184181 ], [ 92.785685561401408, 25.298643091593991 ], [ 92.786196607576656, 25.29809009284531 ], [ 92.7867926137165, 25.29733903376659 ], [ 92.787363633216742, 25.296679035825999 ], [ 92.78761864785794, 25.296197082225028 ], [ 92.787703657229898, 25.295970128993435 ], [ 92.787732688983255, 25.295715014627213 ], [ 92.787746664074106, 25.29540408090714 ], [ 92.787732668321993, 25.295021057724355 ], [ 92.787576743246575, 25.294015018440959 ], [ 92.787391745993588, 25.293335059749758 ], [ 92.787334757770253, 25.292853107475029 ], [ 92.787292763327372, 25.291946097846523 ], [ 92.787405780373263, 25.291252031653013 ], [ 92.78760480571772, 25.290460126970775 ], [ 92.787846766939495, 25.289893100427772 ], [ 92.788200799281171, 25.289312061203599 ], [ 92.788625858717396, 25.288674148695666 ], [ 92.78940590899775, 25.28769716801968 ], [ 92.79093793181589, 25.28609509816437 ], [ 92.791844920334086, 25.284962173688545 ], [ 92.792659030238426, 25.283819181233202 ], [ 92.792772024826434, 25.283549196415237 ], [ 92.792829018439647, 25.283266131121795 ], [ 92.792786051121269, 25.283054163528352 ], [ 92.792644022983268, 25.282770185716625 ], [ 92.792275995787804, 25.282118145088479 ], [ 92.79176507088512, 25.281551133966953 ], [ 92.791209046063599, 25.281019179756491 ], [ 92.790883042955414, 25.280608175172439 ], [ 92.790585059199259, 25.280098163131054 ], [ 92.790160068933275, 25.279148173225853 ], [ 92.789763076459764, 25.278114162391073 ], [ 92.789267124676229, 25.277051117469803 ], [ 92.788699132498508, 25.275833122747127 ], [ 92.788071216403111, 25.274890058587729 ], [ 92.787745159396039, 25.274479137218322 ], [ 92.787489188049079, 25.27440906548221 ], [ 92.7871921717785, 25.274394101687434 ], [ 92.786383179576319, 25.274352032301906 ], [ 92.785093179065385, 25.274324065644439 ], [ 92.783136157896408, 25.274324001470923 ], [ 92.781491135100381, 25.274294940607483 ], [ 92.78073013179899, 25.274164969618386 ], [ 92.780305123566734, 25.274051927343265 ], [ 92.779766157752448, 25.273824951354946 ], [ 92.779284157703614, 25.273527903509553 ], [ 92.779057119295331, 25.273357910663361 ], [ 92.778915121700038, 25.273215854442078 ], [ 92.77873017026117, 25.272960873363452 ], [ 92.778532174386015, 25.272492879726386 ], [ 92.778036217212602, 25.271543922064737 ], [ 92.7774971974994, 25.270905852759427 ], [ 92.776958206532299, 25.270523839948769 ], [ 92.77606523891906, 25.270069780118028 ], [ 92.775285201215141, 25.269842871418643 ], [ 92.774420191868515, 25.269687790671242 ], [ 92.772526162363917, 25.269411760536872 ], [ 92.771547190045368, 25.269241770048872 ], [ 92.770782188342665, 25.269170699338385 ], [ 92.770314187639229, 25.269114715699942 ], [ 92.769485199837135, 25.26897176091726 ], [ 92.769215159974522, 25.268860644783981 ], [ 92.769008208794304, 25.268733645276669 ], [ 92.768850177169512, 25.268591644569945 ], [ 92.768643164005567, 25.268368668193638 ], [ 92.768516210496358, 25.268162701506451 ], [ 92.768453215238736, 25.267956743405779 ], [ 92.768453205357275, 25.26770267087841 ], [ 92.768484234065525, 25.267448647373779 ], [ 92.768548191418802, 25.267146641456375 ], [ 92.768770245973855, 25.266734730393814 ], [ 92.769548248095347, 25.265940682652637 ], [ 92.770994307530728, 25.264972689124178 ], [ 92.772582284611275, 25.264211751847913 ], [ 92.773852353302686, 25.26340182475683 ], [ 92.775043408876641, 25.262354848666376 ], [ 92.775933399473018, 25.261497826035555 ], [ 92.776877456073109, 25.260802856919696 ], [ 92.777464467382018, 25.260199890160063 ], [ 92.777655487838985, 25.259897890583407 ], [ 92.777782499738692, 25.259580896199957 ], [ 92.777861497584766, 25.25927890808261 ], [ 92.777861524534245, 25.25899386722838 ], [ 92.777861524534245, 25.258723902736065 ], [ 92.777766492658643, 25.258342830569696 ], [ 92.777655492330553, 25.25796182463943 ], [ 92.776750512445332, 25.256422838391192 ], [ 92.776257595170833, 25.255644794249548 ], [ 92.776099555461258, 25.255422894965246 ], [ 92.775940562639107, 25.255184833184817 ], [ 92.775860564968113, 25.254914836664092 ], [ 92.775765569025126, 25.254518866734021 ], [ 92.775746617267572, 25.25431586720655 ], [ 92.775666602528602, 25.253966869295049 ], [ 92.775539633748011, 25.253681814348248 ], [ 92.775396640819409, 25.253427794821299 ], [ 92.775269616343266, 25.253173799949511 ], [ 92.775031597827294, 25.252808850028547 ], [ 92.774793604464108, 25.252475862370861 ], [ 92.77453961120743, 25.252205871202982 ], [ 92.774221662394083, 25.251983816141131 ], [ 92.77388861379913, 25.2518248500831 ], [ 92.773570654205983, 25.251697777508767 ], [ 92.772776654885945, 25.251602748013617 ], [ 92.771172598860076, 25.251681801821118 ], [ 92.770156571934393, 25.251872720210176 ], [ 92.768193548222712, 25.252377708724925 ], [ 92.767843594232417, 25.252457696367934 ], [ 92.767526535649537, 25.252504690403907 ], [ 92.767240600996303, 25.252504691216398 ], [ 92.76682756191687, 25.252473702014907 ], [ 92.766398575046168, 25.252346710553901 ], [ 92.766033580563104, 25.252155622290793 ], [ 92.765715585935666, 25.251965602128699 ], [ 92.765064565171144, 25.251568650863735 ], [ 92.76458856137684, 25.2511556331722 ], [ 92.764365565387322, 25.250917636151438 ], [ 92.76327163566188, 25.250194206908475 ], [ 92.762416581445223, 25.249336082036645 ], [ 92.761994193598625, 25.248225930001656 ], [ 92.762010062338121, 25.247309432337953 ], [ 92.762460859405579, 25.246314179265731 ], [ 92.763234468765347, 25.24499367997705 ], [ 92.764282232271682, 25.243818979309367 ], [ 92.765993741178548, 25.242560632209926 ], [ 92.766198236364772, 25.242362861689571 ], [ 92.766356411719997, 25.241940197921117 ], [ 92.767992291463116, 25.239867841429014 ], [ 92.769770663773173, 25.238314038815293 ], [ 92.770332469253546, 25.237491024061249 ], [ 92.770670488226983, 25.236199691469498 ], [ 92.771190266925089, 25.234420445134891 ], [ 92.771368215996347, 25.233171118085295 ], [ 92.771374839274955, 25.231511702011751 ], [ 92.771448779605976, 25.230891799658295 ], [ 92.771934669360022, 25.230540060964536 ], [ 92.771937807175306, 25.230539275977495 ], [ 92.771938657879858, 25.230538660014584 ], [ 92.772970452933762, 25.230280400626899 ], [ 92.774247031716015, 25.229994800919098 ], [ 92.776209045721345, 25.230073622559413 ], [ 92.777546581483833, 25.230307462419127 ], [ 92.779732676643505, 25.230879257778867 ], [ 92.781068343011896, 25.230964470861011 ], [ 92.782177183872747, 25.230607336610458 ], [ 92.783476692152647, 25.230024536292817 ], [ 92.785092897892682, 25.228596080282216 ], [ 92.787141757426426, 25.226915509696088 ], [ 92.788675324448548, 25.225413579609885 ], [ 92.789677029533664, 25.224932592110807 ], [ 92.789678276395264, 25.224932501906256 ], [ 92.789680963256288, 25.224931211412578 ], [ 92.792075518765841, 25.224757666703802 ], [ 92.793296419068483, 25.224522365580896 ], [ 92.794664771536802, 25.223865883882073 ], [ 92.795052982978419, 25.22361352162876 ], [ 92.795291138936648, 25.22306615579042 ], [ 92.796100256902932, 25.222438498145692 ], [ 92.797561083743261, 25.221655529413415 ], [ 92.79756294864579, 25.221655247415068 ], [ 92.797565043517025, 25.221654123485031 ], [ 92.799494716375463, 25.221361525059116 ], [ 92.800900526794521, 25.220828047555884 ], [ 92.800900784611017, 25.220828026426162 ], [ 92.800904465008728, 25.220826629427744 ], [ 92.801934631416984, 25.220741795265766 ], [ 92.802064231363033, 25.220246250362656 ], [ 92.80216026126692, 25.219229809091676 ], [ 92.802689779499318, 25.218035444089093 ], [ 92.802839295095225, 25.216944223469028 ], [ 92.802829562747448, 25.216176568253157 ], [ 92.802278339421107, 25.215662265164642 ], [ 92.798371860897888, 25.212557980319311 ], [ 92.796117854899379, 25.210897442630436 ], [ 92.795049924214879, 25.210438107112733 ], [ 92.793852163615611, 25.21047535789047 ], [ 92.79287446510817, 25.210683733815198 ], [ 92.791651603783251, 25.210894557377813 ], [ 92.790916451300831, 25.210902277663507 ], [ 92.790153103396563, 25.210835916838437 ], [ 92.7893857274466, 25.210447573214854 ], [ 92.788647686880509, 25.210232444545248 ], [ 92.787721693604155, 25.210217303793812 ], [ 92.786849116849567, 25.210127293942364 ], [ 92.786051978815905, 25.209541155853312 ], [ 92.784530164452633, 25.2076251678434 ], [ 92.783143669608847, 25.205633518672293 ], [ 92.782361436422349, 25.204056635905363 ], [ 92.781481173682195, 25.203347556575849 ], [ 92.780522956938285, 25.202936403829877 ], [ 92.779478974440977, 25.202204226180513 ], [ 92.777664371278831, 25.200811320348596 ], [ 92.776542533592448, 25.200377141675098 ], [ 92.775317329461274, 25.200389732216813 ], [ 92.774501906220024, 25.200422936614615 ], [ 92.773503307509159, 25.200902388057226 ], [ 92.772018457921533, 25.201933108183177 ], [ 92.770180541681114, 25.203041694756763 ], [ 92.767934527095377, 25.204179243212419 ], [ 92.767933461693445, 25.20417922939497 ], [ 92.767930570914857, 25.204180692420671 ], [ 92.76686834363413, 25.204166741656977 ], [ 92.766020316937912, 25.20385354317699 ], [ 92.765058743189797, 25.203169880511549 ], [ 92.764157218225179, 25.202931435181146 ], [ 92.763115816587657, 25.202397242891529 ], [ 92.762187964697006, 25.202233414013715 ], [ 92.760852600162536, 25.202148012556044 ], [ 92.757804087295824, 25.202253385445239 ], [ 92.755709753245796, 25.20244803662645 ], [ 92.753842165651548, 25.203085081182316 ], [ 92.752678890477782, 25.203666306938121 ], [ 92.751517831447785, 25.20447059468346 ], [ 92.751515297300372, 25.204470995388988 ], [ 92.751513819571699, 25.204472018691746 ], [ 92.750508833839177, 25.204630684972255 ], [ 92.749780400755057, 25.204909247782531 ], [ 92.749350230803174, 25.205359394508324 ], [ 92.748726720045937, 25.205588631945407 ], [ 92.748108978269457, 25.20628833827017 ], [ 92.747326021040834, 25.206841103260395 ], [ 92.747322853581181, 25.206841924162436 ], [ 92.747322024436158, 25.206842508547147 ], [ 92.746759562287323, 25.206988267336659 ], [ 92.746513529002343, 25.206902250693684 ], [ 92.746119537800212, 25.206841261751407 ], [ 92.745824542738987, 25.206841296700688 ], [ 92.7455045583432, 25.206853206281853 ], [ 92.74514752293355, 25.206890242771678 ], [ 92.74466752702611, 25.206976272427497 ], [ 92.744347489629703, 25.207013190214987 ], [ 92.743917520002114, 25.207013258487933 ], [ 92.743412518590418, 25.207000193971666 ], [ 92.74299451991233, 25.206951163416431 ], [ 92.742625526129572, 25.206914225290809 ], [ 92.742305475258462, 25.206841165844018 ], [ 92.742071504551149, 25.20674216176678 ], [ 92.741764538540451, 25.206558157505153 ], [ 92.741468508620059, 25.206312142909553 ], [ 92.741144497975156, 25.205983103178227 ], [ 92.740984535870808, 25.205724143871663 ], [ 92.740811553584777, 25.205429136248551 ], [ 92.740664512847502, 25.205060135942372 ], [ 92.740528550134286, 25.204716165967177 ], [ 92.740405596823067, 25.204298180643452 ], [ 92.740258545305963, 25.203819117271909 ], [ 92.740147581808827, 25.203499117228557 ], [ 92.740036542853176, 25.203253154159398 ], [ 92.739901570981743, 25.202946112729904 ], [ 92.739803580953932, 25.202761118427674 ], [ 92.739692600388793, 25.202565175390518 ], [ 92.739446594053263, 25.20231915516376 ], [ 92.739163648993284, 25.202085167221259 ], [ 92.738806570464476, 25.20176509271872 ], [ 92.738225846464218, 25.20134774182192 ], [ 92.737727645299231, 25.200999063296834 ], [ 92.737518648655112, 25.200864071188946 ], [ 92.737296613862952, 25.200741063889495 ], [ 92.737001599937145, 25.200680045850394 ], [ 92.736718649487258, 25.200643065181087 ], [ 92.736435619087317, 25.200643102570631 ], [ 92.736054588778103, 25.200618045899141 ], [ 92.735660651474902, 25.200544026801744 ], [ 92.735365582751811, 25.200433977922238 ], [ 92.734947604734941, 25.200274049555432 ], [ 92.734578656766288, 25.20015104491117 ], [ 92.734258627454736, 25.200040046303076 ], [ 92.733839592120802, 25.19995405970193 ], [ 92.733483636486113, 25.199916942258302 ], [ 92.732752573134846, 25.199879958918778 ], [ 92.732100633393799, 25.199928979316862 ], [ 92.731571573302176, 25.200002960585635 ], [ 92.731128616730516, 25.200038904291372 ], [ 92.730587630605172, 25.199989885563205 ], [ 92.730242558958466, 25.199879916652108 ], [ 92.729885622363454, 25.199694893306283 ], [ 92.729590614725822, 25.199485875947669 ], [ 92.729172592691526, 25.199239884450225 ], [ 92.728778579031484, 25.199092893893209 ], [ 92.728372564777573, 25.199043843896796 ], [ 92.727942595150012, 25.19905587453907 ], [ 92.727585552553776, 25.199104877386723 ], [ 92.727179592198809, 25.199141869902746 ], [ 92.726711590597034, 25.199141908918367 ], [ 92.726207553077629, 25.199079850473282 ], [ 92.725850566177002, 25.198993866445356 ], [ 92.724919602522164, 25.198755760014148 ], [ 92.723652604272402, 25.198398831151035 ], [ 92.721659547185837, 25.197685780683067 ], [ 92.72023259132331, 25.197279675238097 ], [ 92.718916573805132, 25.196825641707733 ], [ 92.717689552382112, 25.196362648941271 ], [ 92.717344614584391, 25.196239648474297 ], [ 92.717024581679567, 25.196141613629294 ], [ 92.716581535276404, 25.196079639003983 ], [ 92.716102561651752, 25.195981659303754 ], [ 92.715868580164624, 25.195870605685652 ], [ 92.715732617451437, 25.19577265101551 ], [ 92.715597563833313, 25.195600661158686 ], [ 92.715474578182693, 25.195342648687511 ], [ 92.715314556789579, 25.194997615684191 ], [ 92.715130574632866, 25.194714654597476 ], [ 92.714884634772687, 25.194432569113356 ], [ 92.714687633332559, 25.194223619943799 ], [ 92.714478626806979, 25.194038666038338 ], [ 92.714232593522041, 25.193903658898527 ], [ 92.713985599938027, 25.193829595076728 ], [ 92.71366663513011, 25.193768575200096 ], [ 92.713444575185136, 25.193706567665586 ], [ 92.713210618850837, 25.193657628487472 ], [ 92.712964555023163, 25.193571556906189 ], [ 92.712817625676976, 25.193510597865018 ], [ 92.712644619136412, 25.193436585014595 ], [ 92.712423581474226, 25.193288622582291 ], [ 92.71205461913253, 25.192981552774835 ], [ 92.711242639133744, 25.192329524543943 ], [ 92.710676615164786, 25.191776570115049 ], [ 92.710430675304607, 25.191432536602754 ], [ 92.710129686683842, 25.190972465147659 ], [ 92.709944647210023, 25.190763533615804 ], [ 92.709809624134621, 25.190653476710768 ], [ 92.70953867787189, 25.19046848324291 ], [ 92.709231663352185, 25.190308519028111 ], [ 92.708775673124052, 25.19012451513138 ], [ 92.708197661137646, 25.189940539407765 ], [ 92.707028682560122, 25.189755484703465 ], [ 92.705761621428266, 25.189485442082695 ], [ 92.703977686749951, 25.189104382971994 ], [ 92.702605614358049, 25.18874336297386 ], [ 92.70239666083306, 25.188682357620007 ], [ 92.702199636935063, 25.188596367877132 ], [ 92.701904622110916, 25.188387294890248 ], [ 92.701128675334772, 25.187760385118033 ], [ 92.700858634573848, 25.187514341485727 ], [ 92.700563650292423, 25.18719430103587 ], [ 92.7000917140697, 25.18644728335958 ], [ 92.69924272348122, 25.185414273876322 ], [ 92.69851772645309, 25.184615270275042 ], [ 92.69819775193875, 25.184246236978659 ], [ 92.69744674149662, 25.183349302516966 ], [ 92.696794752348211, 25.182820226304738 ], [ 92.696191787858169, 25.182291246973758 ], [ 92.695502786323473, 25.181578169686897 ], [ 92.694596788647033, 25.180561177120222 ], [ 92.694079801014496, 25.18002017822457 ], [ 92.693759809432194, 25.179799210001079 ], [ 92.693365782297434, 25.179602195130389 ], [ 92.692922785301604, 25.179418168560925 ], [ 92.692393824922959, 25.179283171233369 ], [ 92.691963831939177, 25.179234152282028 ], [ 92.691532777146733, 25.179184136623388 ], [ 92.691077784048559, 25.179184091097717 ], [ 92.690759914286971, 25.179233830350444 ], [ 92.690552763680785, 25.179355702530771 ], [ 92.690367758342958, 25.179527699063627 ], [ 92.690183752830023, 25.179687727023232 ], [ 92.690011748809326, 25.179785723893598 ], [ 92.69000843133098, 25.179786772605347 ], [ 92.69000775939115, 25.179787154694147 ], [ 92.689773773412483, 25.179861062836295 ], [ 92.689478802605748, 25.179910103485248 ], [ 92.689256786678243, 25.179910088852075 ], [ 92.688887737199977, 25.179934052295753 ], [ 92.68853237535167, 25.180044597713277 ], [ 92.68817872569231, 25.180178685316793 ], [ 92.687858719736937, 25.180338647385494 ], [ 92.687575713591528, 25.180486640992157 ], [ 92.687279707925626, 25.180621636173655 ], [ 92.687277583409994, 25.180622241007931 ], [ 92.687275733778804, 25.180623084849266 ], [ 92.687103755809247, 25.180672019508222 ], [ 92.686796713441765, 25.180672002436303 ], [ 92.686648706117253, 25.18066004151779 ], [ 92.686340751061408, 25.180537047145119 ], [ 92.685632772616344, 25.180261968180705 ], [ 92.685202718547117, 25.180076953243795 ], [ 92.684783717349148, 25.179953989987837 ], [ 92.683934715980868, 25.179881031432618 ], [ 92.683553748553706, 25.179892947715071 ], [ 92.682999687449396, 25.17994196233667 ], [ 92.682582337354901, 25.180027812668733 ], [ 92.682290681331594, 25.180137534480338 ], [ 92.681748669330204, 25.180456554514972 ], [ 92.680998647034855, 25.181083506744923 ], [ 92.680506601126211, 25.18155149702724 ], [ 92.680211626726233, 25.181735491109375 ], [ 92.679206577213321, 25.182117469939445 ], [ 92.678013588464879, 25.182572446019556 ], [ 92.677631580788628, 25.182768469185316 ], [ 92.677336574947645, 25.182879463210167 ], [ 92.677334773825507, 25.182879994869154 ], [ 92.677332566664845, 25.182880824062075 ], [ 92.67700062838756, 25.182978786660296 ], [ 92.676705562359459, 25.183027801666629 ], [ 92.676545636187754, 25.18294185752179 ], [ 92.676446624775437, 25.182782822364199 ], [ 92.676089636078174, 25.182388831217079 ], [ 92.675843551589239, 25.182204824301444 ], [ 92.675499613616395, 25.181982860935694 ], [ 92.675130600070759, 25.1817738440742 ], [ 92.674835597822991, 25.181614828528751 ], [ 92.674195600285358, 25.18135582472171 ], [ 92.673604638185822, 25.180999775695831 ], [ 92.672932592352069, 25.180608783444761 ], [ 92.672698646797571, 25.180448724989528 ], [ 92.672501656137229, 25.180301749152001 ], [ 92.672366615993852, 25.180092791191569 ], [ 92.672243672564065, 25.179858760549536 ], [ 92.672083608950103, 25.179551692661889 ], [ 92.671948683791072, 25.17933072602786 ], [ 92.67168965637552, 25.178973779267992 ], [ 92.671505699371636, 25.178727783743078 ], [ 92.67124770052709, 25.178506724563352 ], [ 92.671037704956376, 25.178358724487566 ], [ 92.670779689942137, 25.178174683033092 ], [ 92.67043568729062, 25.177953700895003 ], [ 92.670139638505574, 25.177793681227143 ], [ 92.669856716801789, 25.177682716714887 ], [ 92.66956166514673, 25.177608652787583 ], [ 92.669315695642155, 25.177510681807657 ], [ 92.669143640417474, 25.177375675050584 ], [ 92.668946679401543, 25.177190683373148 ], [ 92.668651692425186, 25.176760696754929 ], [ 92.668577708076711, 25.176551691261576 ], [ 92.668540730724644, 25.176305660767913 ], [ 92.668528682520062, 25.176010657495699 ], [ 92.668503732711358, 25.175371623426646 ], [ 92.668441773211256, 25.174953626016585 ], [ 92.668368739280368, 25.174756630954967 ], [ 92.668257769495, 25.174608668601142 ], [ 92.668109727136155, 25.174461706045893 ], [ 92.667980758705781, 25.174372662429729 ], [ 92.667734760455104, 25.174348636105304 ], [ 92.667562754637757, 25.174348610089574 ], [ 92.667382206740385, 25.174408526707971 ], [ 92.667148704055322, 25.174531227271881 ], [ 92.666852696592784, 25.174752221305777 ], [ 92.666582687272921, 25.17502321606592 ], [ 92.666250671740514, 25.175552208244611 ], [ 92.666102661721055, 25.175908205707657 ], [ 92.66594265290432, 25.176240233087857 ], [ 92.665733643683794, 25.17651119771163 ], [ 92.665487636449967, 25.176707192416885 ], [ 92.66519262971066, 25.176916186261977 ], [ 92.66476966514567, 25.177065620547843 ], [ 92.664339619161296, 25.177102566913494 ], [ 92.663883651391046, 25.177102525451886 ], [ 92.663416668478803, 25.176942555070891 ], [ 92.663133655146851, 25.176807559879165 ], [ 92.662875670675348, 25.176647611874369 ], [ 92.662653680798996, 25.176462554866763 ], [ 92.662456612883545, 25.176290555634353 ], [ 92.662259615935, 25.176093545660752 ], [ 92.662001663802826, 25.175774506075999 ], [ 92.661669661745194, 25.175245554698293 ], [ 92.661263686118843, 25.174569532098452 ], [ 92.660968699142487, 25.174151540067907 ], [ 92.660697692692594, 25.173880501094278 ], [ 92.660389663974939, 25.17362256050977 ], [ 92.659987723580841, 25.173384447578552 ], [ 92.659323721262169, 25.17301544368847 ], [ 92.658929731856645, 25.172744480237064 ], [ 92.658708754381578, 25.172523484189465 ], [ 92.658536699156912, 25.172277500036955 ], [ 92.658474688452841, 25.172007481285206 ], [ 92.658462717503397, 25.171810443251331 ], [ 92.658474708215778, 25.171589442258504 ], [ 92.658511734076839, 25.171281460038941 ], [ 92.65856077939641, 25.171035444111965 ], [ 92.65880680998643, 25.17010350219218 ], [ 92.658905754025085, 25.169451479185579 ], [ 92.658905771093075, 25.16903343871213 ], [ 92.65888083116586, 25.168762512753368 ], [ 92.658831838846893, 25.168578481201777 ], [ 92.658622817948256, 25.168209437561774 ], [ 92.658351835752924, 25.167730457478562 ], [ 92.658179831732184, 25.167263445878479 ], [ 92.658093875535926, 25.166808458185844 ], [ 92.658044879623688, 25.166156454959573 ], [ 92.65804489309842, 25.165271438435013 ], [ 92.658094890632213, 25.164067452591468 ], [ 92.658217933774978, 25.163281495347217 ], [ 92.658352940680729, 25.161842411542192 ], [ 92.658292024124648, 25.160858475205576 ], [ 92.658193993672668, 25.159863439602891 ], [ 92.658046042043665, 25.158990448600559 ], [ 92.657812084811084, 25.158181455261882 ], [ 92.657344096684028, 25.157296438599467 ], [ 92.656680091670438, 25.156202486539392 ], [ 92.656360116257801, 25.155759416068445 ], [ 92.655610102047305, 25.154911478847637 ], [ 92.655118198970769, 25.154394419982992 ], [ 92.654219150661376, 25.153743411530321 ], [ 92.653617178809682, 25.153239362704866 ], [ 92.653161130191094, 25.152894382083016 ], [ 92.65285415429895, 25.152722382946621 ], [ 92.652439134434289, 25.152567376492051 ], [ 92.652033150723099, 25.152457353404568 ], [ 92.651554191471504, 25.152346343881689 ], [ 92.651025197855191, 25.152309343666484 ], [ 92.650680159446154, 25.152260316310862 ], [ 92.650237176823339, 25.152186316630154 ], [ 92.649228152265309, 25.151842274648576 ], [ 92.648423188108879, 25.151495278359953 ], [ 92.647722133877991, 25.151261298539318 ], [ 92.646959132723424, 25.150806227576009 ], [ 92.646307187592484, 25.150511230923431 ], [ 92.64592619231756, 25.150450277994725 ], [ 92.64560613515826, 25.15045023571092 ], [ 92.64527450500313, 25.150511128466519 ], [ 92.644749119021, 25.150706809613141 ], [ 92.644404113849617, 25.150841803612018 ], [ 92.644403626064417, 25.150841802798862 ], [ 92.644400122634821, 25.150843173766106 ], [ 92.644240175801855, 25.150843241257363 ], [ 92.644117105709611, 25.150794188918265 ], [ 92.644019142631223, 25.150720187535335 ], [ 92.643896159675606, 25.150585179578353 ], [ 92.643355187923277, 25.150253147400345 ], [ 92.642444130935189, 25.149712192930838 ], [ 92.641755181502745, 25.1493191219419 ], [ 92.641103184269511, 25.148937154207562 ], [ 92.640193159445701, 25.148581101595109 ], [ 92.639423137058856, 25.148303123168986 ], [ 92.638980184080481, 25.148143134526354 ], [ 92.638672176024045, 25.14797110511136 ], [ 92.638426154417218, 25.147836063212793 ], [ 92.638266203990995, 25.147700056746658 ], [ 92.63805716063446, 25.1474550422462 ], [ 92.63751622661141, 25.146705038246413 ], [ 92.637307169780158, 25.146410002406117 ], [ 92.636950193659317, 25.145647082714117 ], [ 92.636630242501184, 25.145008041617999 ], [ 92.636322213783515, 25.144405054058058 ], [ 92.635941236474892, 25.143877007523233 ], [ 92.635646253091778, 25.143594036744275 ], [ 92.63540026562093, 25.143397052023033 ], [ 92.635129224136762, 25.143262033525794 ], [ 92.634858235653212, 25.143164034142202 ], [ 92.634452286078002, 25.143003942805812 ], [ 92.633862258226358, 25.142818926642633 ], [ 92.63336424570754, 25.142750970645224 ], [ 92.633069297358745, 25.14267800853716 ], [ 92.632761230013514, 25.142505965727256 ], [ 92.632466228664128, 25.142260007241326 ], [ 92.632282259982119, 25.142062900826112 ], [ 92.632085236982448, 25.141853932645564 ], [ 92.631974241145926, 25.141656915840908 ], [ 92.631826281432126, 25.141373942355436 ], [ 92.631666263632226, 25.141128949311717 ], [ 92.63143331610604, 25.14086996117285 ], [ 92.631248329632811, 25.140685942030615 ], [ 92.631088297459897, 25.14050090121081 ], [ 92.630953332774979, 25.140304907690634 ], [ 92.63085432944753, 25.14011992891125 ], [ 92.630731347390196, 25.139910963097506 ], [ 92.630608337485057, 25.139738925333617 ], [ 92.630436278667133, 25.1395549370156 ], [ 92.630264319562187, 25.139419885806216 ], [ 92.630104312542088, 25.139308882316413 ], [ 92.629858281952068, 25.139185925124885 ], [ 92.629299339402507, 25.138955913838895 ], [ 92.628929388015678, 25.138746960671025 ], [ 92.628610328884662, 25.138562873270626 ], [ 92.628351346384861, 25.13834191776607 ], [ 92.628179369313614, 25.138132826924391 ], [ 92.62803134941268, 25.137873864959388 ], [ 92.627945350097278, 25.13766480909857 ], [ 92.627884376049025, 25.137431799794705 ], [ 92.627871372036964, 25.137025824620331 ], [ 92.6278714025797, 25.136718840008424 ], [ 92.627871360358867, 25.136435871343007 ], [ 92.627896410778902, 25.136078839714948 ], [ 92.627970370872873, 25.135562838804756 ], [ 92.628019426073891, 25.135058875111749 ], [ 92.628019392836237, 25.134394884786865 ], [ 92.627971462325931, 25.134068908831253 ], [ 92.627885438756024, 25.133760804244112 ], [ 92.627799412491143, 25.133453874858922 ], [ 92.627688452587265, 25.133195909793901 ], [ 92.627590477830793, 25.132998831849637 ], [ 92.627528421312647, 25.132826854288304 ], [ 92.62746748858693, 25.132580842147473 ], [ 92.627405457221627, 25.132211852284833 ], [ 92.627405478781185, 25.131584881453776 ], [ 92.6274185160309, 25.131277838434265 ], [ 92.62747051321449, 25.130801871350435 ], [ 92.627716537516292, 25.130002884092242 ], [ 92.628319587346311, 25.12856391536998 ], [ 92.628725636634528, 25.127617792829543 ], [ 92.628787624880701, 25.126891927936178 ], [ 92.628762659800628, 25.126572871926161 ], [ 92.628688596400409, 25.126313915541918 ], [ 92.628627590012826, 25.126227898092736 ], [ 92.628528590278634, 25.126154875686929 ], [ 92.628368638954086, 25.126031861332876 ], [ 92.628147624648108, 25.125895872057768 ], [ 92.627950619614708, 25.125772855002996 ], [ 92.62767566237423, 25.125541835155637 ], [ 92.627121625524438, 25.12503779920867 ], [ 92.62646964805414, 25.124275826891711 ], [ 92.625916640673665, 25.123759780184816 ], [ 92.625768653112104, 25.123550837618062 ], [ 92.625694692119822, 25.12334181092092 ], [ 92.625534723727284, 25.12268978450545 ], [ 92.625104724455284, 25.121644767773461 ], [ 92.624698738947473, 25.120746801250856 ], [ 92.624043737747954, 25.119568845254541 ], [ 92.623575782858552, 25.118425761451032 ], [ 92.623107808206228, 25.117318793650661 ], [ 92.622813847105917, 25.116599699118094 ], [ 92.622695789612962, 25.116290788337757 ], [ 92.62250787463195, 25.115957772258902 ], [ 92.622220818881203, 25.115681747333571 ], [ 92.621896877406598, 25.115458718608451 ], [ 92.621476827874687, 25.115237791263034 ], [ 92.620857860796164, 25.115044704917871 ], [ 92.620017878513323, 25.114911723521491 ], [ 92.619480832398807, 25.11486267382994 ], [ 92.619066822240598, 25.114911631608742 ], [ 92.618574862570171, 25.114961650837657 ], [ 92.617917190679307, 25.115137016083413 ], [ 92.617524784105328, 25.115333237879241 ], [ 92.616515761343891, 25.11593621768359 ], [ 92.615753741149618, 25.116526201640177 ], [ 92.614731709884566, 25.117485210885299 ], [ 92.613784675369345, 25.11861619170665 ], [ 92.613034652175699, 25.119292145264062 ], [ 92.611779578163009, 25.120669119147585 ], [ 92.610736576625982, 25.121686128661366 ], [ 92.610256564548862, 25.122018118962853 ], [ 92.609739553560132, 25.122313076283149 ], [ 92.609357545883867, 25.122524068134332 ], [ 92.60892153778093, 25.122710090233461 ], [ 92.608919110533037, 25.122710848261839 ], [ 92.608917528599818, 25.122711523330043 ], [ 92.608267590305232, 25.122914493395246 ], [ 92.607863544260098, 25.123035496262169 ], [ 92.607432566722778, 25.123162477000889 ], [ 92.606830573311541, 25.123334418555391 ], [ 92.60629955848583, 25.123461400610147 ], [ 92.605793497062109, 25.123560458493429 ], [ 92.605351557383358, 25.123610385529602 ], [ 92.604930553840632, 25.123610438396007 ], [ 92.604427520637714, 25.123632391775661 ], [ 92.604018496129285, 25.123621367913213 ], [ 92.6033884698913, 25.12350537655211 ], [ 92.602952506704142, 25.123477393120563 ], [ 92.602562529174662, 25.12344429546177 ], [ 92.601804535229519, 25.123366327154276 ], [ 92.600196530209672, 25.123085351126253 ], [ 92.598242504922183, 25.122839266499714 ], [ 92.596785514786475, 25.122581235098338 ], [ 92.595536435231679, 25.122403211974962 ], [ 92.595165467850236, 25.122436148875025 ], [ 92.595027076990831, 25.122477136173515 ], [ 92.594919432768677, 25.122584805643513 ], [ 92.594564385330699, 25.12315679750218 ], [ 92.593973388196872, 25.124139754329388 ], [ 92.592931341568956, 25.125711763659833 ], [ 92.59227831756138, 25.126486749742309 ], [ 92.591417290446415, 25.127297700938531 ], [ 92.590581268835649, 25.127936683450436 ], [ 92.589904252623455, 25.128416701346147 ], [ 92.589104237285952, 25.128785683968076 ], [ 92.589101319557912, 25.128786625763393 ], [ 92.589100230799772, 25.128787127566262 ], [ 92.588719288525439, 25.128910038297356 ], [ 92.588350289352803, 25.12898404476789 ], [ 92.587919248933403, 25.128996028645872 ], [ 92.587378228672094, 25.128996058737723 ], [ 92.586910256714688, 25.128971010113546 ], [ 92.586431281293414, 25.128909991939615 ], [ 92.585483241563395, 25.128688030002863 ], [ 92.584366233219995, 25.128507031792648 ], [ 92.583370251301531, 25.12845791680132 ], [ 92.58233655631085, 25.128592919949533 ], [ 92.581528176759704, 25.128898499282769 ], [ 92.581110166403505, 25.129132490246008 ], [ 92.580483148623401, 25.129722508082018 ], [ 92.579572120381357, 25.130533489034146 ], [ 92.578576100733684, 25.131074437400081 ], [ 92.57825609477834, 25.131197431223882 ], [ 92.578255036562922, 25.131197670327804 ], [ 92.578252088292174, 25.131198802411728 ], [ 92.578030154111332, 25.131248912566964 ], [ 92.577747083287207, 25.131260837666691 ], [ 92.577366136521306, 25.131260835226851 ], [ 92.5768490797185, 25.131211777459004 ], [ 92.576111125390682, 25.13112578948364 ], [ 92.575004068583993, 25.130879830846062 ], [ 92.574477088990548, 25.130814754539109 ], [ 92.573382101948013, 25.130863703486767 ], [ 92.572866104258921, 25.130863752283627 ], [ 92.572374081706471, 25.130814751285971 ], [ 92.572041084315487, 25.130740745111346 ], [ 92.57172208357494, 25.130617753267533 ], [ 92.571475114245459, 25.130457678826069 ], [ 92.570750137878562, 25.129843688822287 ], [ 92.570011077724644, 25.129142707638437 ], [ 92.569519120749177, 25.128773711455629 ], [ 92.568966080131034, 25.1285396994727 ], [ 92.568621103705723, 25.12847865343122 ], [ 92.568387077302845, 25.128478604633393 ], [ 92.568006136825147, 25.128502684722275 ], [ 92.567490602666751, 25.128601390427367 ], [ 92.566452057671825, 25.129082159633487 ], [ 92.565074029449576, 25.12979522499878 ], [ 92.56434804696957, 25.130115178593055 ], [ 92.564028008674882, 25.13028714045377 ], [ 92.563819004844262, 25.13036116804863 ], [ 92.563818928487436, 25.130361176994754 ], [ 92.563815029799102, 25.130362557951422 ], [ 92.563606026866765, 25.130386591311705 ], [ 92.563286026301327, 25.130386551460781 ], [ 92.562732064910037, 25.130435570522458 ], [ 92.562325991367288, 25.130509492300543 ], [ 92.562019019068416, 25.130571517332914 ], [ 92.561637040138237, 25.130632507025268 ], [ 92.561354042975964, 25.130669500798234 ], [ 92.561022015765502, 25.130669510557613 ], [ 92.560455965745405, 25.130644447637515 ], [ 92.559989023257344, 25.130583471776959 ], [ 92.559729981468777, 25.13050947766143 ], [ 92.559336983803306, 25.130312471831076 ], [ 92.559053970471354, 25.130103513632967 ], [ 92.558368978117784, 25.129398391850916 ], [ 92.557704073890548, 25.128500469302242 ], [ 92.557397083625361, 25.128046480580871 ], [ 92.556991058591677, 25.127677429848646 ], [ 92.556745065730894, 25.127480404811291 ], [ 92.556486037417045, 25.127382388695569 ], [ 92.556093080175799, 25.127246409870132 ], [ 92.555588078764075, 25.127173387259816 ], [ 92.555059019570749, 25.127148325248989 ], [ 92.554555009899161, 25.127185364808962 ], [ 92.553867658569587, 25.127368939085184 ], [ 92.553007988809, 25.127736917191125 ], [ 92.552392975216037, 25.128080934389633 ], [ 92.551826959331933, 25.128585923163673 ], [ 92.551002964366205, 25.129384905864423 ], [ 92.550636924244117, 25.129635867613636 ], [ 92.54978790490955, 25.130151850461584 ], [ 92.54914789299886, 25.13044686865986 ], [ 92.549144667148653, 25.130447945447475 ], [ 92.54914388291941, 25.1304483065454 ], [ 92.548553871237431, 25.130645236521435 ], [ 92.547901870410954, 25.130793218850183 ], [ 92.547150927342457, 25.130953176552811 ], [ 92.54663389748913, 25.130989245529221 ], [ 92.544973875522771, 25.131002215719107 ], [ 92.543976829100728, 25.131063166158938 ], [ 92.543424868257532, 25.131185696425174 ], [ 92.543094824527202, 25.131344712651529 ], [ 92.542553813249029, 25.131651732731179 ], [ 92.541719794881359, 25.132136683977151 ], [ 92.541104778593478, 25.132628703046485 ], [ 92.5399487537223, 25.133267678815741 ], [ 92.539210739207377, 25.133611632454691 ], [ 92.53920826165384, 25.133612395295017 ], [ 92.539206806383078, 25.133613072742747 ], [ 92.538406757807877, 25.133859057593234 ], [ 92.537705720645008, 25.134031039393879 ], [ 92.537286732023432, 25.134116951317193 ], [ 92.536819700602152, 25.134166053460618 ], [ 92.53631470997027, 25.134215939565586 ], [ 92.534850740823103, 25.134202953451812 ], [ 92.533415701021326, 25.134132892823828 ], [ 92.532873679138447, 25.134218945369259 ], [ 92.532322849274237, 25.134365339142239 ], [ 92.531967661699085, 25.134524546410237 ], [ 92.531745657449676, 25.134647510735423 ], [ 92.531475652621353, 25.134782536319459 ], [ 92.531473961093681, 25.134782851862301 ], [ 92.53147172069535, 25.134783972527437 ], [ 92.531139691688239, 25.13484594415403 ], [ 92.530019632666139, 25.134956881761184 ], [ 92.528390616950105, 25.135082805891294 ], [ 92.526876603556772, 25.135168809785483 ], [ 92.525843592184032, 25.13540278792291 ], [ 92.524751189594554, 25.135672124052178 ], [ 92.524297599664905, 25.13592932675347 ], [ 92.524063560685605, 25.136175321576818 ], [ 92.523940554373752, 25.136397351231114 ], [ 92.523854547871807, 25.13663031778065 ], [ 92.52378054196376, 25.136852347420877 ], [ 92.523743536763959, 25.137085314728825 ], [ 92.523731529881857, 25.137331315355809 ], [ 92.523743523289212, 25.137626345487654 ], [ 92.523780510522727, 25.138155315240596 ], [ 92.523731501135785, 25.138499345381593 ], [ 92.523669494923297, 25.13873331307115 ], [ 92.523571490522428, 25.138905310777375 ], [ 92.523423485892849, 25.139077276525494 ], [ 92.523202479671696, 25.139224333758449 ], [ 92.522980475422244, 25.139347299043514 ], [ 92.522722470289537, 25.139470293480816 ], [ 92.522721009628853, 25.139470546393373 ], [ 92.522718519498895, 25.139471733699803 ], [ 92.522435525929879, 25.139520661286692 ], [ 92.522368362489345, 25.139520715772633 ], [ 92.521800501465634, 25.139511661344581 ], [ 92.521604503443697, 25.139425705236505 ], [ 92.521481474673976, 25.139339714099215 ], [ 92.52132146316228, 25.139192658631679 ], [ 92.521198514342615, 25.139044638500536 ], [ 92.521027483197372, 25.138786672234172 ], [ 92.520632509238311, 25.138183710871164 ], [ 92.520521518791696, 25.137864632310926 ], [ 92.520484531558168, 25.137532611071958 ], [ 92.520472531862609, 25.13727470748341 ], [ 92.520521519689979, 25.136942692772756 ], [ 92.520634558295441, 25.136527639365326 ], [ 92.521254556639931, 25.135497732463087 ], [ 92.5221725944361, 25.134351679667009 ], [ 92.522516596189334, 25.133798685964216 ], [ 92.522664662802683, 25.133355663473537 ], [ 92.52266464932795, 25.133085700086763 ], [ 92.52265167406199, 25.132740663319638 ], [ 92.522542720096126, 25.131834714737607 ], [ 92.522542731774223, 25.130863747403932 ], [ 92.522640757734649, 25.129719741274485 ], [ 92.522739780825034, 25.128318685981707 ], [ 92.522851803435913, 25.127044707626272 ], [ 92.522924842756709, 25.126540768970411 ], [ 92.523047806847757, 25.126134684395186 ], [ 92.523183861189139, 25.125790759313649 ], [ 92.523687897810206, 25.124966776859154 ], [ 92.524253851710554, 25.124056765803001 ], [ 92.524745876059669, 25.12318371472886 ], [ 92.525065930524036, 25.122741782648266 ], [ 92.525427959668349, 25.122337814764112 ], [ 92.528025078986261, 25.119212803798192 ], [ 92.528639073889721, 25.118428880700829 ], [ 92.528787036298468, 25.118108824925738 ], [ 92.528824100787105, 25.117678804983907 ], [ 92.528766066026492, 25.116623862072281 ], [ 92.528753119506632, 25.116032879756933 ], [ 92.528815165244978, 25.115614857222564 ], [ 92.528901109763154, 25.115405839725558 ], [ 92.528999180639346, 25.115233879694884 ], [ 92.529073166784457, 25.115135789497959 ], [ 92.530082142833479, 25.114360877835029 ], [ 92.530279208053983, 25.114201871226367 ], [ 92.530439180938089, 25.114053852534653 ], [ 92.530685207036555, 25.113709908092456 ], [ 92.531263182192035, 25.112922878300054 ], [ 92.532214233973221, 25.111671945167618 ], [ 92.532842275832749, 25.110811933313268 ], [ 92.533998294415667, 25.10931189365629 ], [ 92.534613392450296, 25.108451020859665 ], [ 92.534945336117445, 25.107786991681113 ], [ 92.535130357624922, 25.107282943516783 ], [ 92.535378369000142, 25.106622984153748 ], [ 92.535981472729091, 25.105467001617672 ], [ 92.536817444932481, 25.10393000028051 ], [ 92.537260526369963, 25.103020995040474 ], [ 92.537555503464873, 25.102479998961243 ], [ 92.537925576124252, 25.101975982610881 ], [ 92.538259529322701, 25.101463998621245 ], [ 92.538763558757253, 25.10056610349379 ], [ 92.539317649505975, 25.099226123666515 ], [ 92.539305581538471, 25.099042076784233 ], [ 92.539157655062297, 25.099017058628267 ], [ 92.538862604305564, 25.098993027234229 ], [ 92.53848058045962, 25.098980101643431 ], [ 92.538074663223753, 25.098993013404858 ], [ 92.537373645823806, 25.099017013072686 ], [ 92.536217584121729, 25.09909105147328 ], [ 92.53461758039613, 25.099263008176319 ], [ 92.533288600188399, 25.099582970927944 ], [ 92.53200452676171, 25.099968975761865 ], [ 92.531033495550304, 25.100435512633414 ], [ 92.530541485574233, 25.100694502695113 ], [ 92.52991346886752, 25.101161458181128 ], [ 92.529704461443643, 25.101394453677226 ], [ 92.529409451111079, 25.10171444745944 ], [ 92.529261441989917, 25.102046444007918 ], [ 92.528929402203005, 25.103546436947532 ], [ 92.528781392183546, 25.103902465464685 ], [ 92.528572386556291, 25.104062429894849 ], [ 92.528569670050871, 25.104062891939712 ], [ 92.528568455528585, 25.104063821723642 ], [ 92.528421397723321, 25.104088815256961 ], [ 92.527708331220481, 25.104272566580832 ], [ 92.52667835794999, 25.104652390622523 ], [ 92.526677760570323, 25.104652548432867 ], [ 92.526674397277915, 25.104653788952266 ], [ 92.526185411031079, 25.104782785004922 ], [ 92.525570379471816, 25.10483183304644 ], [ 92.524869379139858, 25.104905793089259 ], [ 92.52402036519517, 25.104954715809619 ], [ 92.522765331606664, 25.105163765003994 ], [ 92.521584762965333, 25.105458612508251 ], [ 92.51991527185757, 25.106084251560173 ], [ 92.519115257418363, 25.10640426723576 ], [ 92.519114150693937, 25.106404495 ], [ 92.519111318305818, 25.106405628127057 ], [ 92.518693311542876, 25.106491671729469 ], [ 92.518459281546754, 25.10650364235773 ], [ 92.518127285777297, 25.106491639191731 ], [ 92.517541247343814, 25.106318635988103 ], [ 92.516606287084329, 25.105925632775588 ], [ 92.515327316986784, 25.105396516974437 ], [ 92.514318314886594, 25.105138600865445 ], [ 92.513235307776711, 25.104941559828092 ], [ 92.511894261398069, 25.104831514172435 ], [ 92.511094264925163, 25.104769468754341 ], [ 92.510090282610804, 25.104671442558725 ], [ 92.509339225456273, 25.104683495524181 ], [ 92.508761268267079, 25.104683479255073 ], [ 92.508183210466584, 25.104708379114388 ], [ 92.507629216735921, 25.104769472821619 ], [ 92.507137227421126, 25.104806391451664 ], [ 92.506657242293471, 25.10486844986627 ], [ 92.506205194771098, 25.105002484220606 ], [ 92.505259177148787, 25.10545695307027 ], [ 92.504205157774791, 25.10591689960961 ], [ 92.503553143473582, 25.106297949285274 ], [ 92.502643125836244, 25.106727898634976 ], [ 92.502015110926195, 25.10710888640234 ], [ 92.499604053364862, 25.108731867032628 ], [ 92.498140015945722, 25.109801805959584 ], [ 92.497062990717296, 25.11048678268763 ], [ 92.497060354161945, 25.110487390309789 ], [ 92.497059060587915, 25.110488211860485 ], [ 92.496391217971421, 25.110641783990349 ], [ 92.495705647102767, 25.110610831899709 ], [ 92.494409564099044, 25.10999796148484 ], [ 92.493031071447803, 25.109202234243579 ], [ 92.492218288355147, 25.108548650325485 ], [ 92.490965860779298, 25.108265544019527 ], [ 92.488953292284748, 25.10835568030992 ], [ 92.48811415262162, 25.108875102708666 ], [ 92.488110888143908, 25.108876096716788 ], [ 92.488110171288284, 25.108876540848055 ], [ 92.486623307677789, 25.109329165094309 ], [ 92.485255968509108, 25.109634115833007 ], [ 92.483482129097951, 25.109612238027388 ], [ 92.482514480941887, 25.109583582781386 ], [ 92.481464009014942, 25.109335412192273 ], [ 92.480694876858578, 25.109011562375638 ], [ 92.480000868114459, 25.108136760692997 ], [ 92.479249396836579, 25.105537867728039 ], [ 92.479198454275149, 25.104474175441212 ], [ 92.478863932443119, 25.103266109243599 ], [ 92.477918607421856, 25.101439400714668 ], [ 92.477408965313401, 25.098838458587515 ], [ 92.47731997550639, 25.097995298417658 ], [ 92.477310789334311, 25.097078021273372 ], [ 92.477219963370871, 25.096051385756002 ], [ 92.477210107953894, 25.095060791915508 ], [ 92.47720017079024, 25.094070196562328 ], [ 92.477191401436428, 25.09318966650169 ], [ 92.477264349129058, 25.092418585008847 ], [ 92.477579779964671, 25.09171878279858 ], [ 92.477694796660373, 25.091130774028176 ], [ 92.477765486886724, 25.090139468354266 ], [ 92.477714558698324, 25.089075865892081 ], [ 92.477841873330291, 25.088344701210168 ], [ 92.477983477463454, 25.087752722287412 ], [ 92.477892986571632, 25.086762745477248 ], [ 92.47752556124739, 25.086288789523042 ], [ 92.477159639702933, 25.08596164714816 ], [ 92.476713011716683, 25.085635032727012 ], [ 92.476432128290284, 25.085290040198007 ], [ 92.476386657367243, 25.085234171365133 ], [ 92.476099451597875, 25.084722843847185 ], [ 92.476096823127349, 25.084456843444851 ], [ 92.476334992560311, 25.084097159005353 ], [ 92.476613765844093, 25.083764614202106 ], [ 92.476528797794629, 25.083324968239143 ], [ 92.476082678254897, 25.083035101126455 ], [ 92.475597250234884, 25.082855697514493 ], [ 92.47491109186808, 25.082751244211519 ], [ 92.474266412311167, 25.082756636758649 ], [ 92.473659049669479, 25.082468086336746 ], [ 92.47341433960294, 25.0821765785949 ], [ 92.473369281006583, 25.081699963096973 ], [ 92.473444826627031, 25.081185582790511 ], [ 92.473725016554027, 25.080999858766162 ], [ 92.474233168357458, 25.080393743530284 ], [ 92.474637620441058, 25.079561355548432 ], [ 92.474835764538227, 25.079229431423091 ], [ 92.474831428370337, 25.078789166274476 ], [ 92.474747138548921, 25.078422926853392 ], [ 92.474299874555484, 25.078023076814251 ], [ 92.473117448198153, 25.077418552145538 ], [ 92.472841247689317, 25.077227874675852 ], [ 92.47239474367062, 25.076901246715323 ], [ 92.471902857662059, 25.076061434070173 ], [ 92.471651262907187, 25.075072774394631 ], [ 92.471443972163783, 25.074487414657998 ], [ 92.47111359426016, 25.073682934975267 ], [ 92.47094445766183, 25.072877043991749 ], [ 92.470697944676516, 25.072402056247117 ], [ 92.470517833360375, 25.072134248761799 ], [ 92.470555248191943, 25.070201740855062 ], [ 92.470792283052731, 25.069722789026905 ], [ 92.471230442620751, 25.069205458410284 ], [ 92.47128508983441, 25.069159877060194 ], [ 92.471630038411959, 25.068871999253826 ], [ 92.471824928811145, 25.068209879033468 ], [ 92.471695354017939, 25.067330361533301 ], [ 92.471488409125939, 25.06678165973149 ], [ 92.471162454526791, 25.066417446339489 ], [ 92.470513457666641, 25.06598246657294 ], [ 92.469505101455141, 25.065880723187693 ], [ 92.467771130174611, 25.065748113110573 ], [ 92.467448089710217, 25.065677432268942 ], [ 92.46732393624977, 25.065348153335197 ], [ 92.467275672464481, 25.064541336014734 ], [ 92.467271364144381, 25.064101070139731 ], [ 92.467186772489029, 25.063698166616966 ], [ 92.466859015869417, 25.063150469779089 ], [ 92.466613284418401, 25.062748883006563 ], [ 92.4662078998835, 25.062495338730614 ], [ 92.465881227530403, 25.062057706084587 ], [ 92.465875020171808, 25.061433965828019 ], [ 92.465785387171081, 25.060517387141786 ], [ 92.465816670102541, 25.059599890193898 ], [ 92.465442833502109, 25.058465414748802 ], [ 92.464994596633204, 25.057955471158145 ], [ 92.464589562441276, 25.057738582061639 ], [ 92.464024799706991, 25.057669821159894 ], [ 92.463621915183509, 25.057673151910624 ], [ 92.463138836258011, 25.057713751582217 ], [ 92.462896016246816, 25.057605609996664 ], [ 92.462813260747922, 25.057386178878886 ], [ 92.462770477584186, 25.057129692302741 ], [ 92.463010406816792, 25.056944293113897 ], [ 92.463249261664316, 25.056648737124878 ], [ 92.463568639697272, 25.056352658792434 ], [ 92.463968213928922, 25.056019128033398 ], [ 92.464004964007174, 25.055651873286614 ], [ 92.463759255014054, 25.055250282283659 ], [ 92.462988027986427, 25.054669553489511 ], [ 92.462138759818501, 25.05434622470063 ], [ 92.46185873068994, 25.054348527725377 ], [ 92.461500627183398, 25.054606903227189 ], [ 92.461261069853293, 25.054829010168326 ], [ 92.461183019729859, 25.055086493562957 ], [ 92.461028722401707, 25.055784906063607 ], [ 92.460833055858089, 25.056373579352986 ], [ 92.460433063909846, 25.056670376197566 ], [ 92.460429153543402, 25.05667170753221 ], [ 92.460429103237772, 25.05667174496584 ], [ 92.459987401612551, 25.05682218568775 ], [ 92.459382339556313, 25.056753712347664 ], [ 92.45881577390324, 25.056501457707366 ], [ 92.458569751398059, 25.056063108687937 ], [ 92.458484864196976, 25.055623542311572 ], [ 92.458197801259729, 25.055112180676069 ], [ 92.457911809114307, 25.054710884937069 ], [ 92.457669081629575, 25.054602735005293 ], [ 92.457234073351572, 25.054552390002343 ], [ 92.456781660214929, 25.054499903087038 ], [ 92.456496742454561, 25.054208671383027 ], [ 92.456170536327136, 25.053807676230715 ], [ 92.456208294315161, 25.05355058077118 ], [ 92.456406198562149, 25.053367114630703 ], [ 92.456407921530854, 25.053365495990089 ], [ 92.456526614132713, 25.053144360512725 ], [ 92.456684952083009, 25.052849512317703 ], [ 92.456641363130473, 25.05251961623021 ], [ 92.45659622368575, 25.052003990326615 ], [ 92.456583649068421, 25.050721204417439 ], [ 92.456654697722556, 25.049513212417214 ], [ 92.456644362605218, 25.049484011675283 ], [ 92.456687135887478, 25.04896012895189 ], [ 92.45668319228335, 25.048556521332461 ], [ 92.456270977857358, 25.047605891545611 ], [ 92.45618396883556, 25.046946098745234 ], [ 92.456260218735224, 25.046505224385669 ], [ 92.456621367530587, 25.046355492066308 ], [ 92.456621754704472, 25.046355567753661 ], [ 92.456625308439712, 25.046354093884496 ], [ 92.456988583547371, 25.046424528696889 ], [ 92.45735365708218, 25.046678409782082 ], [ 92.457468365655771, 25.047153583515612 ], [ 92.457927703904943, 25.047701132108958 ], [ 92.458551682684444, 25.048213548459685 ], [ 92.459633937904471, 25.048732985995418 ], [ 92.460627187147807, 25.048724898183032 ], [ 92.461154465880213, 25.04848351116356 ], [ 92.461312462470715, 25.048300254731949 ], [ 92.461632478307536, 25.047929151033038 ], [ 92.461628107105369, 25.047488884074063 ], [ 92.461511761801319, 25.047194571616558 ], [ 92.461338903482783, 25.046757395425853 ], [ 92.461253270680004, 25.04624442201732 ], [ 92.461296095166233, 25.045816333916093 ], [ 92.461326616326303, 25.045510002601553 ], [ 92.461583538989174, 25.045171717124585 ], [ 92.462325472853678, 25.044788326168955 ], [ 92.462345474741781, 25.04477530695992 ], [ 92.462347919956017, 25.044774930959747 ], [ 92.462349425532409, 25.044773951894307 ], [ 92.462650209337326, 25.044727600503439 ], [ 92.463089033658662, 25.044468212089949 ], [ 92.463407719090526, 25.044098725321973 ], [ 92.463421722927507, 25.044036386248163 ], [ 92.463523498455928, 25.043584042262644 ], [ 92.463675196957951, 25.042628786153113 ], [ 92.463706488872575, 25.041711286340572 ], [ 92.463469028210369, 25.04111126799917 ], [ 92.463377730631393, 25.041053424082261 ], [ 92.462889265407483, 25.040543780817146 ], [ 92.462601144254819, 25.039922360532074 ], [ 92.462515179973678, 25.03937263830392 ], [ 92.462471661089765, 25.039042742579749 ], [ 92.462669851899321, 25.038710923551946 ], [ 92.462948887491194, 25.038415151059642 ], [ 92.463188447516217, 25.038193001360881 ], [ 92.463548077260413, 25.037896525224966 ], [ 92.463569480520391, 25.037861660234753 ], [ 92.463706708061508, 25.0376384180929 ], [ 92.463411843255997, 25.037308608861455 ], [ 92.462664006561781, 25.037088308790747 ], [ 92.461916987334433, 25.036943490727761 ], [ 92.460428534604176, 25.037030967597385 ], [ 92.460039917124078, 25.037291455045782 ], [ 92.459324304795686, 25.038113050615742 ], [ 92.458926165173551, 25.038593291475067 ], [ 92.45824891719603, 25.038977862407766 ], [ 92.458246150384937, 25.038978565610162 ], [ 92.458244910709851, 25.038979268812586 ], [ 92.45460780999089, 25.039902867974913 ], [ 92.453546771181252, 25.041168458345481 ], [ 92.453543531856354, 25.041168977599085 ], [ 92.453542761101829, 25.041169896466382 ], [ 92.451704920319912, 25.041464150949338 ], [ 92.45001766143416, 25.041477779288474 ], [ 92.448339735145879, 25.042048880620555 ], [ 92.445151144383658, 25.04542770867242 ], [ 92.444086874333962, 25.046414279980883 ], [ 92.444084536917586, 25.046414121281636 ], [ 92.444082894797248, 25.046415643166771 ], [ 92.442240801390781, 25.046290729701131 ], [ 92.439922392474585, 25.04449301758142 ], [ 92.439294059560922, 25.042961147195534 ], [ 92.439735291367228, 25.041001549121297 ], [ 92.438940123338966, 25.038073899701971 ], [ 92.438774598866388, 25.03681780172835 ], [ 92.437383416613443, 25.035711192216066 ], [ 92.435846936354864, 25.035443980100993 ], [ 92.43369693101171, 25.035181728227265 ], [ 92.43276995677509, 25.034490459358391 ], [ 92.431218764807113, 25.032686509652315 ], [ 92.429375578150939, 25.032421668453768 ], [ 92.427364371502378, 25.030621329928383 ], [ 92.427362900960233, 25.030621324230765 ], [ 92.424450326552218, 25.030644366257714 ], [ 92.422012036563046, 25.032059404091093 ], [ 92.422010111473398, 25.03205965396991 ], [ 92.422008060619589, 25.03206084394666 ], [ 92.419710110834004, 25.032358330443557 ], [ 92.415095662848856, 25.03099737210886 ], [ 92.410957900479318, 25.031309175178979 ], [ 92.408381484633765, 25.032400261956649 ], [ 92.408380574640375, 25.032400389744502 ], [ 92.408377521266701, 25.032401682273786 ], [ 92.401736394948855, 25.03333270190365 ], [ 92.399500821481652, 25.033466071445371 ], [ 92.396224653064053, 25.035163410212881 ], [ 92.393864715930604, 25.03649672515299 ], [ 92.390319951243029, 25.037837104896848 ], [ 92.390319170607057, 25.037837257096008 ], [ 92.390315963621489, 25.037838469805884 ], [ 92.386503565657989, 25.038580843776035 ], [ 92.383214771419048, 25.03884021534186 ], [ 92.379936514418432, 25.04017740021354 ], [ 92.374296217328265, 25.043088741666946 ], [ 92.369570444723223, 25.045035174082322 ], [ 92.367083441791138, 25.047088330827769 ], [ 92.364328005184163, 25.048423493731693 ], [ 92.364327198497037, 25.048423314689312 ], [ 92.364324030139045, 25.048424848756966 ], [ 92.361159352529654, 25.047723727388107 ], [ 92.358524623445732, 25.047499202690073 ], [ 92.353521028872748, 25.047408079978673 ], [ 92.347334218323297, 25.047563409381638 ], [ 92.342730460290042, 25.048189214114963 ], [ 92.339843509427169, 25.049043856910998 ], [ 92.338928723532305, 25.050008106194269 ], [ 92.339604149726469, 25.052522599627562 ], [ 92.341861170471063, 25.055267974753122 ], [ 92.344514924076066, 25.058250894607308 ], [ 92.346919490411167, 25.063273811024381 ], [ 92.346692419663526, 25.068551546923807 ], [ 92.34658238232943, 25.068963324889793 ], [ 92.34672210000052, 25.072868463877217 ], [ 92.346647616188704, 25.073991829683283 ], [ 92.345155117446453, 25.074796096600405 ], [ 92.345153043236465, 25.074796452167117 ], [ 92.34515113072321, 25.07479748225288 ], [ 92.339363738996852, 25.075789650157127 ], [ 92.333974475214504, 25.077259105340652 ], [ 92.330293010296927, 25.078119142353799 ], [ 92.325420592213305, 25.078146283479025 ], [ 92.322913769751125, 25.077440737567624 ], [ 92.320535462070112, 25.076254686912794 ], [ 92.318021522255904, 25.074469730659558 ], [ 92.316824077863672, 25.073669874898034 ], [ 92.312609946118556, 25.072580784372533 ], [ 92.30997479752142, 25.072355299519771 ], [ 92.308528702153424, 25.072722992398955 ], [ 92.306950082823207, 25.072971414634075 ], [ 92.304316526040736, 25.072985730272226 ], [ 92.300497830887053, 25.073006337985966 ], [ 92.288005124622515, 25.07571135367191 ], [ 92.267896100730553, 25.081812476076717 ], [ 92.254102484814283, 25.086918791371168 ], [ 92.245107956606645, 25.090985533331839 ], [ 92.237549890233851, 25.093837456392826 ], [ 92.228738117084248, 25.097738980687133 ], [ 92.226722580556014, 25.09863127856903 ], [ 92.222335257217395, 25.101597874011713 ], [ 92.220743269159072, 25.102674270037202 ], [ 92.214046847942228, 25.106304280322888 ], [ 92.207610024571068, 25.109333151686414 ], [ 92.203667373586313, 25.11091088187769 ], [ 92.201434961290587, 25.112120667731975 ], [ 92.200125253538957, 25.113445987943756 ], [ 92.199606550124244, 25.114887488650716 ], [ 92.199747149940904, 25.116445799361916 ], [ 92.200677443452506, 25.117880457619638 ], [ 92.201605018662079, 25.11883543904835 ], [ 92.202361184535647, 25.119431464452486 ], [ 92.202398821251094, 25.119431286327316 ], [ 92.205691382126005, 25.119295731359188 ], [ 92.208059754439986, 25.11880475825507 ], [ 92.210691368166479, 25.11843252701016 ], [ 92.212133789424939, 25.117827292665709 ], [ 92.212134399381, 25.117827289412254 ], [ 92.212137802199308, 25.117825861951935 ], [ 92.214377180930043, 25.117815089709683 ], [ 92.216355201117096, 25.118165310728358 ], [ 92.216757380463036, 25.11936257390763 ], [ 92.216542256410392, 25.119679638945033 ], [ 92.215313239829143, 25.120208992240073 ], [ 92.210980695756561, 25.122748165700997 ], [ 92.210977124953303, 25.122749304369904 ], [ 92.210976692863667, 25.122749556503734 ], [ 92.202955418299453, 25.125306139106943 ], [ 92.198083204133425, 25.125688940406395 ], [ 92.195188831389657, 25.126062045003998 ], [ 92.193352082959152, 25.127028888003785 ], [ 92.192434647932501, 25.127872623014795 ], [ 92.191123330399904, 25.128958031575049 ], [ 92.190072776726254, 25.129562529248776 ], [ 92.19007138343926, 25.129562445479952 ], [ 92.190068821444058, 25.129563919160624 ], [ 92.188223753715704, 25.129452614740622 ], [ 92.185971409600441, 25.127184485625829 ], [ 92.185292042497181, 25.12347012357607 ], [ 92.183953963253927, 25.119758723087706 ], [ 92.183290650841386, 25.118922370225384 ], [ 92.181973263392408, 25.118808523303922 ], [ 92.180530962508186, 25.119413344483686 ], [ 92.178700651405009, 25.121940079798019 ], [ 92.176470437286781, 25.123629169365923 ], [ 92.173450401014563, 25.125441739459678 ], [ 92.169901361244598, 25.126896875284697 ], [ 92.169900181756603, 25.126897085117989 ], [ 92.169897377216301, 25.126898234321221 ], [ 92.167136463581059, 25.127389873532824 ], [ 92.165432657727763, 25.128835742249162 ], [ 92.164016675684735, 25.129514064500441 ], [ 92.164014292454311, 25.129514688293789 ], [ 92.164012662910366, 25.129515468238797 ], [ 92.162104569381682, 25.130014620631144 ], [ 92.160564139230758, 25.130417478210653 ], [ 92.156885571379988, 25.131871900892438 ], [ 92.156882895298736, 25.131872784108189 ], [ 92.156881586453366, 25.131873301350574 ], [ 92.153202854210889, 25.133087524242644 ], [ 92.150706331831728, 25.134297587447019 ], [ 92.146631040103685, 25.135994324703233 ], [ 92.146629531832318, 25.135994632110499 ], [ 92.14662702553268, 25.135995675506056 ], [ 92.142415558190734, 25.136853437163868 ], [ 92.138733606386239, 25.137828266094797 ], [ 92.136369608867696, 25.138916861858135 ], [ 92.134663662329089, 25.140243315354702 ], [ 92.133224280071246, 25.142168219131236 ], [ 92.133237270608561, 25.144686517744436 ], [ 92.13417196496674, 25.147080951576054 ], [ 92.135636231456289, 25.149952792353982 ], [ 92.136041465972525, 25.151869797034507 ], [ 92.135656110275178, 25.153790194056263 ], [ 92.133958009622262, 25.156675585144882 ], [ 92.131596640574244, 25.158724338247975 ], [ 92.128576320434391, 25.160775850691891 ], [ 92.124501073622127, 25.162711834714369 ], [ 92.117273265677042, 25.166699548801493 ], [ 92.107939992657208, 25.171415102809593 ], [ 92.101104160094778, 25.174920742310242 ], [ 92.095841883957618, 25.176860762559677 ], [ 92.09584165937882, 25.176860778819169 ], [ 92.095837934963654, 25.176862151119902 ], [ 92.09462241377291, 25.176952136780066 ], [ 92.093467989699619, 25.177351342014987 ], [ 92.087285177551479, 25.179174028292319 ], [ 92.084130670667776, 25.180744933690708 ], [ 92.081239112345784, 25.182435221486521 ], [ 92.077293641549332, 25.18424948949195 ], [ 92.074267857855943, 25.185460479274703 ], [ 92.074267071830079, 25.1854605459339 ], [ 92.074263879217554, 25.185461822213576 ], [ 92.069784262068325, 25.185838915127249 ], [ 92.065437574021587, 25.186455236874878 ], [ 92.062439334471435, 25.186893187483701 ], [ 92.060166697413905, 25.186742801952199 ], [ 92.057790897829193, 25.186004528455811 ], [ 92.052772128914441, 25.183744854632948 ], [ 92.048153203725889, 25.182442863908811 ], [ 92.043278688076114, 25.182580746911547 ], [ 92.040782835840147, 25.183907712545327 ], [ 92.040781094905114, 25.183907890576407 ], [ 92.040778831150632, 25.183909093708923 ], [ 92.035904318195762, 25.184406555459173 ], [ 92.031816485088044, 25.183941543325808 ], [ 92.028655352230771, 25.184432632433623 ], [ 92.02354157479661, 25.186174184171897 ], [ 92.021810407158085, 25.186495527957696 ], [ 92.018121407171876, 25.186868330397271 ], [ 92.015637422579147, 25.186876922830422 ], [ 92.012806959578, 25.185983154522571 ], [ 92.012357049147695, 25.186061913623245 ], [ 92.010231503133156, 25.185904357164024 ], [ 92.008577982274517, 25.18582161061547 ], [ 92.00723894991873, 25.185812631160545 ], [ 92.004957047637376, 25.185510599662305 ], [ 92.00299139006529, 25.185067312956896 ], [ 92.001577691539723, 25.184556048846055 ], [ 92.000320950253879, 25.184117510220162 ], [ 91.998832023213154, 25.183175658686586 ], [ 91.99710682757464, 25.182232191880555 ], [ 91.992252346152284, 25.178687107186636 ], [ 91.990764728855254, 25.177601834413156 ], [ 91.989986571325232, 25.176449717145811 ], [ 91.988497818557704, 25.175507766515327 ], [ 91.987245364930672, 25.17456741913832 ], [ 91.986071690859177, 25.173627601084686 ], [ 91.984431426439158, 25.171967817118901 ], [ 91.984273504408861, 25.171720366803644 ], [ 91.981813758159106, 25.171281064915313 ], [ 91.979494814745351, 25.171288542995658 ], [ 91.979487181760391, 25.171364906706177 ], [ 91.979118745831443, 25.1713413976771 ], [ 91.97842937598746, 25.17136650671188 ], [ 91.978184531173611, 25.171400713332513 ], [ 91.975717105226536, 25.172204866153969 ], [ 91.975072983523404, 25.17244829924714 ], [ 91.974151649808462, 25.17274056400721 ], [ 91.973361074866247, 25.173093458332307 ], [ 91.972372347742066, 25.173594296701591 ], [ 91.971877856619187, 25.173859645350987 ], [ 91.971448995512645, 25.174125448698671 ], [ 91.971051945546947, 25.174510930164089 ], [ 91.970655895406168, 25.174776957289406 ], [ 91.970161395300138, 25.175042300112523 ], [ 91.96986479584784, 25.175189559520515 ], [ 91.969854987143279, 25.175196392663633 ], [ 91.969665599823472, 25.175176916782057 ], [ 91.967836101695625, 25.175946938542236 ], [ 91.967834712900185, 25.175947246661803 ], [ 91.967832084429674, 25.175948353128227 ], [ 91.962116296516299, 25.177215553815298 ], [ 91.955256630751038, 25.178590199616075 ], [ 91.945415682034934, 25.178203691268489 ], [ 91.940038277810999, 25.178219800177143 ], [ 91.936380028055268, 25.179063493466554 ], [ 91.933177543050547, 25.179385221835364 ], [ 91.931627486553083, 25.179480746747082 ], [ 91.929631459636141, 25.179603731617377 ], [ 91.924713489781098, 25.180138465310975 ], [ 91.921511659648246, 25.180668218971807 ], [ 91.918651675311864, 25.180780418886016 ], [ 91.916134179965781, 25.180683365836192 ], [ 91.913960344114798, 25.180689454823124 ], [ 91.910183198737968, 25.180283591880666 ], [ 91.906975119923956, 25.178939045535152 ], [ 91.904229188391028, 25.178946544282667 ], [ 91.901893045832821, 25.178606024749648 ], [ 91.898623312945915, 25.179065894949428 ], [ 91.896677640193957, 25.178862896313312 ], [ 91.894270951139831, 25.177620018912002 ], [ 91.892208506384108, 25.176688528126277 ], [ 91.889462352068975, 25.176591658802455 ], [ 91.886945267252969, 25.176598297565679 ], [ 91.88522908171673, 25.176602712838928 ], [ 91.88362600844782, 25.17619050968597 ], [ 91.881679140936512, 25.175570849132697 ], [ 91.879276470945015, 25.175577048127725 ], [ 91.877904539588599, 25.175892831428165 ], [ 91.876073977855427, 25.175897538587073 ], [ 91.87321153033858, 25.175176016806976 ], [ 91.87092078953313, 25.174348934473038 ], [ 91.866916822242018, 25.17446295967703 ], [ 91.864168511071881, 25.173636965171518 ], [ 91.860732297006635, 25.172291939003834 ], [ 91.856040652297551, 25.171990962613123 ], [ 91.851582684546656, 25.172938316791299 ], [ 91.845757135081996, 25.1752413198586 ], [ 91.845755149805214, 25.175241941792237 ], [ 91.845753144765496, 25.175242734452773 ], [ 91.840723464913296, 25.176815974167297 ], [ 91.837749091803602, 25.176926888251273 ], [ 91.834773756598224, 25.176725460785658 ], [ 91.832940119033566, 25.175584427573625 ], [ 91.831334656245986, 25.174234554697893 ], [ 91.829159491786683, 25.173718936265942 ], [ 91.827327898787587, 25.173306487591812 ], [ 91.825382933009763, 25.173310834692451 ], [ 91.823552435955321, 25.173314802122849 ], [ 91.823097678215746, 25.173094394094726 ], [ 91.822874681327946, 25.173011155926307 ], [ 91.822456315238895, 25.172835812827973 ], [ 91.821933312487204, 25.172621409584547 ], [ 91.821452498214526, 25.172388228007467 ], [ 91.821076320604462, 25.172194104400699 ], [ 91.820783964793563, 25.172019759312374 ], [ 91.820324154928883, 25.171786741625201 ], [ 91.819989247719604, 25.171669394402326 ], [ 91.819870556914367, 25.171608143915236 ], [ 91.819688536678242, 25.17154981454161 ], [ 91.819402884994304, 25.171492703842343 ], [ 91.8189629755081, 25.171374517309154 ], [ 91.8186074384883, 25.171218776829853 ], [ 91.8181677158517, 25.171081476911962 ], [ 91.817748994928095, 25.170944343507287 ], [ 91.81712100696744, 25.170729084897445 ], [ 91.816743735209386, 25.170649619133449 ], [ 91.81646745654713, 25.170623442461078 ], [ 91.816387650217251, 25.170551207596752 ], [ 91.816371670984992, 25.170546474214898 ], [ 91.813361595232649, 25.170005282087434 ], [ 91.813192066968881, 25.169968931140652 ], [ 91.812991312367501, 25.169931511874012 ], [ 91.812912423217568, 25.169908969250191 ], [ 91.81219901086331, 25.169755993611897 ], [ 91.812006148860036, 25.169732480207482 ], [ 91.811642444357673, 25.169636647651092 ], [ 91.811404937881406, 25.169585718281837 ], [ 91.810936987483601, 25.169532767715552 ], [ 91.81041365055863, 25.169356547239353 ], [ 91.809639240799953, 25.169082743072604 ], [ 91.80940298927014, 25.169012752875304 ], [ 91.809382551699102, 25.168972303976737 ], [ 91.808438731355949, 25.168662209400967 ], [ 91.80317464601184, 25.168048461171452 ], [ 91.799284701879714, 25.167952228904909 ], [ 91.796575807885944, 25.167368521286615 ], [ 91.793562542216023, 25.167130847377894 ], [ 91.78600981542931, 25.166208662242418 ], [ 91.781318336908512, 25.165801148568708 ], [ 91.776284033427558, 25.165498354436572 ], [ 91.771707985725868, 25.165506767066091 ], [ 91.767246319610962, 25.165514908136345 ], [ 91.762327506237867, 25.165731965471178 ], [ 91.759930782195227, 25.166567704191674 ], [ 91.757989089878251, 25.168028564622819 ], [ 91.754788826407236, 25.169491627919491 ], [ 91.75478698575921, 25.16949204174847 ], [ 91.754784858548618, 25.169493013311556 ], [ 91.749638938495281, 25.170646971953996 ], [ 91.747694957270966, 25.170546218114687 ], [ 91.747693894563994, 25.170546118113673 ], [ 91.746778198675784, 25.170339397114645 ], [ 91.745747312716972, 25.169716514082118 ], [ 91.745745202574355, 25.168675426813493 ], [ 91.745399471564227, 25.16742667948364 ], [ 91.747563476252736, 25.162634071984154 ], [ 91.748699225249624, 25.158571923438796 ], [ 91.748787432623971, 25.156112135114704 ], [ 91.74670669906736, 25.155715042745285 ], [ 91.745228585047727, 25.153886071589131 ], [ 91.743756714319332, 25.151451656457123 ], [ 91.743828278606429, 25.149083534398223 ], [ 91.741587890169285, 25.149005699554628 ], [ 91.736901464672002, 25.149949952821018 ], [ 91.734618157425558, 25.150993567802743 ], [ 91.734616262878603, 25.150993975189319 ], [ 91.734614185973655, 25.15099492494479 ], [ 91.729240084855022, 25.152148589420044 ], [ 91.726037050081359, 25.152049390472243 ], [ 91.721921284758167, 25.152471915875427 ], [ 91.71860947568166, 25.154141328321305 ], [ 91.71632515513555, 25.156122753553131 ], [ 91.714153883076392, 25.157375217047338 ], [ 91.714152479009627, 25.157375078006513 ], [ 91.714149887370041, 25.157376570865985 ], [ 91.712090441190682, 25.157171349677203 ], [ 91.710373492086447, 25.156549118991109 ], [ 91.706428719281007, 25.155324428820585 ], [ 91.706426236337563, 25.155325357401296 ], [ 91.706425399107701, 25.155323396973902 ], [ 91.706367658994495, 25.155305470160762 ], [ 91.701439545363257, 25.149690332060196 ], [ 91.695028716541529, 25.141899433234986 ], [ 91.694969354969231, 25.141859138801223 ], [ 91.694455872562941, 25.141548534546807 ], [ 91.693437439948909, 25.140456202745373 ], [ 91.693412006846572, 25.14045966461018 ], [ 91.693408521383276, 25.140428350059178 ], [ 91.693393833928397, 25.14041751881869 ], [ 91.693268027567797, 25.140341495177584 ], [ 91.693232403976893, 25.140298482454824 ], [ 91.693126170109721, 25.140220145945928 ], [ 91.693053546708867, 25.140182577680694 ], [ 91.693006671719033, 25.140154157305197 ], [ 91.692994690888099, 25.140131237537791 ], [ 91.692799540875754, 25.13997929231742 ], [ 91.691986588899852, 25.139379819070079 ], [ 91.691650947766973, 25.139144648232044 ], [ 91.691299499878369, 25.13887636069342 ], [ 91.69125905502932, 25.138843323319914 ], [ 91.691055441988709, 25.138693175358814 ], [ 91.691053342625906, 25.13869215394346 ], [ 91.691052096662588, 25.138690707209474 ], [ 91.690736141210877, 25.138457713688222 ], [ 91.690666697846154, 25.138412074380117 ], [ 91.690416006796426, 25.138221635947026 ], [ 91.690403210295216, 25.138212200016845 ], [ 91.690276120242089, 25.13812193855399 ], [ 91.690273684011032, 25.138116682631786 ], [ 91.68975369690375, 25.137733223338746 ], [ 91.689692218002364, 25.137722839951785 ], [ 91.684834298727424, 25.136906492183147 ], [ 91.681289414563935, 25.137119149552465 ], [ 91.678892474925618, 25.138057655755354 ], [ 91.677358778546079, 25.138602680854682 ], [ 91.67122389780657, 25.142705807038791 ], [ 91.660212225984651, 25.141651008690399 ], [ 91.644980892388716, 25.142468062312361 ], [ 91.638613718994847, 25.148621079929178 ], [ 91.631185429536217, 25.155719589686267 ], [ 91.620703365778226, 25.154188923820232 ], [ 91.616017659831471, 25.146281079572912 ], [ 91.613701670976681, 25.145931597029506 ], [ 91.610955092656738, 25.144372022246628 ], [ 91.607751498232602, 25.143333316031224 ], [ 91.605807255598577, 25.14323063674734 ], [ 91.603409708699147, 25.144167890007534 ], [ 91.60146643265233, 25.145626767788631 ], [ 91.600552395054109, 25.146876705143836 ], [ 91.600668143876774, 25.148542379585066 ], [ 91.600898369507703, 25.150312085438465 ], [ 91.600785521345088, 25.152186133673936 ], [ 91.599414458659524, 25.154165141522462 ], [ 91.598043517246552, 25.156352352766213 ], [ 91.597701666060132, 25.158018330434707 ], [ 91.597931699451564, 25.159579819645355 ], [ 91.598847704360267, 25.160620305638567 ], [ 91.600336475992435, 25.162597383042357 ], [ 91.601024837926659, 25.164991430440853 ], [ 91.601026380333977, 25.166865397901482 ], [ 91.599997777892625, 25.168115406301805 ], [ 91.598511702104645, 25.16957393188844 ], [ 91.595995934218863, 25.171033114016041 ], [ 91.595993163814498, 25.171033780686916 ], [ 91.59599193042763, 25.171034494512533 ], [ 91.593818638057385, 25.171556401546791 ], [ 91.586268073515555, 25.171977447186489 ], [ 91.585399088225472, 25.171664449681504 ], [ 91.582371782785955, 25.173304799807784 ], [ 91.580700084517545, 25.172377435376202 ], [ 91.57993690100497, 25.1729203706162 ], [ 91.574397625756731, 25.172471378796835 ], [ 91.571214794093777, 25.174408412889289 ], [ 91.569187234513763, 25.177113368069111 ], [ 91.567686851258244, 25.17740157955382 ], [ 91.5650655735474, 25.17719933177084 ], [ 91.564818544030786, 25.174680536842345 ], [ 91.557457637201608, 25.175564539571663 ], [ 91.554067840883718, 25.175377119200448 ], [ 91.552096081954204, 25.17361713376155 ], [ 91.549615758894603, 25.172381942671826 ], [ 91.548399203742989, 25.170470732762727 ], [ 91.549690381945254, 25.166410667271709 ], [ 91.553398772066842, 25.163580230481955 ], [ 91.552924587360991, 25.159275505035147 ], [ 91.547709459301515, 25.15635771360763 ], [ 91.540925626617607, 25.152946510476262 ], [ 91.537440469640728, 25.146647249923266 ], [ 91.528143043892342, 25.144931457296877 ], [ 91.51933546407848, 25.143787582146786 ], [ 91.511786442842293, 25.145037735939955 ], [ 91.508926892392196, 25.144933778946317 ], [ 91.505952878608639, 25.144101117956513 ], [ 91.504809014231512, 25.142851778343676 ], [ 91.505037751353967, 25.141290140942438 ], [ 91.504808871399376, 25.139103813720212 ], [ 91.503093209580939, 25.137021716132409 ], [ 91.50046255435683, 25.135564226208587 ], [ 91.495430220881303, 25.134314766708631 ], [ 91.490512206110481, 25.133793977180847 ], [ 91.484336120547184, 25.133897561427332 ], [ 91.479418095894928, 25.134209331839411 ], [ 91.472653696465557, 25.133808367840366 ], [ 91.469810927443319, 25.134103553683712 ], [ 91.467525558563281, 25.134207093751641 ], [ 91.466612266566756, 25.134830282500026 ], [ 91.466268918787051, 25.135663083163987 ], [ 91.467984275178281, 25.1366004530725 ], [ 91.469699578568907, 25.137850132342777 ], [ 91.469698908425698, 25.140556986315818 ], [ 91.469469815570363, 25.141910366808126 ], [ 91.468668574930774, 25.144200613674418 ], [ 91.468667991025853, 25.146491026558287 ], [ 91.467408941069706, 25.149614044226379 ], [ 91.465807096696096, 25.151175327123692 ], [ 91.465803871744257, 25.151175885754736 ], [ 91.465803075836902, 25.151176661495651 ], [ 91.463400818172104, 25.151592540852011 ], [ 91.460198303522972, 25.150654770522642 ], [ 91.456766894546163, 25.150029136896773 ], [ 91.455279854865879, 25.150028706738723 ], [ 91.453335255600678, 25.150028087929101 ], [ 91.450590247535843, 25.149402529966707 ], [ 91.44750215130442, 25.148672675900251 ], [ 91.443269987676643, 25.14846296360615 ], [ 91.440870628875274, 25.148773931639219 ], [ 91.439832534834636, 25.149717926489142 ], [ 91.439269975667713, 25.152733741633096 ], [ 91.436230814263126, 25.156428296507094 ], [ 91.432739219958904, 25.158541346948027 ], [ 91.428127146221044, 25.158241638389679 ], [ 91.427597216560201, 25.158553338494912 ], [ 91.425193467692054, 25.160946660320874 ], [ 91.423705010470215, 25.163028089578887 ], [ 91.42004091897023, 25.168127513171072 ], [ 91.420037946444964, 25.168127512358019 ], [ 91.420036956501491, 25.168128888822242 ], [ 91.420006729988842, 25.168128890448305 ], [ 91.419926379279929, 25.16833566966816 ], [ 91.41775124087178, 25.170520772322092 ], [ 91.415576740267468, 25.171664749681852 ], [ 91.415575448490117, 25.171664670819975 ], [ 91.415572768815608, 25.171666080577619 ], [ 91.413856711738461, 25.171561038954302 ], [ 91.412141507162531, 25.170310665872954 ], [ 91.412028189181001, 25.168853062942418 ], [ 91.411800630648202, 25.16708307968603 ], [ 91.409971187317552, 25.165728551480132 ], [ 91.40860040490638, 25.165623768982698 ], [ 91.407343304294429, 25.16655846639663 ], [ 91.407339775711975, 25.166559478635229 ], [ 91.407339357995383, 25.166559788404641 ], [ 91.405165205937422, 25.167183147743067 ], [ 91.40138990480186, 25.16718060130518 ], [ 91.397729054423422, 25.16717811584515 ], [ 91.394639859552413, 25.167488290620565 ], [ 91.391324011650426, 25.16831819437375 ], [ 91.388807331974604, 25.169668975862439 ], [ 91.386288875431177, 25.171332809839665 ], [ 91.38628610412853, 25.171333377321506 ], [ 91.386284894996137, 25.171334175698544 ], [ 91.384155373038141, 25.171770046500409 ], [ 91.382737608737585, 25.172060198256915 ], [ 91.379076558034839, 25.172057241352615 ], [ 91.374957811203231, 25.172157941097854 ], [ 91.370038379789236, 25.172465956875385 ], [ 91.366150478426064, 25.173918690680178 ], [ 91.366147241796099, 25.173919771149183 ], [ 91.366146480923049, 25.173920055697089 ], [ 91.36180129485949, 25.175372218531187 ], [ 91.359283073674646, 25.176410936505334 ], [ 91.359282283157199, 25.176411025119886 ], [ 91.35927910042615, 25.17641233726534 ], [ 91.356532896703669, 25.17672198450332 ], [ 91.353786861864492, 25.176823428331819 ], [ 91.349440334616204, 25.175882090324968 ], [ 91.345437975309423, 25.174316314012746 ], [ 91.342120478998851, 25.174000440450936 ], [ 91.336514062767947, 25.174306696324781 ], [ 91.331023622633481, 25.17617324445305 ], [ 91.328848085373352, 25.17752405922889 ], [ 91.327358377696655, 25.179188071344289 ], [ 91.325982602449145, 25.181164529814506 ], [ 91.323921323706614, 25.182411396734061 ], [ 91.323919012341392, 25.182411725160733 ], [ 91.323917306440663, 25.182412757591159 ], [ 91.321742953160083, 25.182722449741192 ], [ 91.318768015010079, 25.183239251920956 ], [ 91.316481734340016, 25.184068096505346 ], [ 91.316481550185415, 25.184068107886326 ], [ 91.316477713480808, 25.18406949880319 ], [ 91.31315928202406, 25.184273517116321 ], [ 91.31018438789151, 25.184269712627597 ], [ 91.306408284560419, 25.184473042059185 ], [ 91.304462455501579, 25.184991048878118 ], [ 91.291439129670067, 25.18965605378617 ], [ 91.289613330804542, 25.191062130680734 ], [ 91.289349366248203, 25.192881186441841 ], [ 91.287514386600463, 25.195273058049942 ], [ 91.284994392141257, 25.196726936739982 ], [ 91.280413264466645, 25.198906484293836 ], [ 91.276862070536581, 25.200983336984084 ], [ 91.271708263275045, 25.203265853318644 ], [ 91.269632615979575, 25.204771222621101 ], [ 91.26724069522875, 25.205653379820411 ], [ 91.26724057126124, 25.20565334812191 ], [ 91.2672366959291, 25.205654776993057 ], [ 91.265177807603564, 25.205130931224339 ], [ 91.262891667969015, 25.2037738754975 ], [ 91.260651299294807, 25.203201170010438 ], [ 91.253746582119746, 25.19886585511593 ], [ 91.251574900428835, 25.197612882329512 ], [ 91.249726992227551, 25.197329528216034 ], [ 91.248143045887645, 25.197086559376455 ], [ 91.24797293012567, 25.197104310975206 ], [ 91.242079808487006, 25.19634737803538 ], [ 91.237732119717023, 25.196027368108926 ], [ 91.234184800220788, 25.196021066109942 ], [ 91.230179569000072, 25.196742315706199 ], [ 91.227776811871991, 25.197777874901178 ], [ 91.22777304074441, 25.197779136420792 ], [ 91.22777285838643, 25.197779214452925 ], [ 91.224680864364998, 25.198814620959563 ], [ 91.221932834367578, 25.199538178683945 ], [ 91.216780709650564, 25.200673639238985 ], [ 91.211630442649565, 25.20097600134287 ], [ 91.204421580173801, 25.200753508086866 ], [ 91.190121642322325, 25.199058521101378 ], [ 91.184289306983999, 25.197588691517726 ], [ 91.180171716284178, 25.196851096638852 ], [ 91.174796254217867, 25.195798292308925 ], [ 91.166215525962699, 25.195258608800415 ], [ 91.162093775164792, 25.196082150698537 ], [ 91.159804043167426, 25.196493332279847 ], [ 91.157403083568227, 25.195759042310382 ], [ 91.155001213077313, 25.195337003436787 ], [ 91.151797182970284, 25.195329486189614 ], [ 91.148364323214295, 25.195321381250565 ], [ 91.146762044954428, 25.195421714684322 ], [ 91.141272557932439, 25.194367360070967 ], [ 91.135640014201527, 25.193328151376658 ], [ 91.128526933694602, 25.193396718916848 ], [ 91.122361672830479, 25.196061893758621 ], [ 91.11588400486005, 25.195240192832749 ], [ 91.102814745473083, 25.197392363000041 ], [ 91.094230035884593, 25.198097807072649 ], [ 91.08736069256878, 25.19911981956519 ], [ 91.082898194613918, 25.199003266785638 ], [ 91.077522010302161, 25.198363304756246 ], [ 91.075119306174628, 25.198252345972843 ], [ 91.073062123749821, 25.197517663442984 ], [ 91.071123730046608, 25.195533983922203 ], [ 91.068612882233609, 25.193652832599788 ], [ 91.065297853595126, 25.192706114981057 ], [ 91.062322774409637, 25.192697307548851 ], [ 91.057975381185415, 25.192476190800551 ], [ 91.05488621236556, 25.192362844128589 ], [ 91.052142304736932, 25.191729950107231 ], [ 91.049972851766228, 25.190474047430953 ], [ 91.047343735356193, 25.189737251616492 ], [ 91.045172440839167, 25.189001858463978 ], [ 91.04197096913407, 25.188367336629771 ], [ 91.040142113301627, 25.187841107038921 ], [ 91.038426641027769, 25.187627561791949 ], [ 91.038222783645367, 25.187489021984 ], [ 91.033626060319094, 25.186259161923555 ], [ 91.028477174926991, 25.186242785003856 ], [ 91.026074360306723, 25.186235107051779 ], [ 91.023214313088289, 25.186121816353953 ], [ 91.01886964086107, 25.185274941395054 ], [ 91.016469661323796, 25.184538330374206 ], [ 91.013381256970277, 25.18431998145731 ], [ 91.011663289176511, 25.184730755636931 ], [ 91.009377045337402, 25.184202697515143 ], [ 91.008235742955449, 25.183470164173901 ], [ 91.003890442805826, 25.182830976551664 ], [ 90.995323308755857, 25.179366483162767 ], [ 90.984694755826183, 25.176519037245733 ], [ 90.977492634308334, 25.175140405593115 ], [ 90.976434322783888, 25.175274133561757 ], [ 90.97325735981471, 25.174657180481596 ], [ 90.973206481931967, 25.174659293440175 ], [ 90.973208515717758, 25.174655215487004 ] ] ] } }
]
}
